[
  {
    "name": "Filter_Option14_Text",
    "type": "text_replacement",
    "value": "PPMG"
  },
  {
    "name": "Filter_Option14",
    "type": "text_replacement",
    "value": "\"AFPO\".\"PPMG\""
  },
  {
    "name": "Filter_Option13_Text",
    "type": "text_replacement",
    "value": "Production Step"
  },
  {
    "name": "Filter_Option13",
    "type": "text_replacement",
    "value": "\"AFPO\".\"PROD_STEP\""
  },
  {
    "linkedEntries": null,
    "name": "Filter_Option12_Text",
    "type": "text_replacement",
    "value": "Material Last 3 Digits"
  },
  {
    "linkedEntries": null,
    "name": "Filter_Option12",
    "type": "text_replacement",
    "value": "RIGHT(\"AFPO\".\"MATNR\", 3)"
  },
  {
    "linkedEntries": null,
    "name": "Filter_Option11_Text",
    "type": "text_replacement",
    "value": "Work Center"
  },
  {
    "linkedEntries": null,
    "name": "Filter_Option11",
    "type": "text_replacement",
    "value": "\"_CEL_PP_ACTIVITIES\".\"WORK_CENTRE\" || ' -' ||\"_CEL_PP_ACTIVITIES\".\"WORK_CENTRE_TEXT\""
  },
  {
    "linkedEntries": null,
    "name": "Dropdown_ProcessDimension_Text",
    "type": "text_replacement",
    "value": "Status & Milestones"
  },
  {
    "linkedEntries": null,
    "name": "Dropdown_ProcessDimension",
    "type": "text_replacement",
    "value": "CASE\nWHEN \"_CEL_PP_ACTIVITIES\".\"PROCESS\" LIKE '%GENERAL%' THEN \"_CEL_PP_ACTIVITIES\".\"ACTIVITY_EN\"\nELSE NULL\nEND"
  },
  {
    "linkedEntries": null,
    "name": "Dropdown_Option01_Text",
    "type": "text_replacement",
    "value": "Plant"
  },
  {
    "linkedEntries": null,
    "name": "Dropdown_Option01",
    "type": "text_replacement",
    "value": "\"AUFK\".\"WERKS\" || ' - ' || \"AUFK\".\"WERKS_TEXT\""
  },
  {
    "linkedEntries": null,
    "name": "Filter_Option10_Text",
    "type": "text_replacement",
    "value": "Inspection Type"
  },
  {
    "linkedEntries": null,
    "name": "Filter_Option09_Text",
    "type": "text_replacement",
    "value": "Product Hiearchy"
  },
  {
    "linkedEntries": null,
    "name": "Filter_Option08_Text",
    "type": "text_replacement",
    "value": "MRP Controller"
  },
  {
    "linkedEntries": null,
    "name": "Filter_Option07_Text",
    "type": "text_replacement",
    "value": "Production Scheduler"
  },
  {
    "linkedEntries": null,
    "name": "Filter_Option06_Text",
    "type": "text_replacement",
    "value": "Process Order Type"
  },
  {
    "linkedEntries": null,
    "name": "Filter_Option05_Text",
    "type": "text_replacement",
    "value": "Material Group"
  },
  {
    "linkedEntries": null,
    "name": "Filter_Option04_Text",
    "type": "text_replacement",
    "value": "Material Type"
  },
  {
    "linkedEntries": null,
    "name": "Filter_Option10",
    "type": "text_replacement",
    "value": "\"QALS\".\"ART\" || ' - ' || \"QALS\".\"ART_TEXT\""
  },
  {
    "linkedEntries": null,
    "name": "Filter_Option09",
    "type": "text_replacement",
    "value": "\"MARA\".\"PRDHA\" || ' - ' || \"MARA\".\"PRDHA_TEXT\""
  },
  {
    "linkedEntries": null,
    "name": "Filter_Option08",
    "type": "text_replacement",
    "value": "\"MARC\".\"DISPO\" || ' - ' || \"MARC\".\"DISPO_TEXT\""
  },
  {
    "linkedEntries": null,
    "name": "Filter_Option07",
    "type": "text_replacement",
    "value": "\"AFKO\".\"FEVOR\" || ' - ' || \"AFKO\".\"FEVOR_TEXT\""
  },
  {
    "linkedEntries": null,
    "name": "Filter_Option06",
    "type": "text_replacement",
    "value": "\"AUFK\".\"AUART\""
  },
  {
    "linkedEntries": null,
    "name": "Filter_Option05",
    "type": "text_replacement",
    "value": "\"MARA\".\"MATKL\" || ' - '  || \"MARA\".\"MATKL_TEXT\""
  },
  {
    "linkedEntries": null,
    "name": "Filter_Option04",
    "type": "text_replacement",
    "value": "\"MARA\".\"MTART\" || ' - ' || \"MARA\".\"MTART_TEXT\""
  },
  {
    "linkedEntries": [
      {
        "available": true,
        "selected": true,
        "value": "Change Scheduled Finish Date"
      }
    ],
    "linkedFormula": "\"_CEL_PP_ACTIVITIES\".\"ACTIVITY_EN\"",
    "name": "ActivitySavings",
    "type": "text_replacement",
    "value": "'Change Scheduled Finish Date'"
  },
  {
    "linkedEntries": [],
    "name": "AutomationPotential",
    "type": "text_replacement",
    "value": "60"
  },
  {
    "linkedEntries": [],
    "name": "EstimatedTime",
    "type": "text_replacement",
    "value": "7"
  },
  {
    "linkedEntries": [],
    "name": "Currency",
    "type": "text_replacement",
    "value": "DKK"
  },
  {
    "linkedEntries": [],
    "name": "Weeks",
    "type": "text_replacement",
    "value": null
  },
  {
    "linkedEntries": [],
    "name": "WeeklyHours",
    "type": "text_replacement",
    "value": "40"
  },
  {
    "linkedEntries": [],
    "name": "AnnualSalary",
    "type": "text_replacement",
    "value": "50000"
  },
  {
    "linkedEntries": [
      {
        "available": true,
        "selected": true,
        "value": "A"
      }
    ],
    "linkedFormula": "\"_CEL_PP_ACTIVITIES\".\"USER_TYPE\"",
    "name": "ManualUserType",
    "type": "text_replacement",
    "value": "'A'"
  },
  {
    "linkedEntries": [
      {
        "available": true,
        "selected": true,
        "value": "Create Process Order"
      },
      {
        "available": true,
        "selected": true,
        "value": "Make Usage Decision"
      },
      {
        "available": true,
        "selected": true,
        "value": "Status: Closed"
      },
      {
        "available": true,
        "selected": true,
        "value": "Status: Closed (Inactive)"
      },
      {
        "available": true,
        "selected": true,
        "value": "Status: Confirmed"
      },
      {
        "available": true,
        "selected": true,
        "value": "Status: Confirmed (Inactive)"
      },
      {
        "available": true,
        "selected": true,
        "value": "Status: Deletion Flag"
      },
      {
        "available": true,
        "selected": true,
        "value": "Status: Deletion Flag (Inactive)"
      },
      {
        "available": true,
        "selected": true,
        "value": "Status: Delivered"
      },
      {
        "available": true,
        "selected": true,
        "value": "Status: Delivered (Inactive)"
      },
      {
        "available": true,
        "selected": true,
        "value": "Status: Locked (Inactive)"
      },
      {
        "available": true,
        "selected": true,
        "value": "Status: Released"
      },
      {
        "available": true,
        "selected": true,
        "value": "Status: Technically completed"
      },
      {
        "available": true,
        "selected": true,
        "value": "Status: Technically completed (Inactive)"
      },
      {
        "available": true,
        "selected": true,
        "value": "Status: WIP to VAR"
      },
      {
        "available": true,
        "selected": true,
        "value": "Status: WIP to VAR (Inactive)"
      }
    ],
    "linkedFormula": "\"_CEL_PP_ACTIVITIES\".\"ACTIVITY_EN\"",
    "name": "FocusActivity",
    "type": "text_replacement",
    "value": "'Create Process Order','Make Usage Decision','Status: Closed','Status: Closed (Inactive)','Status: Confirmed','Status: Confirmed (Inactive)','Status: Deletion Flag','Status: Deletion Flag (Inactive)','Status: Delivered','Status: Delivered (Inactive)','Status: Locked (Inactive)','Status: Released','Status: Technically completed','Status: Technically completed (Inactive)','Status: WIP to VAR','Status: WIP to VAR (Inactive)'"
  },
  {
    "linkedEntries": [
      {
        "available": true,
        "selected": true,
        "value": "B"
      },
      {
        "available": true,
        "selected": true,
        "value": "R"
      }
    ],
    "linkedFormula": "\"_CEL_PP_ACTIVITIES\".\"USER_TYPE\"",
    "name": "AutomaticUserType",
    "type": "text_replacement",
    "value": "'B','R'"
  },
  {
    "linkedEntries": [
      {
        "available": true,
        "selected": true,
        "value": "Approve Credit Check"
      },
      {
        "available": true,
        "selected": true,
        "value": "Cancel Goods Issue"
      },
      {
        "available": true,
        "selected": true,
        "value": "Cancel Reason for Rejection"
      },
      {
        "available": true,
        "selected": true,
        "value": "Change Delivery Amount"
      },
      {
        "available": true,
        "selected": true,
        "value": "Change Delivery Block"
      },
      {
        "available": true,
        "selected": true,
        "value": "Change Division"
      },
      {
        "available": true,
        "selected": true,
        "value": "Change Material"
      },
      {
        "available": true,
        "selected": true,
        "value": "Change Plant"
      },
      {
        "available": true,
        "selected": true,
        "value": "Change Price"
      },
      {
        "available": true,
        "selected": true,
        "value": "Change Route"
      },
      {
        "available": true,
        "selected": true,
        "value": "Clear Invoice"
      },
      {
        "available": true,
        "selected": true,
        "value": "Create Credit Memo Request"
      },
      {
        "available": true,
        "selected": true,
        "value": "Create Credit memo cancellation"
      },
      {
        "available": true,
        "selected": true,
        "value": "Create Delivery"
      },
      {
        "available": true,
        "selected": true,
        "value": "Create Intercompany credit memo"
      },
      {
        "available": true,
        "selected": true,
        "value": "Create Intercompany invoice"
      },
      {
        "available": true,
        "selected": true,
        "value": "Create Invoice"
      },
      {
        "available": true,
        "selected": true,
        "value": "Create Invoice cancellation"
      },
      {
        "available": true,
        "selected": true,
        "value": "Create Pro forma invoice"
      },
      {
        "available": true,
        "selected": true,
        "value": "Create Returns delivery for order"
      },
      {
        "available": true,
        "selected": true,
        "value": "Create Sales Order Item"
      },
      {
        "available": true,
        "selected": true,
        "value": "Create Sample Order"
      },
      {
        "available": true,
        "selected": true,
        "value": "Deny Credit Check"
      },
      {
        "available": true,
        "selected": true,
        "value": "Record Goods Issue"
      },
      {
        "available": true,
        "selected": true,
        "value": "Set Delivery Block"
      },
      {
        "available": true,
        "selected": true,
        "value": "Set Reason for Rejection"
      }
    ],
    "linkedFormula": "\"_CEL_PP_ACTIVITIES\".\"ACTIVITY_EN\"",
    "name": "automated_activities",
    "type": "text_replacement",
    "value": "'Approve Credit Check','Cancel Goods Issue','Cancel Reason for Rejection','Change Delivery Amount','Change Delivery Block','Change Division','Change Material','Change Plant','Change Price','Change Route','Clear Invoice','Create Credit Memo Request','Create Credit memo cancellation','Create Delivery','Create Intercompany credit memo','Create Intercompany invoice','Create Invoice','Create Invoice cancellation','Create Pro forma invoice','Create Returns delivery for order','Create Sales Order Item','Create Sample Order','Deny Credit Check','Record Goods Issue','Set Delivery Block','Set Reason for Rejection'"
  },
  {
    "linkedEntries": [
      {
        "available": true,
        "selected": true,
        "value": "Approve Credit Check"
      }
    ],
    "linkedFormula": "\"_CEL_PP_ACTIVITIES\".\"ACTIVITY_EN\"",
    "name": "activity",
    "type": "text_replacement",
    "value": "'Approve Credit Check'"
  },
  {
    "linkedEntries": [
      {
        "available": true,
        "selected": true,
        "value": "0006 - NZNA"
      }
    ],
    "linkedFormula": "<%=Benchmarking_Dimension%>",
    "name": "B3",
    "type": "text_replacement",
    "value": "'0006 - NZNA'"
  },
  {
    "linkedEntries": [
      {
        "available": true,
        "selected": true,
        "value": "Cancel Goods Issue"
      },
      {
        "available": true,
        "selected": true,
        "value": "Change Delivery Amount"
      },
      {
        "available": true,
        "selected": true,
        "value": "Change Delivery Block"
      },
      {
        "available": true,
        "selected": true,
        "value": "Change Division"
      },
      {
        "available": true,
        "selected": true,
        "value": "Change Material"
      },
      {
        "available": true,
        "selected": true,
        "value": "Change Plant"
      },
      {
        "available": true,
        "selected": true,
        "value": "Change Price"
      },
      {
        "available": true,
        "selected": true,
        "value": "Change Route"
      }
    ],
    "linkedFormula": "\"_CEL_PP_ACTIVITIES\".\"ACTIVITY_EN\"",
    "name": "change_activities",
    "type": "text_replacement",
    "value": "'Cancel Goods Issue','Change Delivery Amount','Change Delivery Block','Change Division','Change Material','Change Plant','Change Price','Change Route'"
  },
  {
    "linkedEntries": null,
    "name": "SO_Variant",
    "type": "text_replacement",
    "value": "43"
  },
  {
    "linkedEntries": [],
    "name": "Late_Fee_Rate",
    "type": "text_replacement",
    "value": "0.10"
  },
  {
    "linkedEntries": [
      {
        "available": true,
        "selected": true,
        "value": "Approve Credit Check"
      },
      {
        "available": true,
        "selected": true,
        "value": "Cancel Goods Issue"
      },
      {
        "available": true,
        "selected": true,
        "value": "Cancel Reason for Rejection"
      },
      {
        "available": true,
        "selected": true,
        "value": "Change Delivery Amount"
      },
      {
        "available": true,
        "selected": true,
        "value": "Change Delivery Block"
      },
      {
        "available": true,
        "selected": true,
        "value": "Change Division"
      },
      {
        "available": true,
        "selected": true,
        "value": "Change Material"
      },
      {
        "available": true,
        "selected": true,
        "value": "Change Plant"
      },
      {
        "available": true,
        "selected": true,
        "value": "Change Price"
      },
      {
        "available": true,
        "selected": true,
        "value": "Change Reason for Rejection"
      },
      {
        "available": true,
        "selected": true,
        "value": "Change Route"
      },
      {
        "available": true,
        "selected": true,
        "value": "Clear Invoice"
      },
      {
        "available": true,
        "selected": true,
        "value": "Create Credit Memo Request"
      },
      {
        "available": true,
        "selected": true,
        "value": "Create Credit memo"
      },
      {
        "available": true,
        "selected": true,
        "value": "Create Credit memo cancellation"
      },
      {
        "available": true,
        "selected": true,
        "value": "Create Debit Memo Request"
      },
      {
        "available": true,
        "selected": true,
        "value": "Create Debit memo"
      },
      {
        "available": true,
        "selected": true,
        "value": "Create Delivery"
      },
      {
        "available": true,
        "selected": true,
        "value": "Create Intercompany credit memo"
      },
      {
        "available": true,
        "selected": true,
        "value": "Create Intercompany invoice"
      },
      {
        "available": true,
        "selected": true,
        "value": "Create Invoice"
      },
      {
        "available": true,
        "selected": true,
        "value": "Create Invoice cancellation"
      },
      {
        "available": true,
        "selected": true,
        "value": "Create Pro forma invoice"
      },
      {
        "available": true,
        "selected": true,
        "value": "Create Quotation"
      },
      {
        "available": true,
        "selected": true,
        "value": "Create Returns delivery for order"
      },
      {
        "available": true,
        "selected": true,
        "value": "Create Sales Order Item"
      },
      {
        "available": true,
        "selected": true,
        "value": "Create Sample Order"
      },
      {
        "available": true,
        "selected": true,
        "value": "Deny Credit Check"
      },
      {
        "available": true,
        "selected": true,
        "value": "Record Goods Issue"
      },
      {
        "available": true,
        "selected": true,
        "value": "Remove Delivery Block"
      },
      {
        "available": true,
        "selected": true,
        "value": "Set Delivery Block"
      },
      {
        "available": true,
        "selected": true,
        "value": "Set Reason for Rejection"
      }
    ],
    "linkedFormula": "\"_CEL_PP_ACTIVITIES\".\"ACTIVITY_EN\"",
    "name": "Delivery_Blocks",
    "type": "text_replacement",
    "value": "'Approve Credit Check','Cancel Goods Issue','Cancel Reason for Rejection','Change Delivery Amount','Change Delivery Block','Change Division','Change Material','Change Plant','Change Price','Change Reason for Rejection','Change Route','Clear Invoice','Create Credit Memo Request','Create Credit memo','Create Credit memo cancellation','Create Debit Memo Request','Create Debit memo','Create Delivery','Create Intercompany credit memo','Create Intercompany invoice','Create Invoice','Create Invoice cancellation','Create Pro forma invoice','Create Quotation','Create Returns delivery for order','Create Sales Order Item','Create Sample Order','Deny Credit Check','Record Goods Issue','Remove Delivery Block','Set Delivery Block','Set Reason for Rejection'"
  },
  {
    "linkedEntries": [
      {
        "available": true,
        "selected": true,
        "value": "Cancel Goods Issue"
      }
    ],
    "linkedFormula": "\"_CEL_PP_ACTIVITIES\".\"ACTIVITY_EN\"",
    "name": "Selected_Non_First_Time_Right",
    "type": "text_replacement",
    "value": "'Cancel Goods Issue'"
  },
  {
    "linkedEntries": [],
    "name": "Median_Pricechanges",
    "type": "text_replacement",
    "value": "0.2"
  },
  {
    "linkedEntries": [],
    "name": "Median_Automation",
    "type": "text_replacement",
    "value": "0.29"
  },
  {
    "linkedEntries": [],
    "name": "Median_Rejections",
    "type": "text_replacement",
    "value": "0.2"
  },
  {
    "linkedEntries": [],
    "name": "Median_OTD",
    "type": "text_replacement",
    "value": "0.8"
  },
  {
    "linkedEntries": null,
    "name": "Customer",
    "type": "text_replacement",
    "value": "novoymes"
  },
  {
    "linkedEntries": null,
    "name": "Best_Automation",
    "type": "text_replacement",
    "value": "0.39"
  },
  {
    "linkedEntries": null,
    "name": "Best_Pricechanges",
    "type": "text_replacement",
    "value": "0.05"
  },
  {
    "linkedEntries": null,
    "name": "Best_Rejection",
    "type": "text_replacement",
    "value": "0.05"
  },
  {
    "linkedEntries": null,
    "name": "Best_OTD",
    "type": "text_replacement",
    "value": "0.97"
  },
  {
    "linkedEntries": null,
    "name": "Worst_Automation",
    "type": "text_replacement",
    "value": "0.01"
  },
  {
    "linkedEntries": null,
    "name": "Worst_Pricechanges",
    "type": "text_replacement",
    "value": "0.65"
  },
  {
    "linkedEntries": null,
    "name": "Worst_Rejection",
    "type": "text_replacement",
    "value": "0.6"
  },
  {
    "linkedEntries": null,
    "name": "Worst_OTD",
    "type": "text_replacement",
    "value": "0.45"
  },
  {
    "linkedEntries": null,
    "name": "unit",
    "type": "text_replacement",
    "value": "days"
  },
  {
    "linkedEntries": [
      {
        "available": true,
        "selected": true,
        "value": "Clear Invoice"
      }
    ],
    "linkedFormula": "\"_CEL_PP_ACTIVITIES\".\"ACTIVITY_EN\"",
    "name": "To",
    "type": "text_replacement",
    "value": "'Clear Invoice'"
  },
  {
    "linkedEntries": [
      {
        "available": true,
        "selected": true,
        "value": "Create Invoice"
      }
    ],
    "linkedFormula": "\"_CEL_PP_ACTIVITIES\".\"ACTIVITY_EN\"",
    "name": "From",
    "type": "text_replacement",
    "value": "'Create Invoice'"
  },
  {
    "linkedEntries": [],
    "name": "Days_back",
    "type": "text_replacement",
    "value": "50"
  },
  {
    "linkedEntries": null,
    "name": "Benchmarking_Dimension_Text",
    "type": "text_replacement",
    "value": "#{CompanyCode}"
  },
  {
    "linkedEntries": [
      {
        "available": true,
        "selected": true,
        "value": "0021 - NZJP"
      }
    ],
    "linkedFormula": "<%=Benchmarking_Dimension%>",
    "name": "B2",
    "type": "text_replacement",
    "value": "'0021 - NZJP'"
  },
  {
    "linkedEntries": [
      {
        "available": true,
        "selected": true,
        "value": "0017 - NZAU"
      }
    ],
    "linkedFormula": "<%=Benchmarking_Dimension%>",
    "name": "B1",
    "type": "text_replacement",
    "value": "'0017 - NZAU'"
  },
  {
    "linkedEntries": null,
    "name": "Benchmarking_Dimension",
    "type": "text_replacement",
    "value": "\"VBAK\".\"BUKRS_VF\" || ' - ' || \"VBAK\".\"BUKRS_TEXT\""
  },
  {
    "linkedEntries": [
      {
        "available": true,
        "id": 2,
        "selected": true,
        "value": "B"
      }
    ],
    "name": "automatic_users",
    "type": "text_replacement",
    "value": "'B'"
  },
  {
    "linkedEntries": [
      {
        "available": true,
        "selected": true,
        "value": "Change Price"
      }
    ],
    "linkedFormula": "\"_CEL_PP_ACTIVITIES\".\"ACTIVITY_EN\"",
    "name": "ToSOD",
    "type": "text_replacement",
    "value": "Change Price"
  },
  {
    "linkedEntries": [
      {
        "available": true,
        "selected": true,
        "value": "Approve Credit Check"
      }
    ],
    "linkedFormula": "\"_CEL_PP_ACTIVITIES\".\"ACTIVITY_EN\"",
    "name": "FromSOD",
    "type": "text_replacement",
    "value": "Approve Credit Check"
  },
  {
    "linkedEntries": null,
    "name": "Due_Date_Text",
    "type": "text_replacement",
    "value": "#{confirmedDeliveryDate}"
  },
  {
    "linkedEntries": null,
    "name": "Dimensionbutton",
    "type": "text_replacement",
    "value": "Customer"
  },
  {
    "linkedEntries": null,
    "name": "Dimensionbutton_Overview",
    "type": "text_replacement",
    "value": "\"LIKP\".\"KUNNR_TEXT\""
  },
  {
    "linkedEntries": null,
    "name": "Filter_Option3",
    "type": "text_replacement",
    "value": "\"MARA\".\"WRKST\""
  },
  {
    "linkedEntries": null,
    "name": "Filter_Option2",
    "type": "text_replacement",
    "value": "\"AFPO\".\"MATNR2\" || ' - ' || \"AFPO\".\"MATNR_TEXT\""
  },
  {
    "linkedEntries": null,
    "name": "Filter_Option1",
    "type": "text_replacement",
    "value": "\"AUFK\".\"WERKS\" || ' - ' || \"AUFK\".\"WERKS_TEXT\""
  },
  {
    "linkedEntries": null,
    "name": "Filter_Option3_Text",
    "type": "text_replacement",
    "value": "Basic Material"
  },
  {
    "linkedEntries": null,
    "name": "Filter_Option2_Text",
    "type": "text_replacement",
    "value": "Material"
  },
  {
    "linkedEntries": null,
    "name": "Filter_Option1_Text",
    "type": "text_replacement",
    "value": "Plant"
  },
  {
    "linkedEntries": null,
    "name": "Company_Color2",
    "type": "text_replacement",
    "value": "C5DA00"
  },
  {
    "linkedEntries": null,
    "name": "Company_Color1",
    "type": "text_replacement",
    "value": "2D0028"
  },
  {
    "linkedEntries": null,
    "name": "currency_symbol",
    "type": "text_replacement",
    "value": "\u20ac"
  }
]