{
  "components": [
    {
      "allowDataLink": false,
      "axis0": [
        {
          "flex": 1,
          "name": "#{Process Order}",
          "notIncluded": false,
          "sorting": "DESC",
          "sortingIndex": 0,
          "text": "\"_CEL_PP_ACTIVITIES\".\"AUFNR\"",
          "translatedName": "AUFNR",
          "type": "dimension",
          "valueFormat": "",
          "width": 143
        },
        {
          "flex": 1.3357,
          "name": "#{Activity}",
          "notIncluded": false,
          "sorting": null,
          "sortingIndex": null,
          "text": "\"_CEL_PP_ACTIVITIES\".\"ACTIVITY_EN\"",
          "translatedName": "ACTIVITY_EN",
          "type": "dimension",
          "valueFormat": "",
          "width": 191
        },
        {
          "flex": 1.1608,
          "name": "#{Activity Detail}",
          "notIncluded": false,
          "sorting": null,
          "sortingIndex": null,
          "text": "\"_CEL_PP_ACTIVITIES\".\"ACTIVITY_DETAIL_EN\"",
          "translatedName": "ACTIVITY_DETAIL_EN",
          "type": "dimension",
          "valueFormat": "",
          "width": 166
        },
        {
          "flex": 1.4545,
          "function": null,
          "name": "#{Eventtime}",
          "notIncluded": false,
          "sorting": "ASC",
          "sortingIndex": 1,
          "text": "\"_CEL_PP_ACTIVITIES\".\"EVENTTIME\"",
          "translatedName": "EVENTTIME",
          "type": "dimension",
          "valueFormat": "",
          "width": 208
        },
        {
          "flex": 1.4056,
          "name": "#{User Name}",
          "notIncluded": false,
          "sorting": null,
          "sortingIndex": null,
          "text": "\"_CEL_PP_ACTIVITIES\".\"USER_NAME\"",
          "translatedName": "Username",
          "type": "dimension",
          "valueFormat": "",
          "width": 201
        },
        {
          "flex": 0.8601,
          "name": "#{User Type}",
          "notIncluded": false,
          "sorting": null,
          "sortingIndex": null,
          "text": "\"_CEL_PP_ACTIVITIES\".\"USER_TYPE\"",
          "translatedName": "USER_TYPE",
          "type": "dimension",
          "valueFormat": "",
          "width": 123
        },
        {
          "flex": 0.7972,
          "name": "#{Manual Sorting}",
          "notIncluded": false,
          "ratioFormula": {},
          "seriesColor": "",
          "seriesColorMapping": "",
          "sorting": "ASC",
          "sortingIndex": 2,
          "text": "\"_CEL_PP_ACTIVITIES\".\"_SORTING\"",
          "textColor": "#e2e2e2",
          "textColorMapping": "",
          "translatedName": "_SORTING",
          "type": "dimension",
          "valueFormat": "",
          "width": 114
        }
      ],
      "axis0Config": {
        "autoTickCount": true,
        "axisLabelStyle": {
          "backgroundColor": "",
          "borderColor": "",
          "currentFontSize": {
            "name": "x-small 11px",
            "value": 11
          },
          "fontColor": "",
          "fontSize": 11
        },
        "axisLineStyle": {
          "lineOpacity": 1
        },
        "axisTitleStyle": {
          "backgroundColor": "",
          "borderColor": "",
          "currentFontSize": {
            "name": "small 13px",
            "value": 13
          },
          "fontColor": "",
          "fontSize": 13
        },
        "gapWidth": 0.45,
        "gridlineStyle": {
          "lineOpacity": 1
        },
        "showAxis": true,
        "showAxisLabels": true,
        "showTickLines": true
      },
      "axis1": [],
      "axis1Config": {
        "autoTickCount": true,
        "axisLabelStyle": {
          "backgroundColor": "",
          "borderColor": "",
          "currentFontSize": {
            "name": "x-small 11px",
            "value": 11
          },
          "fontColor": "",
          "fontSize": 11
        },
        "axisLineStyle": {
          "lineOpacity": 1
        },
        "axisTitleStyle": {
          "backgroundColor": "",
          "borderColor": "",
          "currentFontSize": {
            "name": "small 13px",
            "value": 13
          },
          "fontColor": "",
          "fontSize": 13
        },
        "boundsMode": "AUTO",
        "gridlineStyle": {
          "lineColor": "#e4e4e4",
          "lineOpacity": 1,
          "lineWidth": 1
        },
        "showAxis": true,
        "showAxisLabels": true,
        "showGridlines": true,
        "showTickLines": true
      },
      "axis2": [],
      "axis2Config": {
        "autoTickCount": true,
        "axisLabelStyle": {
          "backgroundColor": "",
          "borderColor": "",
          "fontColor": ""
        },
        "axisLineStyle": {},
        "axisTitleStyle": {
          "backgroundColor": "",
          "borderColor": "",
          "currentFontSize": {
            "name": "small 13px",
            "value": 13
          },
          "fontColor": "",
          "fontSize": 13
        },
        "boundsMode": "AUTO",
        "gridlineStyle": {},
        "showAxis": true,
        "showAxisLabels": true,
        "showTickLines": true
      },
      "backgroundColor": "#ffffff",
      "border": false,
      "chartType": "table",
      "clickToFilter": true,
      "componentFilter": "",
      "contextMenuMethods": {
        "componentFilter": true,
        "copy": true,
        "deletable": true,
        "export": true,
        "fullscreen": true,
        "layers": true,
        "settings": true
      },
      "dataLabelsPositions": [
        "top",
        "middle",
        "bottom",
        "custom"
      ],
      "diagramBackground": false,
      "diagramBackgroundStyle": {
        "fillColor": "",
        "opacity": 1
      },
      "diagramBorder": true,
      "diagramBorderStyle": {
        "lineColor": "#e9e9e9",
        "lineOpacity": 1,
        "lineWidth": 1
      },
      "feedbackMode": false,
      "filteringSelf": true,
      "hasBackground": true,
      "hasHoverbuttons": false,
      "height": 50,
      "hoverButtonFixed": false,
      "hoverButtonPosition": "RIGHT",
      "id": "b7cd0b25-5722-465e-af55-84ccbebf0213",
      "legendFontStyle": {
        "backgroundColor": "",
        "borderColor": "",
        "currentFontSize": {
          "name": "x-small 11px",
          "value": 11
        },
        "fontColor": "",
        "fontSize": 11
      },
      "legendOverlay": false,
      "legendPosition": "bc",
      "legendShow": true,
      "limitMode": "NO_LIMIT",
      "limitNumber": 100,
      "maximized": false,
      "multisort": true,
      "selection": [],
      "showHeader": true,
      "showOthers": false,
      "showTitle": true,
      "textStyle": {
        "currentFontSize": {
          "name": "medium 14px",
          "value": 14
        },
        "fontSize": 14
      },
      "title": "",
      "titleStyle": {
        "currentFontSize": {
          "name": "x-large 17px",
          "value": 17
        },
        "fontSize": 17
      },
      "toolBorder": false,
      "tooltips": true,
      "type": "pql-table",
      "vertical": false,
      "width": 92,
      "x": 6,
      "y": 0,
      "zIndex": 1
    }
  ],
  "contentType": "blank-sheet",
  "format": "FULLSCREEN",
  "id": "2d3fd986-ce38-4d3e-9153-4575ab4be7a3",
  "name": "Mass Transaction Validation",
  "position": {
    "height": 804,
    "left": 0,
    "top": 0,
    "width": 1200
  },
  "sheetFilter": {
    "text": ""
  }
}