{
  "document": {
    "KPILibrary": [],
    "allowBpmnExport": true,
    "allowRawDataExport": true,
    "colorMappings": [
      {
        "id": "26d55124-7e75-46d0-b2dd-546465deca56",
        "name": "User Type",
        "thresholds": [
          {
            "color": "#911027",
            "compare": "==",
            "formula": "Manual"
          },
          {
            "color": "#C5DA00",
            "compare": "==",
            "formula": "Automatic"
          }
        ],
        "type": "dimension"
      },
      {
        "id": "4e5f7205-1263-45de-ae07-c07b43a2c302",
        "name": "Manual Rate",
        "thresholds": [
          {
            "color": "#96ba55",
            "compare": "<=",
            "formula": "0.2"
          },
          {
            "color": "#c8484f",
            "compare": ">=",
            "formula": "0.6"
          }
        ],
        "type": "series"
      },
      {
        "id": "4d3ef014-bc3d-40ee-822b-4449cd2dd0ee",
        "name": "Customized_2",
        "thresholds": [
          {
            "color": "#d53514",
            "compare": ">=",
            "formula": "600"
          },
          {
            "color": "#FFB710",
            "compare": "<",
            "formula": "600"
          },
          {
            "color": "#c8ec84",
            "compare": "<",
            "formula": "400"
          }
        ],
        "type": "series"
      },
      {
        "id": "acd16189-130c-425f-a6db-0cdb5f608986",
        "name": "Customized",
        "thresholds": [
          {
            "color": "#d52914",
            "compare": ">=",
            "formula": "10"
          },
          {
            "color": "#FFB710",
            "compare": "<",
            "formula": "7"
          },
          {
            "color": "#c8ec84",
            "compare": "<",
            "formula": "4"
          }
        ],
        "type": "series"
      },
      {
        "id": "3adc760d-ff02-49a9-8cb2-ce2491a42cd3",
        "name": "New Color Mapping",
        "thresholds": [
          {
            "color": "#912210",
            "compare": ">",
            "formula": "10"
          },
          {
            "color": "#FFB710",
            "compare": "<=",
            "formula": "10"
          },
          {
            "color": "#658927",
            "compare": "<=",
            "formula": "3"
          }
        ],
        "type": "series"
      },
      {
        "id": "4404de6d-2105-4353-8a99-93e0d7e7a167",
        "name": "SO / Variant",
        "thresholds": [
          {
            "color": "#96ba55",
            "compare": ">",
            "formula": "43"
          },
          {
            "color": "#c8484f",
            "compare": "<",
            "formula": "43"
          },
          {
            "color": ""
          }
        ],
        "type": "series"
      },
      {
        "id": "6f9199bc-409d-4a1b-852b-169f8d90c082",
        "name": "Early and Late Delivery",
        "thresholds": [
          {
            "color": "#ff797b",
            "compare": "<=",
            "formula": "1"
          },
          {
            "color": "#FFB710",
            "compare": "<",
            "formula": "0.3"
          },
          {
            "color": "#658927",
            "compare": "<",
            "formula": "0.2"
          }
        ],
        "type": "series"
      },
      {
        "id": "b2225caf-886e-4e8d-8947-071534998bbe",
        "name": "% Blocked Deliveries",
        "thresholds": [
          {
            "color": "#96ba55",
            "compare": "<=",
            "formula": ".25"
          },
          {
            "color": "#ffb55c",
            "compare": ">",
            "formula": ".25"
          },
          {
            "color": "#ff797b",
            "compare": ">",
            "formula": ".5"
          }
        ],
        "type": "series"
      },
      {
        "id": "5aedd128-fca8-436f-9881-96bdfef867fb",
        "name": "% Blocked Deliveries",
        "thresholds": [
          {
            "color": "#c8ec84",
            "compare": "<=",
            "formula": ".25"
          },
          {
            "color": "#ffb55c",
            "compare": ">",
            "formula": ".25"
          },
          {
            "color": "#ff797b",
            "compare": ">",
            "formula": ".50"
          }
        ],
        "type": "series"
      },
      {
        "id": "eeda0ab1-df53-4e8d-895c-bf88acb7a448",
        "name": "Create I to Clear I",
        "thresholds": [
          {
            "color": "#76d1bb",
            "compare": ">=",
            "formula": "0"
          },
          {
            "color": "#ffd062",
            "compare": ">=",
            "formula": "2"
          },
          {
            "color": "#ff8884",
            "compare": ">=",
            "formula": "4"
          }
        ],
        "type": "series"
      },
      {
        "id": "c2057705-e059-49dd-94fb-1e0526c1f2ab",
        "name": "Total CT",
        "thresholds": [
          {
            "color": "#76d1bb",
            "compare": ">=",
            "formula": "0"
          },
          {
            "color": "#ffd062",
            "compare": ">=",
            "formula": "10"
          },
          {
            "color": "#ff8884",
            "compare": ">=",
            "formula": "30"
          }
        ],
        "type": "series"
      },
      {
        "id": "56aeba4e-00f8-45b4-aa4b-3dfc277a1a37",
        "name": "First Time Right",
        "thresholds": [
          {
            "color": "#911010",
            "compare": "<",
            "formula": "0.4"
          },
          {
            "color": "#ffd062",
            "compare": "<=",
            "formula": "0.74"
          },
          {
            "color": "#658927",
            "compare": ">=",
            "formula": "0.741"
          }
        ],
        "type": "series"
      },
      {
        "id": "d41ea015-14ca-4e79-a593-bc8f55cee966",
        "name": "Automation Rate",
        "thresholds": [
          {
            "color": "#c8484f",
            "compare": "<=",
            "formula": "0.2"
          },
          {
            "color": "#96ba55",
            "compare": ">",
            "formula": "0.6"
          }
        ],
        "type": "series"
      },
      {
        "id": "c95f912e-580f-4d31-97f5-219c7c0513c9",
        "name": "SOD",
        "thresholds": [
          {
            "color": "#ff8884",
            "compare": "<=",
            "formula": "100"
          },
          {
            "color": "#ffd062",
            "compare": "<=",
            "formula": "50"
          },
          {
            "color": "#76d1bb",
            "compare": "<=",
            "formula": "1"
          }
        ],
        "type": "series"
      },
      {
        "id": "d42681ed-6f0b-4981-8abb-1c8e49eeac3f",
        "name": "Manual Changes",
        "thresholds": [
          {
            "color": "#658927",
            "compare": ">=",
            "formula": "0"
          },
          {
            "color": "#ffd062",
            "compare": ">=",
            "formula": "0.05"
          },
          {
            "color": "#912210",
            "compare": ">=",
            "formula": "0.25"
          }
        ],
        "type": "series"
      },
      {
        "id": "5950e838-798b-4bd6-a3f8-614e9a74c05b",
        "name": "OTD rate",
        "thresholds": [
          {
            "color": "#76d1bb",
            "compare": "<=",
            "formula": "1"
          },
          {
            "color": "#ffd062",
            "compare": "<=",
            "formula": "0.8"
          },
          {
            "color": "#ff8884",
            "compare": "<=",
            "formula": "0.7"
          }
        ],
        "type": "series"
      },
      {
        "id": "6a50b0bb-2254-4ae3-979e-ea7ad9c583c6",
        "name": "EDI",
        "thresholds": [
          {
            "color": "#76d1bb",
            "compare": ">=",
            "formula": "0.8"
          },
          {
            "color": "#ffd062",
            "compare": "<",
            "formula": "0.8"
          },
          {
            "color": "#ff8884",
            "compare": "<=",
            "formula": "0.4"
          }
        ],
        "type": "series"
      }
    ],
    "editMode": true,
    "id": "4b1374e3-a384-4a5e-8a05-3f8c516d0708",
    "kpiViews": [
      {
        "activityKpi": {
          "id": "e9b1769f-aefa-46d2-b32e-739e0b9fc8bb",
          "name": "Automation",
          "text": "SUM(CASE WHEN \"_CEL_PP_ACTIVITIES\".\"USER_TYPE\" = 'B' OR \"_CEL_PP_ACTIVITIES\".\"USER_TYPE\" = 'C' OR \"_CEL_PP_ACTIVITIES\".\"USER_TYPE\" = 'S' THEN 1.0 ELSE 0.0 END)/SUM(CASE WHEN ISNULL(\"_CEL_PP_ACTIVITIES\".\"USER_TYPE\") = 0 THEN 1.0 ELSE 0.0 END)",
          "valueFormat": "%"
        },
        "activityKpis": [
          {
            "id": "e9b1769f-aefa-46d2-b32e-739e0b9fc8bb",
            "name": "Automation",
            "text": "AVG(CASE WHEN ISNULL(\"_CEL_PP_ACTIVITIES\".\"USER_TYPE\") = 1 THEN NULL \r\nWHEN \"_CEL_PP_ACTIVITIES\".\"USER_TYPE\" IN (<%=AutomaticUserType%>) THEN 1.0 ELSE 0.0 END)",
            "valueFormat": "%"
          }
        ],
        "connectionKpis": [],
        "edgesFormatting": {
          "colorThresholds": []
        },
        "icon": "icons/icon-percentage.svg",
        "id": "f269a2c9-5e37-4dc0-acfb-8865e0fa5815",
        "nodesFormatting": {
          "colorThresholds": [
            {
              "color": "#78B604",
              "compare": ">=",
              "formula": "0.66"
            },
            {
              "color": "#FF8B00",
              "compare": "<",
              "formula": "0.66"
            },
            {
              "color": "#D70A0A",
              "compare": "<=",
              "formula": "0.33"
            }
          ],
          "reversed": true
        },
        "title": "Automation"
      }
    ],
    "loadScript": "",
    "multiselectMode": false,
    "name": "01 - Automation Dashboard",
    "palettes": [
      {
        "colors": [
          "#2D0028",
          "#C5DA00",
          "#A0C8F0",
          "#F2F3F2",
          "#3C4812"
        ],
        "custom": true,
        "id": "bd86ab47-9686-4722-b570-6c5ebea29a59",
        "type": "ordinal"
      },
      {
        "colors": [
          "#5BC6E6",
          "#003b5a",
          "#cccccc",
          "#96ba55",
          "#375c00"
        ],
        "custom": true,
        "id": "0a3b6dda-ed12-414a-99b4-1722b9a5d1c0",
        "type": "ordinal"
      },
      {
        "colors": [
          "#96ba55",
          "#003b5a",
          "#0094b7",
          "#4ec5e9",
          "#375c00",
          "#cccccc",
          "#bfe7ac"
        ],
        "custom": true,
        "id": "a98e6b58-a6ae-49d9-b3f7-75b5ba051e43",
        "type": "ordinal"
      }
    ],
    "preventVariants": false,
    "rawDataExportLimit": 20000,
    "rootCauseColumns": [
      "\"VBAK\".\"VKORG\"",
      "\"VBAK\".\"VKORG_TEXT\"",
      "\"VBAK\".\"BUKRS_TEXT\"",
      "\"VBAK\".\"AUART\"",
      "\"VBAK\".\"FKARA\"",
      "\"VBAK\".\"AUART_TEXT\"",
      "\"VBAK\".\"SPART\"",
      "\"VBAK\".\"SPART_TEXT\"",
      "\"VBAK\".\"VBTYP\"",
      "\"VBAK\".\"VBTYP_TEXT\"",
      "\"VBAK\".\"VTWEG\"",
      "\"VBAK\".\"VTWEG_TEXT\"",
      "\"VBAK\".\"BNAME\"",
      "\"VBAK\".\"BSARK\"",
      "\"VBAK\".\"LIFSK\"",
      "\"VBAK\".\"LIFSP_TEXT\"",
      "\"VBAK\".\"VPRGR\"",
      "\"VBAK\".\"KURST\"",
      "\"VBAP\".\"MATNR\"",
      "\"VBAP\".\"MATWA\"",
      "\"VBAP\".\"PMATN\"",
      "\"VBAP\".\"CHARG\"",
      "\"VBAP\".\"MATKL\"",
      "\"VBAP\".\"ARKTX\"",
      "\"VBAP\".\"PSTYV\"",
      "\"VBAP\".\"POSAR\"",
      "\"VBAP\".\"LFREL\"",
      "\"VBAP\".\"FKREL\"",
      "\"VBAP\".\"UEPOS\"",
      "\"VBAP\".\"GRPOS\"",
      "\"VBAP\".\"ABGRU\"",
      "\"VBAP\".\"PRODH\"",
      "\"VBAP\".\"ZIEME\"",
      "\"VBAP\".\"MEINS\"",
      "\"VBAP\".\"POSEX\"",
      "\"VBAP\".\"KDMAT\"",
      "\"VBAP\".\"VKGRU\"",
      "\"VBAP\".\"VKAUS\"",
      "\"VBAP\".\"GRKOR\"",
      "\"VBAP\".\"FMENG\"",
      "\"VBAP\".\"UEBTK\"",
      "\"VBAP\".\"FAKSP\"",
      "\"VBAP\".\"ATPKZ\"",
      "\"VBAP\".\"RKFKF\"",
      "\"VBAP\".\"SPART\"",
      "\"VBAP\".\"GSBER\"",
      "\"VBAP\".\"WAERK\"",
      "\"VBAP\".\"KZTLF\"",
      "\"VBAP\".\"CHSPL\"",
      "\"VBAP\".\"VRKME\"",
      "\"VBAP\".\"GEWEI\"",
      "\"VBAP\".\"VOLEH\"",
      "\"VBAP\".\"VBELV\"",
      "\"VBAP\".\"POSNV\"",
      "\"VBAP\".\"VGBEL\"",
      "\"VBAP\".\"VGPOS\"",
      "\"VBAP\".\"VOREF\"",
      "\"VBAP\".\"UPFLU\"",
      "\"VBAP\".\"ERLRE\"",
      "\"VBAP\".\"LPRIO\"",
      "\"VBAP\".\"WERKS\"",
      "\"VBAP\".\"LGORT\"",
      "\"VBAP\".\"VSTEL\"",
      "\"VBAP\".\"ROUTE\"",
      "\"VBAP\".\"STKEY\"",
      "\"VBAP\".\"STLNR\"",
      "\"VBAP\".\"AWAHR\"",
      "\"VBAP\".\"ERNAM\"",
      "\"VBAP\".\"TAXM1\"",
      "\"VBAP\".\"TAXM2\"",
      "\"VBAP\".\"TAXM3\"",
      "\"VBAP\".\"TAXM4\"",
      "\"VBAP\".\"TAXM5\"",
      "\"VBAP\".\"TAXM6\"",
      "\"VBAP\".\"TAXM7\"",
      "\"VBAP\".\"TAXM8\"",
      "\"VBAP\".\"TAXM9\"",
      "\"VBAP\".\"VGREF\"",
      "\"VBAP\".\"KMEIN\"",
      "\"VBAP\".\"SHKZG\"",
      "\"VBAP\".\"SKTOF\"",
      "\"VBAP\".\"MTVFP\"",
      "\"VBAP\".\"SUMBD\"",
      "\"VBAP\".\"KONDM\"",
      "\"VBAP\".\"KTGRM\"",
      "\"VBAP\".\"BONUS\"",
      "\"VBAP\".\"PROVG\"",
      "\"VBAP\".\"EANNR\"",
      "\"VBAP\".\"PRSOK\"",
      "\"VBAP\".\"BWTAR\"",
      "\"VBAP\".\"BWTEX\"",
      "\"VBAP\".\"XCHPF\"",
      "\"VBAP\".\"XCHAR\"",
      "\"VBAP\".\"STAFO\"",
      "\"VBAP\".\"EAN11\"",
      "\"VBAP\".\"FIXMG\"",
      "\"VBAP\".\"PRCTR\"",
      "\"VBAP\".\"MVGR1\"",
      "\"VBAP\".\"MVGR2\"",
      "\"VBAP\".\"MVGR3\"",
      "\"VBAP\".\"MVGR4\"",
      "\"VBAP\".\"MVGR5\"",
      "\"VBAP\".\"SUGRD\"",
      "\"VBAP\".\"SOBKZ\"",
      "\"VBAP\".\"VPZUO\"",
      "\"VBAP\".\"PAOBJNR\"",
      "\"VBAP\".\"PS_PSP_PNR\"",
      "\"VBAP\".\"AUFNR\"",
      "\"VBAP\".\"VPMAT\"",
      "\"VBAP\".\"VPWRK\"",
      "\"VBAP\".\"PRBME\"",
      "\"VBAP\".\"KNTTP\"",
      "\"VBAP\".\"KZVBR\"",
      "\"VBAP\".\"SERNR\"",
      "\"VBAP\".\"OBJNR\"",
      "\"VBAP\".\"ABGRS\"",
      "\"VBAP\".\"BEDAE\"",
      "\"VBAP\".\"CMTFG\"",
      "\"VBAP\".\"CMPNT\"",
      "\"VBAP\".\"CUOBJ\"",
      "\"VBAP\".\"CUOBJ_CH\"",
      "\"VBAP\".\"CEPOK\"",
      "\"VBAP\".\"KOUPD\"",
      "\"VBAP\".\"SERAIL\"",
      "\"VBAP\".\"NACHL\"",
      "\"VBAP\".\"MAGRV\"",
      "\"VBAP\".\"MPROK\"",
      "\"VBAP\".\"VGTYP\"",
      "\"VBAP\".\"PROSA\"",
      "\"VBAP\".\"UEPVW\"",
      "\"VBAP\".\"KALNR\"",
      "\"VBAP\".\"KLVAR\"",
      "\"VBAP\".\"SPOSN\"",
      "\"VBAP\".\"KOWRR\"",
      "\"VBAP\".\"EXART\"",
      "\"VBAP\".\"PREFE\"",
      "\"VBAP\".\"KNUMH\"",
      "\"VBAP\".\"CLINT\"",
      "\"VBAP\".\"CHMVS\"",
      "\"VBAP\".\"STLTY\"",
      "\"VBAP\".\"STLKN\"",
      "\"VBAP\".\"STPOZ\"",
      "\"VBAP\".\"STMAN\"",
      "\"VBAP\".\"ZSCHL_K\"",
      "\"VBAP\".\"KALSM_K\"",
      "\"VBAP\".\"KALVAR\"",
      "\"VBAP\".\"KOSCH\"",
      "\"VBAP\".\"UPMAT\"",
      "\"VBAP\".\"UKONM\"",
      "\"VBAP\".\"MFRGR\"",
      "\"VBAP\".\"PLAVO\"",
      "\"VBAP\".\"KANNR\"",
      "\"VBAP\".\"ABFOR\"",
      "\"VBAP\".\"J_1BCFOP\"",
      "\"VBAP\".\"J_1BTAXLW1\"",
      "\"VBAP\".\"J_1BTAXLW2\"",
      "\"VBAP\".\"J_1BTXSDC\"",
      "\"VBAP\".\"WKTNR\"",
      "\"VBAP\".\"WKTPS\"",
      "\"VBAP\".\"SKOPF\"",
      "\"VBAP\".\"KZBWS\"",
      "\"VBAP\".\"WGRU1\"",
      "\"VBAP\".\"WGRU2\"",
      "\"VBAP\".\"KNUMA_PI\"",
      "\"VBAP\".\"KNUMA_AG\"",
      "\"VBAP\".\"KZFME\"",
      "\"VBAP\".\"LSTANR\"",
      "\"VBAP\".\"TECHS\"",
      "\"VBAP\".\"BERID\"",
      "\"VBAP\".\"PCTRF\"",
      "\"VBAP\".\"LOGSYS_EXT\"",
      "\"VBAP\".\"J_1BTAXLW3\"",
      "\"VBAP\".\"J_1BTAXLW4\"",
      "\"VBAP\".\"J_1BTAXLW5\"",
      "\"VBAP\".\"STOCKLOC\"",
      "\"VBAP\".\"SLOCTYPE\"",
      "\"VBAP\".\"MSR_RET_REASON\"",
      "\"VBAP\".\"MSR_REFUND_CODE\"",
      "\"VBAP\".\"MSR_APPROV_BLOCK\"",
      "\"VBAP\".\"/BEV1/SRFUND\"",
      "\"VBAP\".\"AUFPL_OLC\"",
      "\"VBAP\".\"APLZL_OLC\"",
      "\"VBAP\".\"PLAUFZ\"",
      "\"VBAP\".\"PLAUEZ\"",
      "\"VBAP\".\"CONTNBR\"",
      "\"VBAP\".\"CONTITM\"",
      "\"VBAP\".\"AD01PROFNR\"",
      "\"VBAP\".\"ADMOI\"",
      "\"VBAP\".\"ADICC\"",
      "\"VBAP\".\"ADPRI\"",
      "\"VBAP\".\"SEL\"",
      "\"VBAP\".\"CCI\"",
      "\"VBAP\".\"SEN\"",
      "\"VBAP\".\"PSEL\"",
      "\"VBAP\".\"PCCI\"",
      "\"VBAP\".\"PSEN\"",
      "\"VBAP\".\"CAN\"",
      "\"VBAP\".\"ICY\"",
      "\"VBAP\".\"ITY\"",
      "\"VBAP\".\"KWD\"",
      "\"VBAP\".\"AGE\"",
      "\"VBAP\".\"SPQ\"",
      "\"VBAP\".\"PLT\"",
      "\"VBAP\".\"DMC\"",
      "\"VBAP\".\"MSQ\"",
      "\"VBAP\".\"PCA\"",
      "\"VBAP\".\"UDC\"",
      "\"VBAP\".\"SHM\"",
      "\"VBAP\".\"CAR\"",
      "\"VBAP\".\"SHF\"",
      "\"VBAP\".\"COP\"",
      "\"VBAP\".\"IPP\"",
      "\"VBAP\".\"SIN\"",
      "\"VBAP\".\"TRU\"",
      "\"VBAP\".\"AMN\"",
      "\"VBAP\".\"ECC\"",
      "\"VBAP\".\"DNO\"",
      "\"VBAP\".\"STATUS\"",
      "\"VBAP\".\"LABSG\"",
      "\"VBAP\".\"FABSG\"",
      "\"VBAP\".\"PR_L_L\"",
      "\"VBAP\".\"PR_F_F\"",
      "\"VBAP\".\"PR_F_L\"",
      "\"VBAP\".\"FERC_IND\"",
      "\"VBAP\".\"KOSTL\"",
      "\"VBAP\".\"FONDS\"",
      "\"VBAP\".\"FISTL\"",
      "\"VBAP\".\"FKBER\"",
      "\"VBAP\".\"GRANT_NBR\"",
      "\"VBAP\".\"BUDGET_PD\"",
      "\"VBAP\".\"FITLIST\"",
      "\"VBAP\".\"RULECHECK\"",
      "\"VBAP\".\"IUID_RELEVANT\"",
      "\"VBAP\".\"EQUNR\"",
      "\"VBAP\".\"EQART\"",
      "\"VBAP\".\"J_3GLVART\"",
      "\"VBAP\".\"J_3GBELNRI\"",
      "\"VBAP\".\"J_3GPOSNRI\"",
      "\"VBAP\".\"MILL_SE_GPOSN\"",
      "\"VBAP\".\"MILL_BATCH_SEL_F\"",
      "\"VBAP\".\"PRS_OBJNR\"",
      "\"VBAP\".\"SCNBR\"",
      "\"VBAP\".\"SCITEM\"",
      "\"VBAP\".\"SCMATNR\"",
      "\"VBAP\".\"PROFILE\"",
      "\"VBAP\".\"VARIANT\"",
      "\"VBAP\".\"VLCENDCU\"",
      "\"VBAP\".\"ARSNUM\"",
      "\"VBAP\".\"ARSPOS\"",
      "\"VBAP\".\"WTYSC_CLMITEM\"",
      "\"VBAP\".\"MATNR_TEXT\"",
      "\"VBAP\".\"MATKL_TEXT\"",
      "\"VBAP\".\"WERKS_TEXT\"",
      "\"VBAP\".\"LGORT_TEXT\"",
      "\"VBAP\".\"VSTEL_TEXT\"",
      "\"VBAP\".\"KTGRM_TEXT\"",
      "\"VBAP\".\"PSTYV_TEXT\"",
      "\"VBAP\".\"ABGRU_TEXT\"",
      "\"VBAP\".\"NRAB_KNUMH\"",
      "\"VBAP\".\"TRMRISK_RELEVANT\"",
      "\"VBAP\".\"SGT_RCAT\"",
      "\"VBAP\".\"HANDOVERLOC\"",
      "\"VBAP\".\"TC_AUT_DET\"",
      "\"VBAP\".\"MANUAL_TC_REASON\"",
      "\"VBAP\".\"FISCAL_INCENTIVE\"",
      "\"VBAP\".\"TAX_SUBJECT_ST\"",
      "\"VBAP\".\"FISCAL_INCENTIVE_ID\"",
      "\"VBAP\".\"SPCSTO\"",
      "\"VBAP\".\"REVACC_REFID\"",
      "\"VBAP\".\"REVACC_REFTYPE\"",
      "\"VBAP\".\"ADDNS\"",
      "\"VBAP\".\"ADACN\"",
      "\"VBAP\".\"FSH_SEASON_YEAR\"",
      "\"VBAP\".\"FSH_SEASON\"",
      "\"VBAP\".\"FSH_COLLECTION\"",
      "\"VBAP\".\"FSH_THEME\"",
      "\"VBAP\".\"FSH_CRSD\"",
      "\"VBAP\".\"FSH_SEAREF\"",
      "\"VBAP\".\"FSH_PSM_PFM_SPLIT\"",
      "\"VBAP\".\"FSH_VAS_REL\"",
      "\"VBAP\".\"FSH_VAS_PRNT_ID\"",
      "\"VBAP\".\"FSH_TRANSACTION\"",
      "\"VBAP\".\"FSH_ITEM_GROUP\"",
      "\"VBAP\".\"FSH_ITEM\"",
      "\"VBAP\".\"FSH_VASREF\"",
      "\"VBAP\".\"FSH_GRID_COND_REC\"",
      "\"VBAP\".\"FSH_PQR_UEPOS\"",
      "\"VBAP\".\"PRS_SD_SPSNR\"",
      "\"VBAP\".\"PRS_WORK_PERIOD\"",
      "\"VBAP\".\"TAS\"",
      "\"VBAP\".\"BETC\"",
      "\"VBAP\".\"MOD_ALLOW\"",
      "\"VBAP\".\"CANCEL_ALLOW\"",
      "\"VBAP\".\"PAY_METHOD\"",
      "\"VBAP\".\"BPN\"",
      "\"VBAP\".\"REP_FREQ\"",
      "\"VBAP\".\"FMFGUS_KEY\"",
      "\"VBAP\".\"PARGB\"",
      "\"VBAP\".\"AUFPL_OAA\"",
      "\"VBAP\".\"APLZL_OAA\"",
      "\"VBAP\".\"WRF_CHARSTC1\"",
      "\"VBAP\".\"WRF_CHARSTC2\"",
      "\"VBAP\".\"WRF_CHARSTC3\"",
      "\"VBAP\".\"ZZBEMOT\"",
      "\"VBAP\".\"ZEDI_POSEX\"",
      "\"VBAP\".\"ZEDI_ITMEX\"",
      "\"VBAP\".\"ZEDI_REFID\"",
      "\"KNA1\".\"NAME1\"",
      "\"KNA1\".\"VBUND\"",
      "\"VBEP\".\"ETENR\"",
      "\"VBEP\".\"LIFSP\"",
      "\"VBEP\".\"LIFSK_TEXT\"",
      "\"NAST\".\"NACHA\"",
      "\"NAST\".\"USNAM\"",
      "\"NAST\".\"NACHA_TEXT\"",
      "\"_CEL_PP_ACTIVITIES\".\"USER_NAME\"",
      "\"_CEL_PP_ACTIVITIES\".\"USER_TYPE\"",
      "\"_CEL_PP_ACTIVITIES\".\"CHANGED_TABLE\"",
      "\"_CEL_PP_ACTIVITIES\".\"CHANGED_FIELD\"",
      "\"_CEL_PP_ACTIVITIES\".\"CHANGED_FROM\"",
      "\"_CEL_PP_ACTIVITIES\".\"CHANGED_TO\"",
      "\"_CEL_PP_ACTIVITIES\".\"CHANGE_NUMBER\"",
      "\"_CEL_PP_ACTIVITIES\".\"TRANSACTION_CODE\"",
      "\"_CEL_PP_ACTIVITIES\".\"ACTIVITY_DE\"",
      "\"_CEL_PP_ACTIVITIES\".\"CHANGED_TABLE_TEXT_DE\"",
      "\"_CEL_PP_ACTIVITIES\".\"CHANGED_TABLE_TEXT_EN\"",
      "\"_CEL_PP_ACTIVITIES\".\"CHANGED_FIELD_TEXT_DE\"",
      "\"_CEL_PP_ACTIVITIES\".\"CHANGED_FIELD_TEXT_EN\""
    ],
    "showFiltersForViewers": true,
    "statelessLoadScript": "",
    "theme": "celonis_legacy",
    "translationMap": {}
  },
  "id": "ff60843e-6bce-4f4a-bfe3-b1e2d7cd8a03",
  "lastChangeDate": 1600372136312,
  "lastChangeUserId": "742fe3a6-6232-48a5-9500-ae61bb825c7f",
  "lastChangeUserName": "w.thich@celonis.com(Willy Thich)",
  "lockedUntilDate": 1600372256312,
  "sourceId": "721e70af-04c1-420a-a03d-ef4dd29c8f19",
  "title": null
}