{
  "components": [
    {
      "allowDataLink": false,
      "backgroundColor": "#ffffff",
      "border": false,
      "clickToFilter": true,
      "componentFilter": "",
      "contextMenuMethods": {
        "componentFilter": true,
        "copy": true,
        "deletable": true,
        "export": true,
        "fullscreen": true,
        "layers": true,
        "settings": true
      },
      "diagramBackground": true,
      "diagramBackgroundStyle": {
        "fillColor": "#<%= Company_Color1 %>",
        "opacity": 1
      },
      "diagramBorder": false,
      "diagramBorderStyle": {
        "lineColor": "#e9e9e9",
        "lineOpacity": 1,
        "lineWidth": 1
      },
      "feedbackMode": false,
      "filteringSelf": true,
      "formulas": [],
      "hasBackground": true,
      "hasHoverbuttons": false,
      "height": 6,
      "id": "7608ac0e-02a0-46b5-82a1-0b147ed3628d",
      "maximized": false,
      "selection": [],
      "showHeader": true,
      "text": "",
      "title": "",
      "titleStyle": {
        "currentFontSize": {
          "name": "x-large 17px",
          "value": 17
        },
        "fontSize": 17
      },
      "toolBorder": false,
      "type": "text",
      "vertical": false,
      "width": 100,
      "x": 0,
      "y": 0,
      "zIndex": 9
    },
    {
      "allowDataLink": false,
      "backgroundColor": "#ffffff",
      "border": false,
      "clickToFilter": true,
      "componentFilter": "",
      "contextMenuMethods": {
        "componentFilter": true,
        "copy": true,
        "deletable": true,
        "export": true,
        "fullscreen": true,
        "layers": true,
        "settings": true
      },
      "diagramBackground": true,
      "diagramBackgroundStyle": {
        "fillColor": "#cccccc",
        "opacity": 1
      },
      "diagramBorder": false,
      "diagramBorderStyle": {
        "lineColor": "#e9e9e9",
        "lineOpacity": 1,
        "lineWidth": 1
      },
      "feedbackMode": false,
      "filteringSelf": true,
      "formulas": [],
      "hasBackground": true,
      "hasHoverbuttons": false,
      "height": 6,
      "id": "33224d9e-c15f-4a8b-a7d6-1b93bae76ffe",
      "maximized": false,
      "selection": [],
      "showHeader": true,
      "text": "\n    Estimated Automation Potential (in %):",
      "title": "",
      "titleStyle": {
        "currentFontSize": {
          "name": "x-large 17px",
          "value": 17
        },
        "fontSize": 17
      },
      "toolBorder": false,
      "type": "text",
      "vertical": false,
      "width": 15,
      "x": 1,
      "y": 12,
      "zIndex": 11
    },
    {
      "allowDataLink": false,
      "backgroundColor": "#ffffff",
      "border": false,
      "clickToFilter": true,
      "componentFilter": "",
      "contextMenuMethods": {
        "componentFilter": true,
        "copy": true,
        "deletable": true,
        "export": true,
        "fullscreen": true,
        "layers": true,
        "settings": true
      },
      "diagramBackground": false,
      "diagramBackgroundStyle": {
        "fillColor": "",
        "opacity": 1
      },
      "diagramBorder": true,
      "diagramBorderStyle": {
        "lineColor": "#e9e9e9",
        "lineOpacity": 1,
        "lineWidth": 1
      },
      "feedbackMode": false,
      "filteringSelf": true,
      "hasBackground": true,
      "hasHoverbuttons": false,
      "height": 2,
      "id": "4681a476-30e4-4d3e-96f3-a58ee7a2005b",
      "maximized": false,
      "placeholder": "In percentage (%)",
      "selection": [],
      "showHeader": true,
      "title": "",
      "titleStyle": {
        "currentFontSize": {
          "name": "x-large 17px",
          "value": 17
        },
        "fontSize": 17
      },
      "toolBorder": false,
      "type": "variable_input",
      "variableName": "AutomationPotential",
      "vertical": false,
      "width": 13,
      "x": 2,
      "y": 15,
      "zIndex": 12
    },
    {
      "allowDataLink": false,
      "backgroundColor": "#ffffff",
      "border": false,
      "clickToFilter": true,
      "componentFilter": "",
      "contextMenuMethods": {
        "componentFilter": true,
        "copy": true,
        "deletable": true,
        "export": true,
        "fullscreen": true,
        "layers": true,
        "settings": true
      },
      "diagramBackground": true,
      "diagramBackgroundStyle": {
        "fillColor": "#<%= Company_Color1 %>",
        "opacity": 1
      },
      "diagramBorder": false,
      "diagramBorderStyle": {
        "lineColor": "#e9e9e9",
        "lineOpacity": 1,
        "lineWidth": 1
      },
      "feedbackMode": false,
      "filteringSelf": true,
      "formulas": [],
      "hasBackground": true,
      "hasHoverbuttons": false,
      "height": 49,
      "id": "4c247153-9367-4c20-b328-78bbf0edc528",
      "maximized": false,
      "selection": [],
      "showHeader": true,
      "text": "\n [b][color=#ffffff]  \n\n\n     Input:[/color][/b]",
      "title": "",
      "titleStyle": {
        "currentFontSize": {
          "name": "x-large 17px",
          "value": 17
        },
        "fontSize": 17
      },
      "toolBorder": false,
      "type": "text",
      "vertical": false,
      "width": 17,
      "x": 0,
      "y": 1,
      "zIndex": 4
    },
    {
      "allowDataLink": false,
      "backgroundColor": "#ffffff",
      "border": false,
      "clickToFilter": true,
      "componentFilter": "",
      "contextMenuMethods": {
        "componentFilter": true,
        "copy": true,
        "deletable": true,
        "export": true,
        "fullscreen": true,
        "layers": true,
        "settings": true
      },
      "diagramBackground": true,
      "diagramBackgroundStyle": {
        "fillColor": "#cccccc",
        "opacity": 1
      },
      "diagramBorder": false,
      "diagramBorderStyle": {
        "lineColor": "#e9e9e9",
        "lineOpacity": 1,
        "lineWidth": 1
      },
      "feedbackMode": false,
      "filteringSelf": true,
      "formulas": [],
      "hasBackground": true,
      "hasHoverbuttons": false,
      "height": 6,
      "id": "52b07a93-9a0c-4fd2-a45a-75c2501db41e",
      "maximized": false,
      "selection": [],
      "showHeader": true,
      "text": "\n   Estimated Processing Time (in minutes):",
      "title": "",
      "titleStyle": {
        "currentFontSize": {
          "name": "x-large 17px",
          "value": 17
        },
        "fontSize": 17
      },
      "toolBorder": false,
      "type": "text",
      "vertical": false,
      "width": 15,
      "x": 1,
      "y": 19,
      "zIndex": 13
    },
    {
      "allowDataLink": false,
      "backgroundColor": "#ffffff",
      "border": false,
      "clickToFilter": true,
      "componentFilter": "",
      "contextMenuMethods": {
        "componentFilter": true,
        "copy": true,
        "deletable": true,
        "export": true,
        "fullscreen": true,
        "layers": true,
        "settings": true
      },
      "diagramBackground": false,
      "diagramBackgroundStyle": {
        "fillColor": "",
        "opacity": 1
      },
      "diagramBorder": true,
      "diagramBorderStyle": {
        "lineColor": "#e9e9e9",
        "lineOpacity": 1,
        "lineWidth": 1
      },
      "feedbackMode": false,
      "filteringSelf": true,
      "hasBackground": true,
      "hasHoverbuttons": false,
      "height": 2,
      "id": "681ad30a-71a5-402c-a7e3-c00b33ba2acc",
      "maximized": false,
      "placeholder": "In minutes",
      "selection": [],
      "showHeader": true,
      "title": "",
      "titleStyle": {
        "currentFontSize": {
          "name": "x-large 17px",
          "value": 17
        },
        "fontSize": 17
      },
      "toolBorder": false,
      "type": "variable_input",
      "variableName": "EstimatedTime",
      "vertical": false,
      "width": 13,
      "x": 2,
      "y": 22,
      "zIndex": 14
    },
    {
      "allowDataLink": false,
      "backgroundColor": "#ffffff",
      "border": false,
      "clickToFilter": true,
      "componentFilter": "",
      "contextMenuMethods": {
        "componentFilter": true,
        "copy": true,
        "deletable": true,
        "export": true,
        "fullscreen": true,
        "layers": true,
        "settings": true
      },
      "diagramBackground": true,
      "diagramBackgroundStyle": {
        "fillColor": "#cccccc",
        "opacity": 1
      },
      "diagramBorder": false,
      "diagramBorderStyle": {
        "lineColor": "#e9e9e9",
        "lineOpacity": 1,
        "lineWidth": 1
      },
      "feedbackMode": false,
      "filteringSelf": true,
      "formulas": [],
      "hasBackground": true,
      "hasHoverbuttons": false,
      "height": 6,
      "id": "242a9b24-782d-4baa-b635-d2f878b6e8aa",
      "maximized": false,
      "selection": [],
      "showHeader": true,
      "text": "\n   Salary (Salary Group 1):\n",
      "title": "",
      "titleStyle": {
        "currentFontSize": {
          "name": "x-large 17px",
          "value": 17
        },
        "fontSize": 17
      },
      "toolBorder": false,
      "type": "text",
      "vertical": false,
      "width": 15,
      "x": 1,
      "y": 33,
      "zIndex": 15
    },
    {
      "allowDataLink": false,
      "backgroundColor": "#ffffff",
      "border": false,
      "clickToFilter": true,
      "componentFilter": "",
      "contextMenuMethods": {
        "componentFilter": true,
        "copy": true,
        "deletable": true,
        "export": true,
        "fullscreen": true,
        "layers": true,
        "settings": true
      },
      "diagramBackground": true,
      "diagramBackgroundStyle": {
        "fillColor": "#cccccc",
        "opacity": 1
      },
      "diagramBorder": false,
      "diagramBorderStyle": {
        "lineColor": "#e9e9e9",
        "lineOpacity": 1,
        "lineWidth": 1
      },
      "feedbackMode": false,
      "filteringSelf": true,
      "formulas": [],
      "hasBackground": true,
      "hasHoverbuttons": false,
      "height": 6,
      "id": "a1132a72-998c-4d5e-a79e-bb5d6b733b71",
      "maximized": false,
      "selection": [],
      "showHeader": true,
      "text": "\n   Weekly Working Hours:",
      "title": "",
      "titleStyle": {
        "currentFontSize": {
          "name": "x-large 17px",
          "value": 17
        },
        "fontSize": 17
      },
      "toolBorder": false,
      "type": "text",
      "vertical": false,
      "width": 15,
      "x": 1,
      "y": 26,
      "zIndex": 18
    },
    {
      "allowDataLink": false,
      "backgroundColor": "#ffffff",
      "border": false,
      "clickToFilter": true,
      "componentFilter": "",
      "contextMenuMethods": {
        "componentFilter": true,
        "copy": true,
        "deletable": true,
        "export": true,
        "fullscreen": true,
        "layers": true,
        "settings": true
      },
      "diagramBackground": false,
      "diagramBackgroundStyle": {
        "fillColor": "",
        "opacity": 1
      },
      "diagramBorder": true,
      "diagramBorderStyle": {
        "lineColor": "#e9e9e9",
        "lineOpacity": 1,
        "lineWidth": 1
      },
      "feedbackMode": false,
      "filteringSelf": true,
      "hasBackground": true,
      "hasHoverbuttons": false,
      "height": 2,
      "id": "65392513-8113-44a6-acea-05ac70596dae",
      "maximized": false,
      "placeholder": "On weekly basis",
      "selection": [],
      "showHeader": true,
      "title": "",
      "titleStyle": {
        "currentFontSize": {
          "name": "x-large 17px",
          "value": 17
        },
        "fontSize": 17
      },
      "toolBorder": false,
      "type": "variable_input",
      "variableName": "WeeklyHours",
      "vertical": false,
      "width": 13,
      "x": 2,
      "y": 29,
      "zIndex": 19
    },
    {
      "activityColumnRef": "\"_CEL_PP_ACTIVITIES\".\"ACTIVITY_EN\"",
      "activityConfigurations": [
        {
          "color": "#14a9d5",
          "hidden": false,
          "name": "Change Scheduled Start Date"
        },
        {
          "color": "#14a9d5",
          "hidden": false,
          "name": "Change Total Qty"
        },
        {
          "color": "#14a9d5",
          "hidden": false,
          "name": "Make Usage Decision"
        },
        {
          "color": "#14a9d5",
          "hidden": false,
          "name": "Status: Closed"
        },
        {
          "color": "#14a9d5",
          "hidden": false,
          "name": "Status: Closed (Inactive)"
        },
        {
          "color": "#14a9d5",
          "hidden": false,
          "name": "Status: Confirmed"
        },
        {
          "color": "#14a9d5",
          "hidden": false,
          "name": "Status: Confirmed (Inactive)"
        },
        {
          "color": "#14a9d5",
          "hidden": false,
          "name": "Status: Deletion Flag"
        },
        {
          "color": "#14a9d5",
          "hidden": false,
          "name": "Status: Deletion Flag (Inactive)"
        },
        {
          "color": "#14a9d5",
          "hidden": false,
          "name": "Status: Delivered"
        },
        {
          "color": "#14a9d5",
          "hidden": false,
          "name": "Status: Delivered (Inactive)"
        },
        {
          "color": "#14a9d5",
          "hidden": false,
          "name": "Status: Locked (Inactive)"
        },
        {
          "color": "#14a9d5",
          "hidden": false,
          "name": "Status: Released"
        },
        {
          "color": "#14a9d5",
          "hidden": false,
          "name": "Status: Technically completed"
        },
        {
          "color": "#14a9d5",
          "hidden": false,
          "name": "Status: Technically completed (Inactive)"
        },
        {
          "color": "#14a9d5",
          "hidden": false,
          "name": "Create Process Order"
        },
        {
          "color": "#14a9d5",
          "hidden": false,
          "name": "Status: WIP to VAR"
        },
        {
          "color": "#14a9d5",
          "hidden": false,
          "name": "Status: WIP to VAR (Inactive)"
        },
        {
          "color": "#14a9d5",
          "hidden": false,
          "name": "Actual Start Time"
        },
        {
          "color": "#14a9d5",
          "hidden": false,
          "name": "GI for order"
        },
        {
          "color": "#14a9d5",
          "hidden": false,
          "name": "GR for acct. assgt."
        },
        {
          "color": "#14a9d5",
          "hidden": false,
          "name": "Goods receipt"
        },
        {
          "color": "#14a9d5",
          "hidden": false,
          "name": "Status: Locked"
        }
      ],
      "allowDataLink": false,
      "backgroundColor": "#ffffff",
      "border": false,
      "clickToFilter": true,
      "componentFilter": "",
      "contextMenuMethods": {
        "componentFilter": true,
        "copy": true,
        "deletable": true,
        "export": true,
        "fullscreen": true,
        "layers": true,
        "settings": true
      },
      "diagramBackground": false,
      "diagramBackgroundStyle": {
        "fillColor": "",
        "opacity": 1
      },
      "diagramBorder": true,
      "diagramBorderStyle": {
        "color": "#6FA7D1",
        "lineColor": "#e9e9e9",
        "lineOpacity": 1,
        "lineWidth": 1,
        "opacityInDec": 100
      },
      "edgeSliderState": 0,
      "feedbackMode": false,
      "filteringSelf": true,
      "fullDotLayout": true,
      "groupsConfigurations": [],
      "hasBackground": true,
      "hasHoverbuttons": false,
      "height": 40,
      "hiddenActivities": {},
      "hoverButtonFixed": false,
      "hoverButtonPosition": "LEFT",
      "id": "6c2cdf70-0eaf-4397-9a1c-44da68ad3d51",
      "kpiView": {
        "activityKpi": {
          "id": "e9b1769f-aefa-46d2-b32e-739e0b9fc8bb",
          "name": "Automation",
          "text": "SUM(CASE WHEN \"_CEL_PP_ACTIVITIES\".\"USER_TYPE\" = 'B' OR \"_CEL_PP_ACTIVITIES\".\"USER_TYPE\" = 'C' OR \"_CEL_PP_ACTIVITIES\".\"USER_TYPE\" = 'S' THEN 1.0 ELSE 0.0 END)/SUM(CASE WHEN ISNULL(\"_CEL_PP_ACTIVITIES\".\"USER_TYPE\") = 0 THEN 1.0 ELSE 0.0 END)",
          "valueFormat": "%"
        },
        "activityKpis": [
          {
            "id": "e9b1769f-aefa-46d2-b32e-739e0b9fc8bb",
            "name": "Automation",
            "text": "AVG(CASE WHEN ISNULL(\"_CEL_PP_ACTIVITIES\".\"USER_TYPE\") = 1 THEN NULL \r\nWHEN \"_CEL_PP_ACTIVITIES\".\"USER_TYPE\" IN (<%=AutomaticUserType%>) THEN 1.0 ELSE 0.0 END)",
            "valueFormat": "%"
          }
        ],
        "connectionKpis": [],
        "edgesFormatting": {
          "colorThresholds": []
        },
        "icon": "icons/icon-percentage.svg",
        "id": "f269a2c9-5e37-4dc0-acfb-8865e0fa5815",
        "nodesFormatting": {
          "colorThresholds": [
            {
              "color": "#78B604",
              "compare": ">=",
              "formula": "0.66"
            },
            {
              "color": "#FF8B00",
              "compare": "<",
              "formula": "0.66"
            },
            {
              "color": "#D70A0A",
              "compare": "<=",
              "formula": "0.33"
            }
          ],
          "reversed": true
        },
        "title": "Automation"
      },
      "maximized": false,
      "nodeSliderState": 1,
      "selection": [],
      "showHeader": true,
      "title": "Process Explorer",
      "titleStyle": {
        "backgroundColor": "",
        "bold": true,
        "borderColor": "",
        "currentFontSize": {
          "name": "medium 14px",
          "value": 14
        },
        "fontColor": "",
        "fontSize": 14
      },
      "toolBorder": false,
      "type": "simple_process",
      "version": 2,
      "vertical": false,
      "width": 27,
      "x": 72,
      "y": 8,
      "zIndex": 19
    },
    {
      "allowDataLink": false,
      "backgroundColor": "#911027",
      "border": false,
      "buttonTitle": "<%=ActivitySavings%>",
      "buttons": [],
      "clickToFilter": true,
      "componentFilter": "",
      "contextMenuMethods": {
        "componentFilter": true,
        "copy": true,
        "deletable": true,
        "export": true,
        "fullscreen": true,
        "layers": true,
        "settings": true
      },
      "diagramBackground": false,
      "diagramBackgroundStyle": {
        "fillColor": "",
        "opacity": 1
      },
      "diagramBorder": true,
      "diagramBorderStyle": {
        "lineColor": "#e9e9e9",
        "lineOpacity": 1,
        "lineWidth": 1
      },
      "feedbackMode": false,
      "filteringSelf": true,
      "hasBackground": true,
      "hasHoverbuttons": false,
      "height": 2,
      "id": "3b497820-d507-428d-8279-aec8e81c70a2",
      "inputType": "Load Entries",
      "lastColumnType": "string",
      "loadEntries": {
        "escapeChar": "",
        "formula": {
          "text": "\"_CEL_PP_ACTIVITIES\".\"ACTIVITY_EN\""
        },
        "isMultiSelect": true,
        "preview": "'Value1','Value2'",
        "separator": ",",
        "variableName": "ActivitySavings",
        "wrappingCharEnd": "'",
        "wrappingCharStart": "'"
      },
      "maximized": false,
      "selection": [],
      "showHeader": true,
      "title": "",
      "titleStyle": {
        "currentFontSize": {
          "name": "x-large 17px",
          "value": 17
        },
        "fontSize": 17
      },
      "toolBorder": false,
      "type": "button_dropdown",
      "vertical": false,
      "width": 14,
      "x": 56,
      "y": 8,
      "zIndex": 10
    },
    {
      "allowDataLink": false,
      "backgroundColor": "#ffffff",
      "border": false,
      "clickToFilter": true,
      "componentFilter": "",
      "contextMenuMethods": {
        "componentFilter": true,
        "copy": true,
        "deletable": true,
        "export": true,
        "fullscreen": true,
        "layers": true,
        "settings": true
      },
      "diagramBackground": true,
      "diagramBackgroundStyle": {
        "fillColor": "#cccccc",
        "opacity": 1
      },
      "diagramBorder": false,
      "diagramBorderStyle": {
        "lineColor": "#e9e9e9",
        "lineOpacity": 1,
        "lineWidth": 1
      },
      "feedbackMode": false,
      "filteringSelf": true,
      "formulas": [],
      "hasBackground": true,
      "hasHoverbuttons": false,
      "height": 6,
      "id": "a60009f2-e354-4be4-bcf9-1a99f98480a8",
      "maximized": false,
      "selection": [],
      "showHeader": true,
      "text": "[center][size=14]\nEstimated Saved Manual Activities\n[/size][/center]",
      "title": "",
      "titleStyle": {
        "currentFontSize": {
          "name": "x-large 17px",
          "value": 17
        },
        "fontSize": 17
      },
      "toolBorder": false,
      "type": "text",
      "vertical": false,
      "width": 12,
      "x": 58,
      "y": 11,
      "zIndex": 21
    },
    {
      "allowDataLink": false,
      "backgroundColor": "#ffffff",
      "border": false,
      "clickToFilter": true,
      "componentFilter": "",
      "contextMenuMethods": {
        "componentFilter": true,
        "copy": true,
        "deletable": true,
        "export": true,
        "fullscreen": true,
        "layers": true,
        "settings": true
      },
      "diagramBackground": true,
      "diagramBackgroundStyle": {
        "fillColor": "#cccccc",
        "opacity": 1
      },
      "diagramBorder": false,
      "diagramBorderStyle": {
        "lineColor": "#e9e9e9",
        "lineOpacity": 1,
        "lineWidth": 1
      },
      "feedbackMode": false,
      "filteringSelf": true,
      "formulas": [],
      "hasBackground": true,
      "hasHoverbuttons": false,
      "height": 8,
      "id": "2451f610-3b1c-44ec-8bac-ccf98bf9ca90",
      "maximized": false,
      "selection": [],
      "showHeader": true,
      "text": "   \n   Estimated Savings Potential per Activity",
      "title": "",
      "titleStyle": {
        "currentFontSize": {
          "name": "x-large 17px",
          "value": 17
        },
        "fontSize": 17
      },
      "toolBorder": false,
      "type": "text",
      "vertical": false,
      "width": 27,
      "x": 43,
      "y": 17,
      "zIndex": 3
    },
    {
      "allowDataLink": false,
      "backgroundColor": "#ffffff",
      "border": false,
      "clickToFilter": true,
      "componentFilter": "",
      "contextMenuMethods": {
        "componentFilter": true,
        "copy": true,
        "deletable": true,
        "export": true,
        "fullscreen": true,
        "layers": true,
        "settings": true
      },
      "diagramBackground": true,
      "diagramBackgroundStyle": {
        "fillColor": "#cccccc",
        "opacity": 1
      },
      "diagramBorder": false,
      "diagramBorderStyle": {
        "lineColor": "#e9e9e9",
        "lineOpacity": 1,
        "lineWidth": 1
      },
      "feedbackMode": false,
      "filteringSelf": true,
      "formulas": [],
      "hasBackground": true,
      "hasHoverbuttons": false,
      "height": 4,
      "id": "6cfcb2df-ef43-4b5a-8840-2e4c17ca1599",
      "maximized": false,
      "selection": [],
      "showHeader": true,
      "text": "[b]   \n   Estimated Savings Potential in Total[/b]",
      "title": "",
      "titleStyle": {
        "currentFontSize": {
          "name": "x-large 17px",
          "value": 17
        },
        "fontSize": 17
      },
      "toolBorder": false,
      "type": "text",
      "vertical": false,
      "width": 27,
      "x": 43,
      "y": 25,
      "zIndex": 20
    },
    {
      "allowDataLink": false,
      "backgroundColor": "#ffffff",
      "border": false,
      "clickToFilter": true,
      "componentFilter": "",
      "contextMenuMethods": {
        "componentFilter": true,
        "copy": true,
        "deletable": true,
        "export": true,
        "fullscreen": true,
        "layers": true,
        "settings": true
      },
      "diagramBackground": true,
      "diagramBackgroundStyle": {
        "fillColor": "#f6f7f8",
        "opacity": 1
      },
      "diagramBorder": false,
      "diagramBorderStyle": {
        "lineColor": "#e9e9e9",
        "lineOpacity": 1,
        "lineWidth": 1
      },
      "feedbackMode": false,
      "filteringSelf": true,
      "formulas": [],
      "hasBackground": true,
      "hasHoverbuttons": false,
      "height": 42,
      "id": "ad6f23ce-9cb5-4771-82ea-a083fa7c7d4e",
      "maximized": false,
      "selection": [],
      "showHeader": true,
      "text": "",
      "title": "",
      "titleStyle": {
        "currentFontSize": {
          "name": "x-large 17px",
          "value": 17
        },
        "fontSize": 17
      },
      "toolBorder": false,
      "type": "text",
      "vertical": false,
      "width": 29,
      "x": 71,
      "y": 7,
      "zIndex": 6
    },
    {
      "allowDataLink": false,
      "backgroundColor": "#ffffff",
      "border": false,
      "clickToFilter": true,
      "componentFilter": "",
      "contextMenuMethods": {
        "componentFilter": true,
        "copy": true,
        "deletable": true,
        "export": true,
        "fullscreen": true,
        "layers": true,
        "settings": true
      },
      "diagramBackground": true,
      "diagramBackgroundStyle": {
        "fillColor": "#f6f7f8",
        "opacity": 1
      },
      "diagramBorder": false,
      "diagramBorderStyle": {
        "lineColor": "#e9e9e9",
        "lineOpacity": 1,
        "lineWidth": 1
      },
      "feedbackMode": false,
      "filteringSelf": true,
      "formulas": [],
      "hasBackground": true,
      "hasHoverbuttons": false,
      "height": 19,
      "id": "3d3efae4-7a33-4142-a4f0-02a28fe500f5",
      "maximized": false,
      "selection": [],
      "showHeader": true,
      "text": "",
      "title": "",
      "titleStyle": {
        "currentFontSize": {
          "name": "x-large 17px",
          "value": 17
        },
        "fontSize": 17
      },
      "toolBorder": false,
      "type": "text",
      "vertical": false,
      "width": 54,
      "x": 17,
      "y": 30,
      "zIndex": 6
    },
    {
      "allowDataLink": false,
      "axis0": [
        {
          "flex": 1,
          "name": "#{Process Step}",
          "notIncluded": false,
          "sorting": null,
          "sortingIndex": null,
          "text": "\"_CEL_PP_ACTIVITIES\".\"ACTIVITY_EN\"",
          "translatedName": "Process Step",
          "type": "dimension",
          "valueFormat": "",
          "width": 232
        }
      ],
      "axis0Config": {
        "autoTickCount": true,
        "axisLabelStyle": {
          "backgroundColor": "",
          "borderColor": "",
          "currentFontSize": {
            "name": "x-small 11px",
            "value": 11
          },
          "fontColor": "",
          "fontSize": 11
        },
        "axisLineStyle": {
          "lineOpacity": 1
        },
        "axisTitleStyle": {
          "backgroundColor": "",
          "borderColor": "",
          "currentFontSize": {
            "name": "small 13px",
            "value": 13
          },
          "fontColor": "",
          "fontSize": 13
        },
        "gapWidth": 0.45,
        "gridlineStyle": {
          "lineOpacity": 1
        },
        "showAxis": true,
        "showAxisLabels": true,
        "showTickLines": true
      },
      "axis1": [],
      "axis1Config": {
        "autoTickCount": true,
        "axisLabelStyle": {
          "backgroundColor": "",
          "borderColor": "",
          "currentFontSize": {
            "name": "x-small 11px",
            "value": 11
          },
          "fontColor": "",
          "fontSize": 11
        },
        "axisLineStyle": {
          "lineOpacity": 1
        },
        "axisTitleStyle": {
          "backgroundColor": "",
          "borderColor": "",
          "currentFontSize": {
            "name": "small 13px",
            "value": 13
          },
          "fontColor": "",
          "fontSize": 13
        },
        "boundsMode": "AUTO",
        "gridlineStyle": {
          "lineColor": "#e4e4e4",
          "lineOpacity": 1,
          "lineWidth": 1
        },
        "showAxis": true,
        "showAxisLabels": true,
        "showGridlines": true,
        "showTickLines": true
      },
      "axis2": [
        {
          "dataLabelStyle": {},
          "dataLabelsPosition": "custom",
          "fillStyle": {
            "opacity": 1
          },
          "flex": 0.5733,
          "ignoreSeriesPalettes": true,
          "name": "# Activities",
          "notIncluded": false,
          "ratioFormula": {},
          "seriesColor": "#eeeeee",
          "seriesColorMapping": "",
          "seriesPalette": "",
          "showDataLabels": false,
          "sorting": null,
          "sortingIndex": null,
          "text": "COUNT(\"_CEL_PP_ACTIVITIES\".\"ACTIVITY_EN\")",
          "textColor": "",
          "textColorMapping": "",
          "translatedName": "# Activities",
          "valueFormat": ",f",
          "width": 133
        },
        {
          "dataLabelStyle": {},
          "dataLabelsPosition": "custom",
          "fillStyle": {
            "opacity": 1
          },
          "flex": 0.5474,
          "ignoreSeriesPalettes": true,
          "name": "# Manual Activities",
          "notIncluded": false,
          "ratioFormula": {},
          "seriesColor": "#eeeeee",
          "seriesColorMapping": "",
          "seriesPalette": "",
          "showDataLabels": false,
          "sorting": null,
          "sortingIndex": null,
          "text": "COUNT(CASE WHEN \"_CEL_PP_ACTIVITIES\".\"USER_TYPE\" IN (<%=ManualUserType%>)\n           THEN 1.0\n           ELSE NULL\n    END)",
          "textColor": "",
          "textColorMapping": "",
          "translatedName": "# Manual Activities",
          "valueFormat": ",f",
          "width": 127
        },
        {
          "dataLabelStyle": {},
          "dataLabelsPosition": "custom",
          "fillStyle": {
            "opacity": 1
          },
          "flex": 0.5259,
          "ignoreSeriesPalettes": true,
          "name": "Manual Rate",
          "notIncluded": false,
          "ratioFormula": {},
          "seriesColor": "#eeeeee",
          "seriesColorMapping": "",
          "seriesPalette": "",
          "showDataLabels": false,
          "sorting": null,
          "sortingIndex": null,
          "text": "KPI(\"Manual_Rate\")",
          "textColor": "",
          "textColorMapping": "",
          "translatedName": "Manual Rate",
          "valueFormat": "%",
          "width": 122
        },
        {
          "dataLabelStyle": {},
          "dataLabelsPosition": "custom",
          "fillStyle": {
            "opacity": 1
          },
          "flex": 0.7241,
          "ignoreSeriesPalettes": true,
          "name": "Estimated Saved Manual Activities",
          "notIncluded": false,
          "seriesColor": "",
          "seriesColorMapping": "",
          "seriesPalette": "",
          "showDataLabels": false,
          "sorting": "DESC",
          "sortingIndex": 1,
          "text": "COUNT(CASE WHEN \"_CEL_PP_ACTIVITIES\".\"USER_TYPE\" IN (<%=ManualUserType%>) \n           THEN 1.0\n           ELSE NULL\n    END) * 0.01 * <%=AutomationPotential%>",
          "textColor": "",
          "textColorMapping": "",
          "translatedName": "Estimated Saved Manual Activities",
          "valueFormat": ",f",
          "width": 168
        },
        {
          "dataLabelStyle": {},
          "dataLabelsPosition": "custom",
          "fillStyle": {
            "opacity": 1
          },
          "flex": 0.8491,
          "ignoreSeriesPalettes": true,
          "name": "Estimated Savings Potential",
          "notIncluded": false,
          "seriesColor": "",
          "seriesColorMapping": "",
          "seriesPalette": "",
          "showDataLabels": false,
          "sorting": "DESC",
          "sortingIndex": 0,
          "text": "COUNT(CASE WHEN \"_CEL_PP_ACTIVITIES\".\"USER_TYPE\" IN (<%=ManualUserType%>) \n           AND \"USER_REGION\".\"Category\" = 1\n           THEN 1.0\n           ELSE NULL\n    END) * 0.01 * <%=AutomationPotential%> * (20000 / (<%=WeeklyHours%> * 52 * 60)) * <%=EstimatedTime%>\n    \n+\n\nCOUNT(CASE WHEN \"_CEL_PP_ACTIVITIES\".\"USER_TYPE\" IN (<%=ManualUserType%>) \n           AND (\"USER_REGION\".\"Category\" = 2 OR ISNULL(\"USER_REGION\".\"Category\")=1)\n           THEN 1.0\n           ELSE NULL\n    END) * 0.01 * <%=AutomationPotential%> * (50000 / (<%=WeeklyHours%> * 52 * 60)) * <%=EstimatedTime%>",
          "textColor": "",
          "textColorMapping": "",
          "translatedName": "Estimated Savings Potential",
          "units": " <%=Currency%>",
          "valueFormat": ",f",
          "width": 197
        }
      ],
      "axis2Config": {
        "autoTickCount": true,
        "axisLabelStyle": {
          "backgroundColor": "",
          "borderColor": "",
          "fontColor": ""
        },
        "axisLineStyle": {},
        "axisTitleStyle": {
          "backgroundColor": "",
          "borderColor": "",
          "currentFontSize": {
            "name": "small 13px",
            "value": 13
          },
          "fontColor": "",
          "fontSize": 13
        },
        "boundsMode": "AUTO",
        "gridlineStyle": {},
        "showAxis": true,
        "showAxisLabels": true,
        "showTickLines": true
      },
      "backgroundColor": "#ffffff",
      "border": false,
      "chartType": "table",
      "clickToFilter": true,
      "componentFilter": "",
      "contextMenuMethods": {
        "componentFilter": true,
        "copy": true,
        "deletable": true,
        "export": true,
        "fullscreen": true,
        "layers": true,
        "settings": true
      },
      "dataLabelsPositions": [
        "top",
        "middle",
        "bottom",
        "custom"
      ],
      "diagramBackground": true,
      "diagramBackgroundStyle": {
        "fillColor": "#cccccc",
        "opacity": 1
      },
      "diagramBorder": true,
      "diagramBorderStyle": {
        "color": "#6FA7D1",
        "lineColor": "#e9e9e9",
        "lineOpacity": 1,
        "lineWidth": 1,
        "opacityInDec": 100
      },
      "feedbackMode": false,
      "filteringSelf": true,
      "hasBackground": true,
      "hasHoverbuttons": false,
      "height": 15,
      "hoverButtonFixed": false,
      "hoverButtonPosition": "RIGHT",
      "id": "bb327f67-589b-4139-b50a-bd31de570458",
      "legendFontStyle": {
        "backgroundColor": "",
        "borderColor": "",
        "currentFontSize": {
          "name": "x-small 11px",
          "value": 11
        },
        "fontColor": "",
        "fontSize": 11
      },
      "legendOverlay": false,
      "legendPosition": "bc",
      "legendShow": true,
      "limitMode": "NO_LIMIT",
      "limitNumber": 100,
      "maximized": false,
      "multisort": true,
      "selection": [],
      "showHeader": true,
      "showOthers": false,
      "showTitle": true,
      "textStyle": {
        "bold": false,
        "currentFontSize": {
          "name": "medium 14px",
          "value": 14
        },
        "fontSize": 14
      },
      "title": "",
      "titleStyle": {
        "backgroundColor": "",
        "borderColor": "",
        "currentFontSize": {
          "name": "x-large 17px",
          "value": 17
        },
        "fontColor": "",
        "fontSize": 17
      },
      "toolBorder": false,
      "tooltips": true,
      "type": "pql-table",
      "vertical": false,
      "width": 52,
      "x": 18,
      "y": 33,
      "zIndex": 10
    },
    {
      "allowDataLink": false,
      "axis0": [
        {
          "active": true,
          "fillStyle": {
            "opacity": 1
          },
          "meta": {
            "columnName": "# Manual Activities",
            "columnType": "float",
            "expressionLhs": null,
            "format": ",f"
          },
          "name": "# Manual Activities",
          "ratioFormula": {},
          "seriesColor": "",
          "seriesColorMapping": "",
          "seriesPalette": "",
          "text": "SUM(CASE WHEN \"_CEL_PP_ACTIVITIES\".\"USER_TYPE\" IN (<%=ManualUserType%>)\n         THEN 1.0\n         ELSE 0.0\n    END)",
          "translatedName": "# Manual Activities",
          "type": "dimension",
          "valueFormat": ",f"
        }
      ],
      "axis0Config": {
        "autoTickCount": true,
        "axisLabelStyle": {
          "backgroundColor": "",
          "borderColor": "",
          "currentFontSize": {
            "name": "x-small 11px",
            "value": 11
          },
          "fontColor": "",
          "fontSize": 11
        },
        "axisLineStyle": {
          "color": "#6FA7D1",
          "lineColor": "",
          "lineOpacity": 1,
          "lineWidth": 1,
          "opacityInDec": 100
        },
        "axisTitleStyle": {
          "backgroundColor": "",
          "borderColor": "",
          "currentFontSize": {
            "name": "small 13px",
            "value": 13
          },
          "fontColor": "",
          "fontSize": 13
        },
        "boundsMax": 150000,
        "boundsMin": 0,
        "boundsMode": "MANUAL",
        "gridlineStyle": {
          "color": "#6FA7D1",
          "lineColor": "#e4e4e4",
          "lineOpacity": 1,
          "lineWidth": 1,
          "opacityInDec": 100
        },
        "showAxis": true,
        "showAxisLabels": true,
        "showAxisTitle": true,
        "showGridlines": true,
        "showTickLines": true,
        "title": "# Manual Activities"
      },
      "axis1": [],
      "axis1Config": {
        "autoTickCount": true,
        "axisLabelStyle": {
          "backgroundColor": "",
          "borderColor": "",
          "currentFontSize": {
            "name": "x-small 11px",
            "value": 11
          },
          "fontColor": "",
          "fontSize": 11
        },
        "axisLineStyle": {
          "color": "#6FA7D1",
          "lineColor": "",
          "lineOpacity": 1,
          "lineWidth": 1,
          "opacityInDec": 100
        },
        "axisTitleStyle": {
          "backgroundColor": "",
          "borderColor": "",
          "currentFontSize": {
            "name": "small 13px",
            "value": 13
          },
          "fontColor": "",
          "fontSize": 13
        },
        "boundsMode": "AUTO",
        "gridlineStyle": {
          "color": "#6FA7D1",
          "lineColor": "#e4e4e4",
          "lineOpacity": 1,
          "lineWidth": 1,
          "opacityInDec": 100
        },
        "showAxis": true,
        "showAxisLabels": true,
        "showAxisTitle": true,
        "showGridlines": true,
        "showTickLines": true,
        "title": "Manual Rate"
      },
      "axis2": [
        {
          "active": true,
          "dataLabelStyle": {
            "alignment": "center",
            "backgroundColor": "transparent",
            "bold": true,
            "borderColor": "",
            "currentFont": {
              "cssClass": "",
              "name": "default_font",
              "value": "Arial"
            },
            "currentFontSize": {
              "name": "small 13px",
              "value": 13
            },
            "font": "Arial",
            "fontColor": "",
            "fontSize": 13
          },
          "dataLabelsPosition": "top",
          "fillStyle": {
            "opacity": 1
          },
          "legendMarkerColor": "#286782",
          "meta": {
            "columnName": "Manual Rate",
            "columnType": "float",
            "expressionLhs": null,
            "format": "%"
          },
          "name": "Manual Rate",
          "seriesColor": "#286782",
          "seriesColorMapping": "",
          "showDataLabels": true,
          "text": "AVG(CASE WHEN \"_CEL_PP_ACTIVITIES\".\"USER_TYPE\" IN ( <%=ManualUserType%> )  THEN 1.0 ELSE 0.0 END)",
          "translatedName": "Manual Rate",
          "type": "dimension",
          "valueFormat": "%"
        },
        {
          "active": true,
          "coloringBasedOnGrouping": false,
          "meta": {
            "columnName": "Grouping",
            "columnType": "string",
            "expressionLhs": "\"_CEL_PP_ACTIVITIES\".\"ACTIVITY_EN\" AS \"Grouping\"",
            "format": ""
          },
          "name": "Grouping",
          "seriesPalette": "",
          "text": "\"_CEL_PP_ACTIVITIES\".\"ACTIVITY_EN\"",
          "translatedName": "Grouping"
        }
      ],
      "axis2Config": {
        "autoTickCount": true,
        "axisLabelStyle": {
          "backgroundColor": "",
          "borderColor": "",
          "fontColor": ""
        },
        "axisLineStyle": {},
        "axisTitleStyle": {
          "backgroundColor": "",
          "borderColor": "",
          "currentFontSize": {
            "name": "small 13px",
            "value": 13
          },
          "fontColor": "",
          "fontSize": 13
        },
        "boundsMode": "AUTO",
        "gridlineStyle": {},
        "showAxis": true,
        "showAxisLabels": true,
        "showTickLines": true
      },
      "backgroundColor": "#ffffff",
      "border": false,
      "chartType": "new_scatter",
      "clickToFilter": true,
      "componentFilter": "",
      "contextMenuMethods": {
        "componentFilter": true,
        "copy": true,
        "deletable": true,
        "export": true,
        "fullscreen": true,
        "layers": true,
        "settings": true
      },
      "dataLabelsPositions": [
        "top",
        "middle",
        "bottom",
        "custom"
      ],
      "diagramBackground": false,
      "diagramBackgroundStyle": {
        "fillColor": "",
        "opacity": 1
      },
      "diagramBorder": true,
      "diagramBorderStyle": {
        "color": "#6FA7D1",
        "lineColor": "#e9e9e9",
        "lineOpacity": 1,
        "lineWidth": 1,
        "opacityInDec": 100
      },
      "disableExclusion": false,
      "disableSelections": false,
      "feedbackMode": false,
      "filteringSelf": true,
      "grouping": true,
      "grpName": "Grouping",
      "hasBackground": true,
      "hasHoverbuttons": false,
      "height": 21,
      "horName": "Horizontal axis",
      "hoverButtonFixed": false,
      "hoverButtonPosition": "RIGHT",
      "id": "4eae17a1-fd96-4a3e-a3d2-c0ba5de6fe4d",
      "legendFontStyle": {
        "backgroundColor": "",
        "borderColor": "",
        "currentFontSize": {
          "name": "x-small 11px",
          "value": 11
        },
        "fontColor": "",
        "fontSize": 11
      },
      "legendOverlay": false,
      "legendPosition": "bc",
      "legendShow": false,
      "limitMode": "LIMIT",
      "limitNumber": 5,
      "maximized": false,
      "positionLines": [
        {
          "formula": {
            "text": ""
          },
          "isSecondary": false,
          "labelPosition": 1,
          "lineConfig": {},
          "name": "Position Line",
          "positionLineFormat": {
            "color": "#6FA7D1",
            "lineColor": "#777",
            "lineOpacity": 1,
            "lineStyle": "dotted",
            "lineWidth": 1,
            "opacityInDec": 100
          }
        }
      ],
      "radius": 4,
      "scrollMode": "LIMIT",
      "selection": [],
      "showHeader": true,
      "showTitle": true,
      "sorting": {
        "active": true,
        "name": "Sorting",
        "sorter": "DESC",
        "text": "CASE WHEN (<%=AutomationPotential%> - KPI(\"Manual_Rate\")*100) <= 0\n     THEN SUM(CASE WHEN \"_CEL_PP_ACTIVITIES\".\"USER_TYPE\" IN (<%=ManualUserType%>)\n                   THEN 1.0\n                   ELSE 0.0\n              END) * 0.01 * <%=AutomationPotential%> \n                   * (<%=AnnualSalary%> / (<%=WeeklyHours%> * 52 * 60)) * <%=EstimatedTime%>\n              \n     ELSE SUM(CASE WHEN \"_CEL_PP_ACTIVITIES\".\"USER_TYPE\" IN (<%=ManualUserType%>)\n                   THEN 1.0\n                   ELSE 0.0\n              END) * 0.01 * (<%=AutomationPotential%> - KPI(\"Manual_Rate\")*100) \n                   * (<%=AnnualSalary%> / (<%=WeeklyHours%> * 52 * 60)) * <%=EstimatedTime%>\nEND ",
        "translatedName": "Sorting"
      },
      "textStyle": {
        "currentFontSize": {
          "name": "medium 14px",
          "value": 14
        },
        "fontSize": 14
      },
      "title": "Top 5 Activities by Savings Potential",
      "titleStyle": {
        "backgroundColor": "",
        "bold": true,
        "borderColor": "",
        "currentFontSize": {
          "name": "large 15px",
          "value": 15
        },
        "fontColor": "",
        "fontSize": 15
      },
      "toolBorder": false,
      "tooltips": true,
      "type": "new-scatter-plot",
      "verName": "Vertical axis",
      "vertical": false,
      "verticalScroll": true,
      "width": 23,
      "x": 18,
      "y": 8,
      "zIndex": 26
    },
    {
      "allowDataLink": false,
      "backgroundColor": "#ffffff",
      "border": false,
      "clickToFilter": true,
      "componentFilter": "",
      "contextMenuMethods": {
        "componentFilter": true,
        "copy": true,
        "deletable": true,
        "export": true,
        "fullscreen": true,
        "layers": true,
        "settings": true
      },
      "diagramBackground": false,
      "diagramBackgroundStyle": {
        "fillColor": "",
        "opacity": 1
      },
      "diagramBorder": true,
      "diagramBorderStyle": {
        "color": "#6FA7D1",
        "lineColor": "#e9e9e9",
        "lineOpacity": 1,
        "lineWidth": 1,
        "opacityInDec": 100
      },
      "feedbackMode": false,
      "filteredThresholds": false,
      "filteringSelf": true,
      "formula": {
        "name": "Overall Automation Rate",
        "text": "SUM(CASE WHEN \"_CEL_PP_ACTIVITIES\".\"USER_TYPE\" IN (<%=AutomaticUserType%>)\n         THEN 1.0\n         ELSE 0.0\n    END)\n/ (SUM(CASE WHEN \"_CEL_PP_ACTIVITIES\".\"USER_TYPE\" IN (<%=AutomaticUserType%>)\n           THEN 1.0\n           ELSE 0.0\n      END)\n+ SUM(CASE WHEN \"_CEL_PP_ACTIVITIES\".\"USER_TYPE\" IN (<%=ManualUserType%>)\n           THEN 1.0\n           ELSE 0.0\n      END)\n)",
        "translatedName": "Overall Automation Rate",
        "valueFormat": ".2%"
      },
      "hasBackground": true,
      "hasHoverbuttons": false,
      "height": 4,
      "hoverButtonFixed": false,
      "hoverButtonPosition": "RIGHT",
      "id": "56372424-b808-449e-a14f-b3238d74f08c",
      "kpiValue": 0.6598397883167488,
      "maximized": false,
      "minHeight": 2,
      "minWidth": 2,
      "segmentsInput": [
        {
          "color": "#c8484f",
          "formula": {
            "text": "0.1"
          },
          "value": 0.1
        },
        {
          "color": "#ff797b",
          "formula": {
            "text": "0.3"
          },
          "value": 0.3
        },
        {
          "color": "#ffb55c",
          "formula": {
            "text": "0.6"
          },
          "value": 0.6
        },
        {
          "color": "#96ba55",
          "formula": {
            "text": "0.6"
          },
          "value": 0.6
        }
      ],
      "selection": [],
      "settings": {
        "fixedTextSize": false,
        "initThresholdsCount": 2,
        "singleColorEnabled": false,
        "subtitlePosition": "left",
        "viewType": "number"
      },
      "showHeader": true,
      "thresholds": [
        {
          "color": "#c8484f",
          "formula": {
            "text": "0.1"
          },
          "value": 0.1
        },
        {
          "color": "#ff797b",
          "formula": {
            "text": "0.3"
          },
          "value": 0.3
        },
        {
          "color": "#ffb55c",
          "formula": {
            "text": "0.6"
          },
          "value": 0.6
        },
        {
          "color": "#96ba55",
          "formula": {
            "text": "0.6"
          },
          "value": 0.6
        }
      ],
      "title": "Overall Automation Rate",
      "titleStyle": {
        "alignment": "center",
        "backgroundColor": "",
        "bold": true,
        "borderColor": "",
        "currentFontSize": {
          "name": "medium 14px",
          "value": 14
        },
        "fontColor": "",
        "fontSize": 14
      },
      "toolBorder": false,
      "type": "single-kpi",
      "version": 1,
      "vertical": false,
      "viewType": "radial",
      "width": 15,
      "x": 49,
      "y": 1,
      "zIndex": 17
    },
    {
      "allowDataLink": false,
      "backgroundColor": "#ffffff",
      "border": false,
      "clickToFilter": true,
      "componentFilter": "",
      "contextMenuMethods": {
        "componentFilter": true,
        "copy": true,
        "deletable": true,
        "export": true,
        "fullscreen": true,
        "layers": true,
        "settings": true
      },
      "diagramBackground": false,
      "diagramBackgroundStyle": {
        "fillColor": "",
        "opacity": 1
      },
      "diagramBorder": true,
      "diagramBorderStyle": {
        "color": "#6FA7D1",
        "lineColor": "#e9e9e9",
        "lineOpacity": 1,
        "lineWidth": 1,
        "opacityInDec": 100
      },
      "feedbackMode": false,
      "filteredThresholds": false,
      "filteringSelf": true,
      "formula": {
        "name": "Single KPI",
        "text": "SUM(CASE WHEN \"_CEL_PP_ACTIVITIES\".\"USER_TYPE\" IN (<%=AutomaticUserType%>)\n         AND \"_CEL_PP_ACTIVITIES\".\"ACTIVITY_EN\" IN (<%=FocusActivity%>)\n         THEN 1.0\n         ELSE 0.0\n    END)\n/ (SUM(CASE WHEN \"_CEL_PP_ACTIVITIES\".\"USER_TYPE\" IN (<%=AutomaticUserType%>)\n            AND \"_CEL_PP_ACTIVITIES\".\"ACTIVITY_EN\" IN (<%=FocusActivity%>)\n            THEN 1.0\n            ELSE 0.0\n       END)\n+ SUM(CASE WHEN \"_CEL_PP_ACTIVITIES\".\"USER_TYPE\" IN (<%=ManualUserType%>)\n           AND \"_CEL_PP_ACTIVITIES\".\"ACTIVITY_EN\" IN (<%=FocusActivity%>)\n           THEN 1.0\n           ELSE 0.0\n      END)\n)",
        "translatedName": "Single KPI",
        "valueFormat": ".2%"
      },
      "hasBackground": true,
      "hasHoverbuttons": false,
      "height": 4,
      "hoverButtonFixed": false,
      "hoverButtonPosition": "RIGHT",
      "id": "d4617331-8d17-4089-83ea-6798d7fd1ea1",
      "kpiValue": 0.5746020393433157,
      "maximized": false,
      "minHeight": 2,
      "minWidth": 2,
      "segmentsInput": [
        {
          "color": "#c8484f",
          "formula": {
            "text": "0.1"
          },
          "value": 0.1
        },
        {
          "color": "#ff797b",
          "formula": {
            "text": "0.3"
          },
          "value": 0.3
        },
        {
          "color": "#ffb55c",
          "formula": {
            "text": "0.6"
          },
          "value": 0.6
        },
        {
          "color": "#96ba55",
          "formula": {
            "text": "0.6"
          },
          "value": 0.6
        }
      ],
      "selection": [],
      "settings": {
        "fixedTextSize": false,
        "initThresholdsCount": 2,
        "singleColorEnabled": false,
        "subtitlePosition": "left",
        "viewType": "number"
      },
      "showHeader": true,
      "thresholds": [
        {
          "color": "#c8484f",
          "formula": {
            "text": "0.1"
          },
          "value": 0.1
        },
        {
          "color": "#ff797b",
          "formula": {
            "text": "0.3"
          },
          "value": 0.3
        },
        {
          "color": "#ffb55c",
          "formula": {
            "text": "0.6"
          },
          "value": 0.6
        },
        {
          "color": "#96ba55",
          "formula": {
            "text": "0.6"
          },
          "value": 0.6
        }
      ],
      "title": "Focus Automation Rate",
      "titleStyle": {
        "alignment": "center",
        "backgroundColor": "",
        "bold": true,
        "borderColor": "",
        "currentFontSize": {
          "name": "medium 14px",
          "value": 14
        },
        "fontColor": "",
        "fontSize": 14
      },
      "toolBorder": false,
      "type": "single-kpi",
      "version": 1,
      "vertical": false,
      "viewType": "radial",
      "width": 15,
      "x": 66,
      "y": 1,
      "zIndex": 18
    },
    {
      "allowDataLink": false,
      "backgroundColor": "#ffffff",
      "border": false,
      "clickToFilter": true,
      "componentFilter": "",
      "contextMenuMethods": {
        "componentFilter": true,
        "copy": true,
        "deletable": true,
        "export": true,
        "fullscreen": true,
        "layers": true,
        "settings": true
      },
      "diagramBackground": false,
      "diagramBackgroundStyle": {
        "fillColor": "",
        "opacity": 1
      },
      "diagramBorder": false,
      "diagramBorderStyle": {
        "lineColor": "#e9e9e9",
        "lineOpacity": 1,
        "lineWidth": 1
      },
      "feedbackMode": false,
      "filteringSelf": true,
      "formulas": [],
      "hasBackground": true,
      "hasHoverbuttons": false,
      "height": 3,
      "id": "fa5457cc-8ed2-4884-bd41-9a77e8549bc7",
      "maximized": false,
      "selection": [],
      "showHeader": true,
      "text": "[b]Est. Savings Potential for Activities: [/b]",
      "title": "",
      "titleStyle": {
        "currentFontSize": {
          "name": "x-large 17px",
          "value": 17
        },
        "fontSize": 17
      },
      "toolBorder": false,
      "type": "text",
      "vertical": false,
      "width": 16,
      "x": 43,
      "y": 8,
      "zIndex": 27
    },
    {
      "allowDataLink": false,
      "backgroundColor": "#ffffff",
      "border": false,
      "clickToFilter": true,
      "componentFilter": "",
      "contextMenuMethods": {
        "componentFilter": true,
        "copy": true,
        "deletable": true,
        "export": true,
        "fullscreen": true,
        "layers": true,
        "settings": true
      },
      "diagramBackground": true,
      "diagramBackgroundStyle": {
        "fillColor": "#cccccc",
        "opacity": 1
      },
      "diagramBorder": false,
      "diagramBorderStyle": {
        "lineColor": "#e9e9e9",
        "lineOpacity": 1,
        "lineWidth": 1
      },
      "feedbackMode": false,
      "filteringSelf": true,
      "formulas": [],
      "hasBackground": true,
      "hasHoverbuttons": false,
      "height": 6,
      "id": "173235d6-ca8e-4be5-9ea8-4fdde5a827f8",
      "maximized": false,
      "selection": [],
      "showHeader": true,
      "text": "[center]\nManual Activities in total\n[/center]",
      "title": "",
      "titleStyle": {
        "currentFontSize": {
          "name": "x-large 17px",
          "value": 17
        },
        "fontSize": 17
      },
      "toolBorder": false,
      "type": "text",
      "vertical": false,
      "width": 9,
      "x": 43,
      "y": 11,
      "zIndex": 22
    },
    {
      "allowDataLink": false,
      "backgroundColor": "#ffffff",
      "border": false,
      "clickToFilter": true,
      "componentFilter": "",
      "contextMenuMethods": {
        "componentFilter": true,
        "copy": true,
        "deletable": true,
        "export": true,
        "fullscreen": true,
        "layers": true,
        "settings": true
      },
      "diagramBackground": true,
      "diagramBackgroundStyle": {
        "fillColor": "#cccccc",
        "opacity": 1
      },
      "diagramBorder": false,
      "diagramBorderStyle": {
        "lineColor": "#e9e9e9",
        "lineOpacity": 1,
        "lineWidth": 1
      },
      "feedbackMode": false,
      "filteringSelf": true,
      "formulas": [],
      "hasBackground": true,
      "hasHoverbuttons": false,
      "height": 6,
      "id": "3751e087-7a88-4c5e-898a-3cc5b1ce458e",
      "maximized": false,
      "selection": [],
      "showHeader": true,
      "text": "[center]\n Manual Rate\n[/center]",
      "title": "",
      "titleStyle": {
        "currentFontSize": {
          "name": "x-large 17px",
          "value": 17
        },
        "fontSize": 17
      },
      "toolBorder": false,
      "type": "text",
      "vertical": false,
      "width": 6,
      "x": 52,
      "y": 11,
      "zIndex": 22
    },
    {
      "allowDataLink": false,
      "backgroundColor": "#ffffff",
      "border": false,
      "clickToFilter": true,
      "componentFilter": "",
      "contextMenuMethods": {
        "componentFilter": true,
        "copy": true,
        "deletable": true,
        "export": true,
        "fullscreen": true,
        "layers": true,
        "settings": true
      },
      "diagramBackground": true,
      "diagramBackgroundStyle": {
        "fillColor": "#f6f7f8",
        "opacity": 1
      },
      "diagramBorder": false,
      "diagramBorderStyle": {
        "lineColor": "#e9e9e9",
        "lineOpacity": 1,
        "lineWidth": 1
      },
      "feedbackMode": false,
      "filteringSelf": true,
      "formulas": [],
      "hasBackground": true,
      "hasHoverbuttons": false,
      "height": 23,
      "id": "b5b20897-24b4-4b8d-aa33-336133b6d0bf",
      "maximized": false,
      "selection": [],
      "showHeader": true,
      "text": "",
      "title": "",
      "titleStyle": {
        "currentFontSize": {
          "name": "x-large 17px",
          "value": 17
        },
        "fontSize": 17
      },
      "toolBorder": false,
      "type": "text",
      "vertical": false,
      "width": 25,
      "x": 17,
      "y": 7,
      "zIndex": 7
    },
    {
      "allowDataLink": false,
      "backgroundColor": "#ffffff",
      "border": false,
      "clickToFilter": true,
      "componentFilter": "",
      "contextMenuMethods": {
        "componentFilter": true,
        "copy": true,
        "deletable": true,
        "export": true,
        "fullscreen": true,
        "layers": true,
        "settings": true
      },
      "diagramBackground": false,
      "diagramBackgroundStyle": {
        "fillColor": "",
        "opacity": 1
      },
      "diagramBorder": true,
      "diagramBorderStyle": {
        "color": "#6FA7D1",
        "lineColor": "#e9e9e9",
        "lineOpacity": 1,
        "lineWidth": 1,
        "opacityInDec": 100
      },
      "feedbackMode": false,
      "filteredThresholds": false,
      "filteringSelf": true,
      "formula": {
        "name": "Single KPI",
        "text": "COUNT(CASE WHEN \"_CEL_PP_ACTIVITIES\".\"USER_TYPE\" IN (<%=ManualUserType%>) \n           AND \"_CEL_PP_ACTIVITIES\".\"ACTIVITY_EN\" IN (<%=ActivitySavings%>)\n           THEN 1.0\n           ELSE NULL\n    END)",
        "translatedName": "Single KPI",
        "valueFormat": ",f"
      },
      "hasBackground": true,
      "hasHoverbuttons": false,
      "height": 2,
      "hoverButtonFixed": false,
      "hoverButtonPosition": "RIGHT",
      "id": "05f72aba-039c-44c3-919d-5808783b1605",
      "initThresholdsCount": 1,
      "kpiValue": 0,
      "maximized": false,
      "minHeight": 2,
      "minWidth": 2,
      "segmentsInput": [
        {
          "color": "#1f77b4",
          "formula": {
            "text": "1500"
          },
          "value": 1500
        },
        {
          "color": "#1f77b4",
          "formula": {
            "text": "1500"
          },
          "value": 1500
        }
      ],
      "selection": [],
      "settings": {
        "fixedTextSize": false,
        "initThresholdsCount": 1,
        "singleColor": "#003b5a",
        "singleColorEnabled": true,
        "subtitlePosition": "left",
        "viewType": "number"
      },
      "showHeader": true,
      "thresholds": [
        {
          "color": "#003b5a",
          "formula": {
            "text": "1500"
          },
          "value": 1500
        }
      ],
      "title": "",
      "titleStyle": {
        "backgroundColor": "",
        "borderColor": "",
        "currentFontSize": {
          "name": "x-large 17px",
          "value": 17
        },
        "fontColor": "",
        "fontSize": 17
      },
      "toolBorder": false,
      "type": "single-kpi",
      "version": 1,
      "vertical": false,
      "viewType": "number",
      "width": 7,
      "x": 44,
      "y": 14,
      "zIndex": 27
    },
    {
      "allowDataLink": false,
      "backgroundColor": "#ffffff",
      "border": false,
      "clickToFilter": true,
      "componentFilter": "",
      "contextMenuMethods": {
        "componentFilter": true,
        "copy": true,
        "deletable": true,
        "export": true,
        "fullscreen": true,
        "layers": true,
        "settings": true
      },
      "diagramBackground": false,
      "diagramBackgroundStyle": {
        "fillColor": "",
        "opacity": 1
      },
      "diagramBorder": true,
      "diagramBorderStyle": {
        "color": "#6FA7D1",
        "lineColor": "#e9e9e9",
        "lineOpacity": 1,
        "lineWidth": 1,
        "opacityInDec": 100
      },
      "feedbackMode": false,
      "filteredThresholds": false,
      "filteringSelf": true,
      "formula": {
        "name": "Single KPI",
        "text": "KPI(\"Manual_Rate_Savings\")",
        "translatedName": "Single KPI",
        "valueFormat": "%"
      },
      "hasBackground": true,
      "hasHoverbuttons": false,
      "height": 2,
      "hoverButtonFixed": false,
      "hoverButtonPosition": "RIGHT",
      "id": "59f07ecf-4073-415b-a427-96ff5ff7767f",
      "initThresholdsCount": 1,
      "kpiValue": null,
      "maximized": false,
      "minHeight": 2,
      "minWidth": 2,
      "segmentsInput": [
        {
          "color": "#96ba55",
          "formula": {
            "text": "0.2"
          },
          "value": 0.2
        },
        {
          "color": "#FFB710",
          "formula": {
            "text": "0.6"
          },
          "value": 0.6
        },
        {
          "color": "#c8484f",
          "formula": {
            "text": "0.6"
          },
          "value": 0.6
        }
      ],
      "selection": [],
      "settings": {
        "fixedTextSize": false,
        "initThresholdsCount": 1,
        "singleColor": "#003b5a",
        "singleColorEnabled": false,
        "subtitlePosition": "left",
        "viewType": "number"
      },
      "showHeader": true,
      "thresholds": [
        {
          "color": "#96ba55",
          "formula": {
            "text": "0.2"
          },
          "value": 0.2
        },
        {
          "color": "#FFB710",
          "formula": {
            "text": "0.6"
          },
          "value": 0.6
        },
        {
          "color": "#c8484f",
          "formula": {
            "text": "0.6"
          },
          "value": 0.6
        }
      ],
      "title": "",
      "titleStyle": {
        "backgroundColor": "",
        "borderColor": "",
        "currentFontSize": {
          "name": "x-large 17px",
          "value": 17
        },
        "fontColor": "",
        "fontSize": 17
      },
      "toolBorder": false,
      "type": "single-kpi",
      "version": 1,
      "vertical": false,
      "viewType": "number",
      "width": 4,
      "x": 53,
      "y": 14,
      "zIndex": 28
    },
    {
      "allowDataLink": false,
      "backgroundColor": "#ffffff",
      "border": false,
      "clickToFilter": true,
      "componentFilter": "",
      "contextMenuMethods": {
        "componentFilter": true,
        "copy": true,
        "deletable": true,
        "export": true,
        "fullscreen": true,
        "layers": true,
        "settings": true
      },
      "diagramBackground": true,
      "diagramBackgroundStyle": {
        "fillColor": "#f6f7f8",
        "opacity": 1
      },
      "diagramBorder": false,
      "diagramBorderStyle": {
        "lineColor": "#e9e9e9",
        "lineOpacity": 1,
        "lineWidth": 1
      },
      "feedbackMode": false,
      "filteringSelf": true,
      "formulas": [],
      "hasBackground": true,
      "hasHoverbuttons": false,
      "height": 23,
      "id": "edcb61d8-e356-4c28-921b-84c190fedf46",
      "maximized": false,
      "selection": [],
      "showHeader": true,
      "text": "",
      "title": "",
      "titleStyle": {
        "currentFontSize": {
          "name": "x-large 17px",
          "value": 17
        },
        "fontSize": 17
      },
      "toolBorder": false,
      "type": "text",
      "vertical": false,
      "width": 29,
      "x": 42,
      "y": 7,
      "zIndex": 2
    },
    {
      "allowDataLink": false,
      "backgroundColor": "#ffffff",
      "border": false,
      "clickToFilter": true,
      "componentFilter": "",
      "contextMenuMethods": {
        "componentFilter": true,
        "copy": true,
        "deletable": true,
        "export": true,
        "fullscreen": true,
        "layers": true,
        "settings": true
      },
      "diagramBackground": false,
      "diagramBackgroundStyle": {
        "fillColor": "",
        "opacity": 1
      },
      "diagramBorder": true,
      "diagramBorderStyle": {
        "color": "#6FA7D1",
        "lineColor": "#e9e9e9",
        "lineOpacity": 1,
        "lineWidth": 1,
        "opacityInDec": 100
      },
      "feedbackMode": false,
      "filteredThresholds": false,
      "filteringSelf": true,
      "formula": {
        "name": "Single KPI",
        "text": "COUNT(CASE WHEN \"_CEL_PP_ACTIVITIES\".\"USER_TYPE\" IN (<%=ManualUserType%>) \n           AND \"USER_REGION\".\"Category\" = 1\n           THEN 1.0\n           ELSE NULL\n    END) * 0.01 * <%=AutomationPotential%> * (20000 / (<%=WeeklyHours%> * 52 * 60)) * <%=EstimatedTime%>\n    \n+\n\nCOUNT(CASE WHEN \"_CEL_PP_ACTIVITIES\".\"USER_TYPE\" IN (<%=ManualUserType%>) \n           AND (\"USER_REGION\".\"Category\" = 2 OR ISNULL(\"USER_REGION\".\"Category\")=1)\n           THEN 1.0\n           ELSE NULL\n    END) * 0.01 * <%=AutomationPotential%> * (50000 / (<%=WeeklyHours%> * 52 * 60)) * <%=EstimatedTime%>",
        "translatedName": "Single KPI",
        "units": " <%=Currency%>",
        "valueFormat": ",f"
      },
      "hasBackground": true,
      "hasHoverbuttons": false,
      "height": 4,
      "hoverButtonFixed": false,
      "hoverButtonPosition": "RIGHT",
      "id": "bcb95758-bfe4-4b81-a7d8-8b1e04d8d327",
      "initThresholdsCount": 1,
      "kpiValue": 999385.625,
      "maximized": false,
      "minHeight": 2,
      "minWidth": 2,
      "segmentsInput": [
        {
          "color": "#1f77b4",
          "formula": {
            "text": "1500"
          },
          "value": 1500
        },
        {
          "color": "#1f77b4",
          "formula": {
            "text": "1500"
          },
          "value": 1500
        }
      ],
      "selection": [],
      "settings": {
        "fixedTextSize": false,
        "initThresholdsCount": 1,
        "singleColor": "#1f77b4",
        "singleColorEnabled": true,
        "subtitlePosition": "left",
        "viewType": "number"
      },
      "showHeader": true,
      "thresholds": [
        {
          "color": "#1f77b4",
          "formula": {
            "text": "1500"
          },
          "value": 1500
        }
      ],
      "title": "Overall Estimated Savings Potential",
      "titleStyle": {
        "backgroundColor": "",
        "bold": true,
        "borderColor": "",
        "currentFontSize": {
          "name": "medium 14px",
          "value": 14
        },
        "fontColor": "",
        "fontSize": 14
      },
      "toolBorder": false,
      "type": "single-kpi",
      "version": 1,
      "vertical": false,
      "viewType": "number",
      "width": 15,
      "x": 83,
      "y": 1,
      "zIndex": 28
    },
    {
      "allowDataLink": false,
      "backgroundColor": "#ffffff",
      "border": false,
      "clickToFilter": true,
      "componentFilter": "",
      "contextMenuMethods": {
        "componentFilter": true,
        "copy": true,
        "deletable": true,
        "export": true,
        "fullscreen": true,
        "layers": true,
        "settings": true
      },
      "diagramBackground": false,
      "diagramBackgroundStyle": {
        "fillColor": "",
        "opacity": 1
      },
      "diagramBorder": false,
      "diagramBorderStyle": {
        "lineColor": "#e9e9e9",
        "lineOpacity": 1,
        "lineWidth": 1
      },
      "feedbackMode": false,
      "filteringSelf": true,
      "formulas": [],
      "hasBackground": true,
      "hasHoverbuttons": false,
      "height": 4,
      "id": "4f7fa21b-f6bd-4e4d-903e-e1ba6a9a341c",
      "maximized": false,
      "selection": [],
      "showHeader": true,
      "text": "[center][b][size=21][color=#<%= Company_Color2 %>]Estimated \nSavings Potential[/color][/size][/b][size=21][color=#<%= Company_Color2 %>]\n[/color][/size][/center]",
      "title": "",
      "titleStyle": {
        "currentFontSize": {
          "name": "x-large 17px",
          "value": 17
        },
        "fontSize": 17
      },
      "toolBorder": false,
      "type": "text",
      "vertical": false,
      "width": 17,
      "x": 17,
      "y": 1,
      "zIndex": 29
    },
    {
      "action": "showMessage",
      "allowDataLink": false,
      "backgroundColor": "#006687",
      "border": false,
      "buttonTitle": "Calculation Details",
      "clickToFilter": true,
      "componentFilter": "",
      "contextMenuMethods": {
        "componentFilter": true,
        "copy": true,
        "deletable": true,
        "export": true,
        "fullscreen": true,
        "layers": true,
        "settings": true
      },
      "diagramBackground": false,
      "diagramBackgroundStyle": {
        "fillColor": "",
        "opacity": 1
      },
      "diagramBorder": true,
      "diagramBorderStyle": {
        "lineColor": "#e9e9e9",
        "lineOpacity": 1,
        "lineWidth": 1
      },
      "feedbackMode": false,
      "filteringSelf": true,
      "hasBackground": true,
      "hasHoverbuttons": false,
      "height": 2,
      "id": "9413eefc-8780-47d3-ac49-7f65e8257854",
      "maximized": false,
      "message": "<strong>Estimated Savings Potential</strong> = \nNo. of Manual Activities <br>\n<p style=\"padding-left: 14em;\">* (Annual Salary / (Weekly Working Hours * 52 * 60)) <br>\n* Estimated Processing Time <br>\n* Automation Potential</p>",
      "selection": [],
      "showHeader": true,
      "title": "",
      "titleStyle": {
        "currentFontSize": {
          "name": "x-large 17px",
          "value": 17
        },
        "fontColor": "#ffffff",
        "fontSize": 17
      },
      "toolBorder": false,
      "type": "button",
      "vertical": false,
      "width": 11,
      "x": 59,
      "y": 31,
      "zIndex": 29
    },
    {
      "allowDataLink": false,
      "backgroundColor": "#ffffff",
      "border": false,
      "clickToFilter": true,
      "componentFilter": "",
      "contextMenuMethods": {
        "componentFilter": true,
        "copy": true,
        "deletable": true,
        "export": true,
        "fullscreen": true,
        "layers": true,
        "settings": true
      },
      "diagramBackground": false,
      "diagramBackgroundStyle": {
        "fillColor": "",
        "opacity": 1
      },
      "diagramBorder": true,
      "diagramBorderStyle": {
        "lineColor": "#e9e9e9",
        "lineOpacity": 1,
        "lineWidth": 1
      },
      "feedbackMode": false,
      "filteredThresholds": false,
      "filteringSelf": true,
      "formula": {
        "name": "Single KPI",
        "text": "COUNT(CASE WHEN \"_CEL_PP_ACTIVITIES\".\"USER_TYPE\" IN (<%=ManualUserType%>) \n           AND \"_CEL_PP_ACTIVITIES\".\"ACTIVITY_EN\" IN (<%=ActivitySavings%>)\n           THEN 1.0\n           ELSE NULL\n    END) * 0.01 * <%=AutomationPotential%>",
        "translatedName": "Single KPI",
        "valueFormat": ",f"
      },
      "hasBackground": true,
      "hasHoverbuttons": false,
      "height": 2,
      "hoverButtonFixed": false,
      "hoverButtonPosition": "RIGHT",
      "id": "43ad6b22-3601-4d4c-849a-76a098f52637",
      "initThresholdsCount": 1,
      "kpiValue": 0,
      "maximized": false,
      "minHeight": 2,
      "minWidth": 2,
      "segmentsInput": [
        {
          "color": "#1f77b4",
          "formula": {
            "text": "1500"
          },
          "value": 1500
        },
        {
          "color": "#1f77b4",
          "formula": {
            "text": "1500"
          },
          "value": 1500
        }
      ],
      "selection": [],
      "settings": {
        "fixedTextSize": false,
        "initThresholdsCount": 1,
        "singleColor": "#003b5a",
        "singleColorEnabled": true,
        "subtitlePosition": "left",
        "viewType": "number"
      },
      "showHeader": true,
      "thresholds": [
        {
          "color": "#003b5a",
          "formula": {
            "text": "1500"
          },
          "value": 1500
        }
      ],
      "title": "",
      "titleStyle": {
        "currentFontSize": {
          "name": "x-large 17px",
          "value": 17
        },
        "fontSize": 17
      },
      "toolBorder": false,
      "type": "single-kpi",
      "version": 1,
      "vertical": false,
      "viewType": "number",
      "width": 10,
      "x": 59,
      "y": 14,
      "zIndex": 23
    },
    {
      "allowDataLink": false,
      "backgroundColor": "#ffffff",
      "border": false,
      "clickToFilter": true,
      "componentFilter": "",
      "contextMenuMethods": {
        "componentFilter": true,
        "copy": true,
        "deletable": true,
        "export": true,
        "fullscreen": true,
        "layers": true,
        "settings": true
      },
      "diagramBackground": false,
      "diagramBackgroundStyle": {
        "fillColor": "",
        "opacity": 1
      },
      "diagramBorder": false,
      "diagramBorderStyle": {
        "lineColor": "#e9e9e9",
        "lineOpacity": 1,
        "lineWidth": 1
      },
      "feedbackMode": false,
      "filteringSelf": true,
      "formulas": [],
      "hasBackground": true,
      "hasHoverbuttons": false,
      "height": 3,
      "id": "747a44a1-53c5-4ffb-a1db-ee38614abc3b",
      "maximized": false,
      "selection": [],
      "showHeader": true,
      "text": "[color=#1b1b1b]Salary Group 1[/color]",
      "title": "",
      "titleStyle": {
        "currentFontSize": {
          "name": "x-large 17px",
          "value": 17
        },
        "fontSize": 17
      },
      "toolBorder": false,
      "type": "text",
      "vertical": false,
      "width": 10,
      "x": 44,
      "y": 20,
      "zIndex": 30
    },
    {
      "allowDataLink": false,
      "backgroundColor": "#ffffff",
      "border": false,
      "clickToFilter": true,
      "componentFilter": "",
      "contextMenuMethods": {
        "componentFilter": true,
        "copy": true,
        "deletable": true,
        "export": true,
        "fullscreen": true,
        "layers": true,
        "settings": true
      },
      "diagramBackground": false,
      "diagramBackgroundStyle": {
        "fillColor": "",
        "opacity": 1
      },
      "diagramBorder": false,
      "diagramBorderStyle": {
        "lineColor": "#e9e9e9",
        "lineOpacity": 1,
        "lineWidth": 1
      },
      "feedbackMode": false,
      "filteringSelf": true,
      "formulas": [],
      "hasBackground": true,
      "hasHoverbuttons": false,
      "height": 3,
      "id": "05f93737-3325-496f-bdd5-8508f7f19543",
      "maximized": false,
      "selection": [],
      "showHeader": true,
      "text": "[color=#1b1b1b]Salary Group 2[/color]",
      "title": "",
      "titleStyle": {
        "currentFontSize": {
          "name": "x-large 17px",
          "value": 17
        },
        "fontSize": 17
      },
      "toolBorder": false,
      "type": "text",
      "vertical": false,
      "width": 10,
      "x": 59,
      "y": 20,
      "zIndex": 31
    },
    {
      "allowDataLink": false,
      "backgroundColor": "#ffffff",
      "border": false,
      "clickToFilter": true,
      "componentFilter": "FILTER \"USER_REGION\".\"Category\" = 2",
      "contextMenuMethods": {
        "componentFilter": true,
        "copy": true,
        "deletable": true,
        "export": true,
        "fullscreen": true,
        "layers": true,
        "settings": true
      },
      "diagramBackground": false,
      "diagramBackgroundStyle": {
        "fillColor": "",
        "opacity": 1
      },
      "diagramBorder": true,
      "diagramBorderStyle": {
        "lineColor": "#e9e9e9",
        "lineOpacity": 1,
        "lineWidth": 1
      },
      "feedbackMode": false,
      "filteredThresholds": false,
      "filteringSelf": true,
      "formula": {
        "name": "Single KPI",
        "text": "(\"USER_REGION\".\"Salary\" / (<%=WeeklyHours%> * 52 * 60)) * <%=EstimatedTime%>",
        "translatedName": "Single KPI",
        "units": " <%=Currency%>",
        "valueFormat": ",.2f"
      },
      "hasBackground": true,
      "hasHoverbuttons": false,
      "height": 2,
      "hoverButtonFixed": false,
      "hoverButtonPosition": "RIGHT",
      "id": "44def08b-081f-434e-a065-06f24feb29c0",
      "initThresholdsCount": 1,
      "kpiValue": 33.65384615384615,
      "maximized": false,
      "minHeight": 2,
      "minWidth": 2,
      "segmentsInput": [
        {
          "color": "#1f77b4",
          "formula": {
            "text": "1500"
          },
          "value": 1500
        },
        {
          "color": "#1f77b4",
          "formula": {
            "text": "1500"
          },
          "value": 1500
        }
      ],
      "selection": [],
      "settings": {
        "fixedTextSize": false,
        "initThresholdsCount": 1,
        "singleColor": "#003b5a",
        "singleColorEnabled": true,
        "subtitlePosition": "left",
        "viewType": "number"
      },
      "showHeader": true,
      "thresholds": [
        {
          "color": "#003b5a",
          "formula": {
            "text": "1500"
          },
          "value": 1500
        }
      ],
      "title": "",
      "titleStyle": {
        "currentFontSize": {
          "name": "x-large 17px",
          "value": 17
        },
        "fontSize": 17
      },
      "toolBorder": false,
      "type": "single-kpi",
      "version": 1,
      "vertical": false,
      "viewType": "number",
      "width": 10,
      "x": 59,
      "y": 22,
      "zIndex": 26
    },
    {
      "allowDataLink": false,
      "backgroundColor": "#ffffff",
      "border": false,
      "clickToFilter": true,
      "componentFilter": "",
      "contextMenuMethods": {
        "componentFilter": true,
        "copy": true,
        "deletable": true,
        "export": true,
        "fullscreen": true,
        "layers": true,
        "settings": true
      },
      "diagramBackground": false,
      "diagramBackgroundStyle": {
        "fillColor": "",
        "opacity": 1
      },
      "diagramBorder": true,
      "diagramBorderStyle": {
        "lineColor": "#e9e9e9",
        "lineOpacity": 1,
        "lineWidth": 1
      },
      "feedbackMode": false,
      "filteredThresholds": false,
      "filteringSelf": true,
      "formula": {
        "name": "Single KPI",
        "text": "COUNT(CASE WHEN \"_CEL_PP_ACTIVITIES\".\"USER_TYPE\" IN (<%=ManualUserType%>) \n           AND \"_CEL_PP_ACTIVITIES\".\"ACTIVITY_EN\" IN (<%=ActivitySavings%>)\n           AND \"USER_REGION\".\"Category\" = 1\n           THEN 1.0\n           ELSE NULL\n    END) * 0.01 * <%=AutomationPotential%> * (20000 / (<%=WeeklyHours%> * 52 * 60)) * <%=EstimatedTime%>\n    \n+\n\nCOUNT(CASE WHEN \"_CEL_PP_ACTIVITIES\".\"USER_TYPE\" IN (<%=ManualUserType%>) \n           AND \"_CEL_PP_ACTIVITIES\".\"ACTIVITY_EN\" IN (<%=ActivitySavings%>)\n           AND (\"USER_REGION\".\"Category\" = 2 OR ISNULL(\"USER_REGION\".\"Category\")=1)\n           THEN 1.0\n           ELSE NULL\n    END) * 0.01 * <%=AutomationPotential%> * (50000 / (<%=WeeklyHours%> * 52 * 60)) * <%=EstimatedTime%>",
        "translatedName": "Single KPI",
        "units": " <%=Currency%>",
        "valueFormat": ",f"
      },
      "hasBackground": true,
      "hasHoverbuttons": false,
      "height": 2,
      "hoverButtonFixed": false,
      "hoverButtonPosition": "RIGHT",
      "id": "fd8565a7-4f2e-4f15-96e6-718c8431ab2c",
      "initThresholdsCount": 1,
      "kpiValue": 0,
      "maximized": false,
      "minHeight": 2,
      "minWidth": 2,
      "segmentsInput": [
        {
          "color": "#1f77b4",
          "formula": {
            "text": "1500"
          },
          "value": 1500
        },
        {
          "color": "#1f77b4",
          "formula": {
            "text": "1500"
          },
          "value": 1500
        }
      ],
      "selection": [],
      "settings": {
        "fixedTextSize": false,
        "initThresholdsCount": 1,
        "singleColor": "#003b5a",
        "singleColorEnabled": true,
        "subtitlePosition": "left",
        "viewType": "number"
      },
      "showHeader": true,
      "thresholds": [
        {
          "color": "#003b5a",
          "formula": {
            "text": "1500"
          },
          "value": 1500
        }
      ],
      "title": "",
      "titleStyle": {
        "currentFontSize": {
          "name": "x-large 17px",
          "value": 17
        },
        "fontSize": 17
      },
      "toolBorder": false,
      "type": "single-kpi",
      "version": 1,
      "vertical": false,
      "viewType": "number",
      "width": 10,
      "x": 59,
      "y": 26,
      "zIndex": 27
    },
    {
      "allowDataLink": false,
      "backgroundColor": "#ffffff",
      "border": false,
      "clickToFilter": true,
      "componentFilter": "FILTER \"USER_REGION\".\"Category\" = 1",
      "contextMenuMethods": {
        "componentFilter": true,
        "copy": true,
        "deletable": true,
        "export": true,
        "fullscreen": true,
        "layers": true,
        "settings": true
      },
      "diagramBackground": false,
      "diagramBackgroundStyle": {
        "fillColor": "",
        "opacity": 1
      },
      "diagramBorder": true,
      "diagramBorderStyle": {
        "lineColor": "#e9e9e9",
        "lineOpacity": 1,
        "lineWidth": 1
      },
      "feedbackMode": false,
      "filteredThresholds": false,
      "filteringSelf": true,
      "formula": {
        "name": "Single KPI",
        "text": "(\"USER_REGION\".\"Salary\" / (<%=WeeklyHours%> * 52 * 60)) * <%=EstimatedTime%>",
        "translatedName": "Single KPI",
        "units": " <%=Currency%>",
        "valueFormat": ",.2f"
      },
      "hasBackground": true,
      "hasHoverbuttons": false,
      "height": 2,
      "hoverButtonFixed": false,
      "hoverButtonPosition": "RIGHT",
      "id": "82b1aa1d-559c-4db4-adef-8bb12193d40f",
      "initThresholdsCount": 1,
      "kpiValue": 13.461538461538462,
      "maximized": false,
      "minHeight": 2,
      "minWidth": 2,
      "segmentsInput": [
        {
          "color": "#1f77b4",
          "formula": {
            "text": "1500"
          },
          "value": 1500
        },
        {
          "color": "#1f77b4",
          "formula": {
            "text": "1500"
          },
          "value": 1500
        }
      ],
      "selection": [],
      "settings": {
        "fixedTextSize": false,
        "initThresholdsCount": 1,
        "singleColor": "#003b5a",
        "singleColorEnabled": true,
        "subtitlePosition": "left",
        "viewType": "number"
      },
      "showHeader": true,
      "thresholds": [
        {
          "color": "#003b5a",
          "formula": {
            "text": "1500"
          },
          "value": 1500
        }
      ],
      "title": "",
      "titleStyle": {
        "currentFontSize": {
          "name": "x-large 17px",
          "value": 17
        },
        "fontSize": 17
      },
      "toolBorder": false,
      "type": "single-kpi",
      "version": 1,
      "vertical": false,
      "viewType": "number",
      "width": 10,
      "x": 44,
      "y": 22,
      "zIndex": 27
    },
    {
      "allowDataLink": false,
      "backgroundColor": "#ffffff",
      "border": false,
      "clickToFilter": true,
      "componentFilter": "",
      "contextMenuMethods": {
        "componentFilter": true,
        "copy": true,
        "deletable": true,
        "export": true,
        "fullscreen": true,
        "layers": true,
        "settings": true
      },
      "diagramBackground": true,
      "diagramBackgroundStyle": {
        "fillColor": "#cccccc",
        "opacity": 1
      },
      "diagramBorder": false,
      "diagramBorderStyle": {
        "lineColor": "#e9e9e9",
        "lineOpacity": 1,
        "lineWidth": 1
      },
      "feedbackMode": false,
      "filteringSelf": true,
      "formulas": [],
      "hasBackground": true,
      "hasHoverbuttons": false,
      "height": 6,
      "id": "57ca2987-5259-4c16-a6f8-971526a48f33",
      "maximized": false,
      "selection": [],
      "showHeader": true,
      "text": "\n   Salary (Salary Group 2):\n",
      "title": "",
      "titleStyle": {
        "currentFontSize": {
          "name": "x-large 17px",
          "value": 17
        },
        "fontSize": 17
      },
      "toolBorder": false,
      "type": "text",
      "vertical": false,
      "width": 15,
      "x": 1,
      "y": 40,
      "zIndex": 16
    },
    {
      "allowDataLink": false,
      "backgroundColor": "#ffffff",
      "border": false,
      "clickToFilter": true,
      "componentFilter": "FILTER \"USER_REGION\".\"Category\" = 1;",
      "contextMenuMethods": {
        "componentFilter": true,
        "copy": true,
        "deletable": true,
        "export": true,
        "fullscreen": true,
        "layers": true,
        "settings": true
      },
      "diagramBackground": false,
      "diagramBackgroundStyle": {
        "fillColor": "",
        "opacity": 1
      },
      "diagramBorder": true,
      "diagramBorderStyle": {
        "color": "#6FA7D1",
        "lineColor": "#e9e9e9",
        "lineOpacity": 1,
        "lineWidth": 1,
        "opacityInDec": 100
      },
      "feedbackMode": false,
      "filteredThresholds": false,
      "filteringSelf": true,
      "formula": {
        "name": "Single KPI",
        "text": "\"USER_REGION\".\"Salary\"",
        "translatedName": "Single KPI",
        "units": "DKK",
        "valueFormat": ".3s"
      },
      "hasBackground": true,
      "hasHoverbuttons": false,
      "height": 2,
      "hoverButtonFixed": false,
      "hoverButtonPosition": "RIGHT",
      "id": "8d905815-4576-4fb8-be4d-2dec087b0faf",
      "initThresholdsCount": 1,
      "kpiValue": 240000,
      "maximized": false,
      "minHeight": 2,
      "minWidth": 2,
      "segmentsInput": [
        {
          "color": "#1f77b4",
          "formula": {
            "text": "1500"
          },
          "value": 1500
        },
        {
          "color": "#1f77b4",
          "formula": {
            "text": "1500"
          },
          "value": 1500
        }
      ],
      "selection": [],
      "settings": {
        "alignment": "center",
        "fixedFontSize": -5,
        "fixedTextSize": false,
        "initThresholdsCount": 1,
        "singleColor": "#1b1b1b",
        "singleColorEnabled": true,
        "subtitlePosition": "left",
        "viewType": "number"
      },
      "showHeader": true,
      "thresholds": [
        {
          "color": "#1b1b1b",
          "formula": {
            "text": "1500"
          },
          "value": 1500
        }
      ],
      "title": "",
      "titleStyle": {
        "backgroundColor": "",
        "borderColor": "",
        "currentFontSize": {
          "name": "x-large 17px",
          "value": 17
        },
        "fontColor": "",
        "fontSize": 17
      },
      "toolBorder": false,
      "type": "single-kpi",
      "version": 1,
      "vertical": false,
      "viewType": "number",
      "width": 13,
      "x": 2,
      "y": 36,
      "zIndex": 31
    },
    {
      "allowDataLink": false,
      "backgroundColor": "#ffffff",
      "border": false,
      "clickToFilter": true,
      "componentFilter": "FILTER \"USER_REGION\".\"Category\" = 2;",
      "contextMenuMethods": {
        "componentFilter": true,
        "copy": true,
        "deletable": true,
        "export": true,
        "fullscreen": true,
        "layers": true,
        "settings": true
      },
      "diagramBackground": false,
      "diagramBackgroundStyle": {
        "fillColor": "",
        "opacity": 1
      },
      "diagramBorder": true,
      "diagramBorderStyle": {
        "color": "#6FA7D1",
        "lineColor": "#e9e9e9",
        "lineOpacity": 1,
        "lineWidth": 1,
        "opacityInDec": 100
      },
      "feedbackMode": false,
      "filteredThresholds": false,
      "filteringSelf": true,
      "formula": {
        "name": "Single KPI",
        "text": "\"USER_REGION\".\"Salary\"",
        "translatedName": "Single KPI",
        "units": "DKK",
        "valueFormat": ".3s"
      },
      "hasBackground": true,
      "hasHoverbuttons": false,
      "height": 2,
      "hoverButtonFixed": false,
      "hoverButtonPosition": "RIGHT",
      "id": "6b2899c8-aa98-435a-b47e-fe8ecb3a3118",
      "initThresholdsCount": 1,
      "kpiValue": 600000,
      "maximized": false,
      "minHeight": 2,
      "minWidth": 2,
      "segmentsInput": [
        {
          "color": "#1f77b4",
          "formula": {
            "text": "1500"
          },
          "value": 1500
        },
        {
          "color": "#1f77b4",
          "formula": {
            "text": "1500"
          },
          "value": 1500
        }
      ],
      "selection": [],
      "settings": {
        "alignment": "center",
        "fixedFontSize": -5,
        "fixedTextSize": false,
        "initThresholdsCount": 1,
        "singleColor": "#1b1b1b",
        "singleColorEnabled": true,
        "subtitlePosition": "left",
        "viewType": "number"
      },
      "showHeader": true,
      "thresholds": [
        {
          "color": "#1b1b1b",
          "formula": {
            "text": "1500"
          },
          "value": 1500
        }
      ],
      "title": "",
      "titleStyle": {
        "backgroundColor": "",
        "borderColor": "",
        "currentFontSize": {
          "name": "x-large 17px",
          "value": 17
        },
        "fontColor": "",
        "fontSize": 17
      },
      "toolBorder": false,
      "type": "single-kpi",
      "version": 1,
      "vertical": false,
      "viewType": "number",
      "width": 13,
      "x": 2,
      "y": 43,
      "zIndex": 32
    },
    {
      "allowDataLink": false,
      "backgroundColor": "#ffffff",
      "border": false,
      "clickToFilter": true,
      "componentFilter": "",
      "contextMenuMethods": {
        "componentFilter": true,
        "copy": true,
        "deletable": true,
        "export": true,
        "fullscreen": true,
        "layers": true,
        "settings": true
      },
      "diagramBackground": false,
      "diagramBackgroundStyle": {
        "fillColor": "",
        "opacity": 1
      },
      "diagramBorder": false,
      "diagramBorderStyle": {
        "lineColor": "#e9e9e9",
        "lineOpacity": 1,
        "lineWidth": 1
      },
      "feedbackMode": false,
      "filteringSelf": true,
      "formulas": [],
      "hasBackground": true,
      "hasHoverbuttons": false,
      "height": 4,
      "id": "d726cf48-b536-4135-a856-1a91f53c78b9",
      "maximized": false,
      "selection": [],
      "showHeader": true,
      "text": "[center][b][size=21][color=#<%= Company_Color2 %>]Plan to Produce\nProcess[/color][/size][/b][/center]",
      "title": "",
      "titleStyle": {
        "currentFontSize": {
          "name": "x-large 17px",
          "value": 17
        },
        "fontSize": 17
      },
      "toolBorder": false,
      "type": "text",
      "vertical": false,
      "width": 13,
      "x": 2,
      "y": 6,
      "zIndex": 4
    },
    {
      "allowDataLink": false,
      "backgroundColor": "#ffffff",
      "border": false,
      "clickToFilter": true,
      "componentFilter": "",
      "contextMenuMethods": {
        "componentFilter": true,
        "copy": true,
        "deletable": true,
        "export": true,
        "fullscreen": true,
        "layers": true,
        "settings": true
      },
      "diagramBackground": false,
      "diagramBackgroundStyle": {
        "fillColor": "",
        "opacity": 1
      },
      "diagramBorder": true,
      "diagramBorderStyle": {
        "lineColor": "#e9e9e9",
        "lineOpacity": 1,
        "lineWidth": 1
      },
      "feedbackMode": false,
      "filteringSelf": true,
      "hasBackground": true,
      "hasHoverbuttons": false,
      "height": 5,
      "id": "2febefe7-01c6-48c3-be76-fe1cb6d79682",
      "maximized": false,
      "selection": [],
      "showHeader": true,
      "title": "",
      "titleStyle": {
        "currentFontSize": {
          "name": "x-large 17px",
          "value": 17
        },
        "fontSize": 17
      },
      "toolBorder": false,
      "type": "logo-component",
      "vertical": false,
      "width": 13,
      "x": 2,
      "y": 1,
      "zIndex": 27
    }
  ],
  "contentType": "blank-sheet",
  "format": "FULLSCREEN",
  "id": "58d35b09-94a4-4dce-bbab-f6ad2d45858c",
  "lines": [],
  "name": "Savings Potential",
  "position": {
    "height": 804,
    "left": 0,
    "top": 0,
    "width": 1200
  },
  "sheetFilter": {
    "text": "FILTER \"_CEL_PP_ACTIVITIES\".\"ACTIVITY_EN\" != 'Last Confirmation';\nFILTER \"_CEL_PP_ACTIVITIES\".\"ACTIVITY_EN\" != 'First Confirmation';"
  }
}