{
  "components": [
    {
      "allowDataLink": false,
      "backgroundColor": "#ffffff",
      "border": false,
      "clickToFilter": true,
      "componentFilter": "",
      "contextMenuMethods": {
        "componentFilter": true,
        "copy": true,
        "deletable": true,
        "export": true,
        "fullscreen": true,
        "layers": true,
        "settings": true
      },
      "diagramBackground": false,
      "diagramBackgroundStyle": {
        "fillColor": "",
        "opacity": 1
      },
      "diagramBorder": true,
      "diagramBorderStyle": {
        "lineColor": "#e9e9e9",
        "lineOpacity": 1,
        "lineWidth": 1
      },
      "feedbackMode": false,
      "filteringSelf": true,
      "hasBackground": true,
      "hasHoverbuttons": false,
      "height": 5,
      "id": "6c14fba3-95bf-4d5e-b366-9ea4985da2db",
      "maximized": false,
      "selection": [],
      "showHeader": true,
      "title": "",
      "titleStyle": {
        "currentFontSize": {
          "name": "x-large 17px",
          "value": 17
        },
        "fontSize": 17
      },
      "toolBorder": false,
      "type": "logo-component",
      "vertical": false,
      "width": 13,
      "x": 1,
      "y": 1,
      "zIndex": 26
    },
    {
      "allowDataLink": false,
      "backgroundColor": "#ffffff",
      "border": false,
      "clickToFilter": true,
      "componentFilter": "",
      "contextMenuMethods": {
        "componentFilter": true,
        "copy": true,
        "deletable": true,
        "export": true,
        "fullscreen": true,
        "layers": true,
        "settings": true
      },
      "diagramBackground": true,
      "diagramBackgroundStyle": {
        "fillColor": "#<%= Company_Color1 %>",
        "opacity": 1
      },
      "diagramBorder": false,
      "diagramBorderStyle": {
        "lineColor": "#e9e9e9",
        "lineOpacity": 1,
        "lineWidth": 1
      },
      "feedbackMode": false,
      "filteringSelf": true,
      "formulas": [],
      "hasBackground": true,
      "hasHoverbuttons": false,
      "height": 50,
      "id": "bf51c995-e009-4159-b316-f7c18db5bea1",
      "maximized": false,
      "selection": [],
      "showHeader": true,
      "text": "",
      "title": "",
      "titleStyle": {
        "currentFontSize": {
          "name": "x-large 17px",
          "value": 17
        },
        "fontSize": 17
      },
      "toolBorder": false,
      "type": "text",
      "vertical": false,
      "width": 15,
      "x": 0,
      "y": 0,
      "zIndex": 2
    },
    {
      "allowDataLink": false,
      "backgroundColor": "#ffffff",
      "border": false,
      "clickToFilter": true,
      "componentFilter": "",
      "contextMenuMethods": {
        "componentFilter": true,
        "copy": true,
        "deletable": true,
        "export": true,
        "fullscreen": true,
        "layers": true,
        "settings": true
      },
      "diagramBackground": false,
      "diagramBackgroundStyle": {
        "fillColor": "",
        "opacity": 1
      },
      "diagramBorder": true,
      "diagramBorderStyle": {
        "lineColor": "#e9e9e9",
        "lineOpacity": 1,
        "lineWidth": 1
      },
      "dropdownSettings": {
        "formula": {
          "text": "<%= Filter_Option1 %>"
        },
        "isMultiSelect": true
      },
      "dropdownText": "#{<%=Filter_Option1_Text%>}",
      "feedbackMode": false,
      "filteringSelf": true,
      "hasBackground": true,
      "hasHoverbuttons": false,
      "height": 2,
      "id": "900dedd3-fe7b-4b91-9a61-d9c87b84ef0c",
      "maximized": false,
      "selection": [],
      "showHeader": true,
      "title": "",
      "titleStyle": {
        "currentFontSize": {
          "name": "x-large 17px",
          "value": 17
        },
        "fontSize": 17
      },
      "toolBorder": false,
      "type": "dropdown",
      "vertical": false,
      "width": 13,
      "x": 1,
      "y": 21,
      "zIndex": 18
    },
    {
      "allowDataLink": false,
      "backgroundColor": "#ffffff",
      "border": false,
      "clickToFilter": true,
      "componentFilter": "",
      "contextMenuMethods": {
        "componentFilter": true,
        "copy": true,
        "deletable": true,
        "export": true,
        "fullscreen": true,
        "layers": true,
        "settings": true
      },
      "diagramBackground": false,
      "diagramBackgroundStyle": {
        "fillColor": "",
        "opacity": 1
      },
      "diagramBorder": true,
      "diagramBorderStyle": {
        "lineColor": "#e9e9e9",
        "lineOpacity": 1,
        "lineWidth": 1
      },
      "dropdownSettings": {
        "formula": {
          "text": "<%=Filter_Option2%>"
        },
        "isMultiSelect": true
      },
      "dropdownText": "<%=Filter_Option2_Text%>",
      "feedbackMode": false,
      "filteringSelf": true,
      "hasBackground": true,
      "hasHoverbuttons": false,
      "height": 2,
      "id": "1fa72aa7-d81c-4e00-8cba-580c3e804c41",
      "maximized": false,
      "selection": [],
      "showHeader": true,
      "title": "",
      "titleStyle": {
        "currentFontSize": {
          "name": "x-large 17px",
          "value": 17
        },
        "fontSize": 17
      },
      "toolBorder": false,
      "type": "dropdown",
      "vertical": false,
      "width": 13,
      "x": 1,
      "y": 38,
      "zIndex": 18
    },
    {
      "allowDataLink": false,
      "backgroundColor": "#ffffff",
      "border": false,
      "clickToFilter": true,
      "componentFilter": "",
      "contextMenuMethods": {
        "componentFilter": true,
        "copy": true,
        "deletable": true,
        "export": true,
        "fullscreen": true,
        "layers": true,
        "settings": true
      },
      "diagramBackground": false,
      "diagramBackgroundStyle": {
        "fillColor": "",
        "opacity": 1
      },
      "diagramBorder": true,
      "diagramBorderStyle": {
        "lineColor": "#e9e9e9",
        "lineOpacity": 1,
        "lineWidth": 1
      },
      "dropdownSettings": {
        "formula": {
          "text": "<%=Filter_Option3%>"
        },
        "isMultiSelect": true
      },
      "dropdownText": "<%=Filter_Option3_Text%>",
      "feedbackMode": false,
      "filteringSelf": true,
      "hasBackground": true,
      "hasHoverbuttons": false,
      "height": 2,
      "id": "41e9f1d1-4948-4452-98c4-07f79b00a8ab",
      "maximized": false,
      "selection": [],
      "showHeader": true,
      "title": "",
      "titleStyle": {
        "currentFontSize": {
          "name": "x-large 17px",
          "value": 17
        },
        "fontSize": 17
      },
      "toolBorder": false,
      "type": "dropdown",
      "vertical": false,
      "width": 13,
      "x": 1,
      "y": 42,
      "zIndex": 18
    },
    {
      "allowDataLink": false,
      "backgroundColor": "#ffffff",
      "border": false,
      "clickToFilter": true,
      "componentFilter": "",
      "contextMenuMethods": {
        "componentFilter": true,
        "copy": true,
        "deletable": true,
        "export": true,
        "fullscreen": true,
        "layers": true,
        "settings": true
      },
      "diagramBackground": false,
      "diagramBackgroundStyle": {
        "fillColor": "",
        "opacity": 1
      },
      "diagramBorder": false,
      "diagramBorderStyle": {
        "lineColor": "#e9e9e9",
        "lineOpacity": 1,
        "lineWidth": 1
      },
      "feedbackMode": false,
      "filteringSelf": true,
      "formulas": [],
      "hasBackground": true,
      "hasHoverbuttons": false,
      "height": 2,
      "id": "a3b0713d-5be1-44c7-bd4d-1487fed92f12",
      "maximized": false,
      "selection": [],
      "showHeader": true,
      "text": "[b][color=#<%= Company_Color2 %>]Filter by:[/color][/b]",
      "title": "",
      "titleStyle": {
        "currentFontSize": {
          "name": "x-large 17px",
          "value": 17
        },
        "fontSize": 17
      },
      "toolBorder": false,
      "type": "text",
      "vertical": false,
      "width": 13,
      "x": 1,
      "y": 11,
      "zIndex": 8
    },
    {
      "allowDataLink": false,
      "backgroundColor": "#ffffff",
      "border": false,
      "clickToFilter": true,
      "componentFilter": "",
      "contextMenuMethods": {
        "componentFilter": true,
        "copy": true,
        "deletable": true,
        "export": true,
        "fullscreen": true,
        "layers": true,
        "settings": true
      },
      "diagramBackground": false,
      "diagramBackgroundStyle": {
        "fillColor": "",
        "opacity": 1
      },
      "diagramBorder": false,
      "diagramBorderStyle": {
        "lineColor": "#e9e9e9",
        "lineOpacity": 1,
        "lineWidth": 1
      },
      "feedbackMode": false,
      "filteringSelf": true,
      "formulas": [],
      "hasBackground": true,
      "hasHoverbuttons": false,
      "height": 3,
      "id": "67cc7a55-6f16-4e27-8638-3d5f27a8c9b0",
      "maximized": false,
      "selection": [],
      "showHeader": true,
      "text": "[center][b][color=#<%= Company_Color2 %>][size=19]P[/size][/color][size=19][color=#<%= Company_Color2 %>]rocess Explorer[/color][/size][/b][/center]",
      "title": "",
      "titleStyle": {
        "currentFontSize": {
          "name": "x-large 17px",
          "value": 17
        },
        "fontSize": 17
      },
      "toolBorder": false,
      "type": "text",
      "vertical": false,
      "width": 13,
      "x": 1,
      "y": 8,
      "zIndex": 24
    },
    {
      "allowDataLink": false,
      "backgroundColor": "#ffffff",
      "border": false,
      "clickToFilter": true,
      "componentFilter": "",
      "contextMenuMethods": {
        "componentFilter": true,
        "copy": true,
        "deletable": true,
        "export": true,
        "fullscreen": true,
        "layers": true,
        "settings": true
      },
      "diagramBackground": false,
      "diagramBackgroundStyle": {
        "fillColor": "",
        "opacity": 1
      },
      "diagramBorder": true,
      "diagramBorderStyle": {
        "lineColor": "#e9e9e9",
        "lineOpacity": 1,
        "lineWidth": 1
      },
      "dropdownSettings": {
        "formula": {
          "text": "<%=Filter_Option04%>"
        },
        "isMultiSelect": true
      },
      "dropdownText": "#{<%=Filter_Option04_Text%>}",
      "feedbackMode": false,
      "filteringSelf": true,
      "hasBackground": true,
      "hasHoverbuttons": false,
      "height": 2,
      "id": "71a04d60-5c48-4b94-aae9-ac5d5826c059",
      "maximized": false,
      "selection": [],
      "showHeader": true,
      "title": "",
      "titleStyle": {
        "currentFontSize": {
          "name": "x-large 17px",
          "value": 17
        },
        "fontSize": 17
      },
      "toolBorder": false,
      "type": "dropdown",
      "vertical": false,
      "width": 13,
      "x": 1,
      "y": 34,
      "zIndex": 24
    },
    {
      "allowDataLink": false,
      "backgroundColor": "#ffffff",
      "border": false,
      "clickToFilter": true,
      "componentFilter": "",
      "contextMenuMethods": {
        "componentFilter": true,
        "copy": true,
        "deletable": true,
        "export": true,
        "fullscreen": true,
        "layers": true,
        "settings": true
      },
      "diagramBackground": false,
      "diagramBackgroundStyle": {
        "fillColor": "",
        "opacity": 1
      },
      "diagramBorder": true,
      "diagramBorderStyle": {
        "lineColor": "#e9e9e9",
        "lineOpacity": 1,
        "lineWidth": 1
      },
      "dropdownSettings": {
        "formula": {
          "text": "<%=Filter_Option05%>"
        },
        "isMultiSelect": true
      },
      "dropdownText": "#{<%=Filter_Option05_Text%>}",
      "feedbackMode": false,
      "filteringSelf": true,
      "hasBackground": true,
      "hasHoverbuttons": false,
      "height": 2,
      "id": "81b4f1ac-f425-4854-97f5-43364732d896",
      "maximized": false,
      "selection": [],
      "showHeader": true,
      "title": "",
      "titleStyle": {
        "currentFontSize": {
          "name": "x-large 17px",
          "value": 17
        },
        "fontSize": 17
      },
      "toolBorder": false,
      "type": "dropdown",
      "vertical": false,
      "width": 13,
      "x": 1,
      "y": 36,
      "zIndex": 19
    },
    {
      "allowDataLink": false,
      "backgroundColor": "#ffffff",
      "border": false,
      "clickToFilter": true,
      "componentFilter": "",
      "contextMenuMethods": {
        "componentFilter": true,
        "copy": true,
        "deletable": true,
        "export": true,
        "fullscreen": true,
        "layers": true,
        "settings": true
      },
      "diagramBackground": false,
      "diagramBackgroundStyle": {
        "fillColor": "",
        "opacity": 1
      },
      "diagramBorder": true,
      "diagramBorderStyle": {
        "lineColor": "#e9e9e9",
        "lineOpacity": 1,
        "lineWidth": 1
      },
      "dropdownSettings": {
        "formula": {
          "text": "<%=Filter_Option06%>"
        },
        "isMultiSelect": true
      },
      "dropdownText": "#{<%=Filter_Option06_Text%>}",
      "feedbackMode": false,
      "filteringSelf": true,
      "hasBackground": true,
      "hasHoverbuttons": false,
      "height": 2,
      "id": "031601b7-941a-4948-841a-a7f8b7932ee0",
      "maximized": false,
      "selection": [],
      "showHeader": true,
      "title": "",
      "titleStyle": {
        "currentFontSize": {
          "name": "x-large 17px",
          "value": 17
        },
        "fontSize": 17
      },
      "toolBorder": false,
      "type": "dropdown",
      "vertical": false,
      "width": 13,
      "x": 1,
      "y": 23,
      "zIndex": 19
    },
    {
      "allowDataLink": false,
      "backgroundColor": "#ffffff",
      "border": false,
      "clickToFilter": true,
      "componentFilter": "",
      "contextMenuMethods": {
        "componentFilter": true,
        "copy": true,
        "deletable": true,
        "export": true,
        "fullscreen": true,
        "layers": true,
        "settings": true
      },
      "diagramBackground": false,
      "diagramBackgroundStyle": {
        "fillColor": "",
        "opacity": 1
      },
      "diagramBorder": true,
      "diagramBorderStyle": {
        "lineColor": "#e9e9e9",
        "lineOpacity": 1,
        "lineWidth": 1
      },
      "dropdownSettings": {
        "formula": {
          "text": "<%=Filter_Option07%>"
        },
        "isMultiSelect": true
      },
      "dropdownText": "#{<%=Filter_Option07_Text%>}",
      "feedbackMode": false,
      "filteringSelf": true,
      "hasBackground": true,
      "hasHoverbuttons": false,
      "height": 2,
      "id": "458eb41f-36f6-40a6-b581-795a19501862",
      "maximized": false,
      "selection": [],
      "showHeader": true,
      "title": "",
      "titleStyle": {
        "currentFontSize": {
          "name": "x-large 17px",
          "value": 17
        },
        "fontSize": 17
      },
      "toolBorder": false,
      "type": "dropdown",
      "vertical": false,
      "width": 13,
      "x": 1,
      "y": 27,
      "zIndex": 19
    },
    {
      "allowDataLink": false,
      "backgroundColor": "#ffffff",
      "border": false,
      "clickToFilter": true,
      "componentFilter": "",
      "contextMenuMethods": {
        "componentFilter": true,
        "copy": true,
        "deletable": true,
        "export": true,
        "fullscreen": true,
        "layers": true,
        "settings": true
      },
      "diagramBackground": false,
      "diagramBackgroundStyle": {
        "fillColor": "",
        "opacity": 1
      },
      "diagramBorder": true,
      "diagramBorderStyle": {
        "lineColor": "#e9e9e9",
        "lineOpacity": 1,
        "lineWidth": 1
      },
      "dropdownSettings": {
        "formula": {
          "text": "<%=Filter_Option08%>"
        },
        "isMultiSelect": true
      },
      "dropdownText": "#{<%=Filter_Option08_Text%>}",
      "feedbackMode": false,
      "filteringSelf": true,
      "hasBackground": true,
      "hasHoverbuttons": false,
      "height": 2,
      "id": "c2ace631-e4c2-40f3-b735-b998f7b917bd",
      "maximized": false,
      "selection": [],
      "showHeader": true,
      "title": "",
      "titleStyle": {
        "currentFontSize": {
          "name": "x-large 17px",
          "value": 17
        },
        "fontSize": 17
      },
      "toolBorder": false,
      "type": "dropdown",
      "vertical": false,
      "width": 13,
      "x": 1,
      "y": 29,
      "zIndex": 25
    },
    {
      "allowDataLink": false,
      "backgroundColor": "#ffffff",
      "border": false,
      "clickToFilter": true,
      "componentFilter": "",
      "contextMenuMethods": {
        "componentFilter": true,
        "copy": true,
        "deletable": true,
        "export": true,
        "fullscreen": true,
        "layers": true,
        "settings": true
      },
      "diagramBackground": false,
      "diagramBackgroundStyle": {
        "fillColor": "",
        "opacity": 1
      },
      "diagramBorder": true,
      "diagramBorderStyle": {
        "lineColor": "#e9e9e9",
        "lineOpacity": 1,
        "lineWidth": 1
      },
      "dropdownSettings": {
        "formula": {
          "text": "<%=Filter_Option10%>"
        },
        "isMultiSelect": true
      },
      "dropdownText": "#{<%=Filter_Option10_Text%>}",
      "feedbackMode": false,
      "filteringSelf": true,
      "hasBackground": true,
      "hasHoverbuttons": false,
      "height": 2,
      "id": "642483b0-cb1d-4a25-bea6-1a99916bfb5f",
      "maximized": false,
      "selection": [],
      "showHeader": true,
      "title": "",
      "titleStyle": {
        "currentFontSize": {
          "name": "x-large 17px",
          "value": 17
        },
        "fontSize": 17
      },
      "toolBorder": false,
      "type": "dropdown",
      "vertical": false,
      "width": 13,
      "x": 1,
      "y": 47,
      "zIndex": 26
    },
    {
      "allowDataLink": false,
      "backgroundColor": "#ffffff",
      "border": false,
      "clickToFilter": true,
      "componentFilter": "",
      "contextMenuMethods": {
        "componentFilter": true,
        "copy": true,
        "deletable": true,
        "export": true,
        "fullscreen": true,
        "layers": true,
        "settings": true
      },
      "diagramBackground": false,
      "diagramBackgroundStyle": {
        "fillColor": "",
        "opacity": 1
      },
      "diagramBorder": true,
      "diagramBorderStyle": {
        "lineColor": "#e9e9e9",
        "lineOpacity": 1,
        "lineWidth": 1
      },
      "dropdownSettings": {
        "formula": {
          "text": "<%=Filter_Option09%>"
        },
        "isMultiSelect": true
      },
      "dropdownText": "#{<%=Filter_Option09_Text%>}",
      "feedbackMode": false,
      "filteringSelf": true,
      "hasBackground": true,
      "hasHoverbuttons": false,
      "height": 2,
      "id": "4c532d7a-6fc7-42e2-ab4d-9dfbc03e0118",
      "maximized": false,
      "selection": [],
      "showHeader": true,
      "title": "",
      "titleStyle": {
        "currentFontSize": {
          "name": "x-large 17px",
          "value": 17
        },
        "fontSize": 17
      },
      "toolBorder": false,
      "type": "dropdown",
      "vertical": false,
      "width": 13,
      "x": 1,
      "y": 45,
      "zIndex": 20
    },
    {
      "allowDataLink": false,
      "axis0": [
        {
          "flex": 1,
          "name": "#{Activity}",
          "notIncluded": false,
          "sorting": null,
          "sortingIndex": null,
          "text": "\"_CEL_PP_ACTIVITIES\".\"ACTIVITY_EN\"",
          "translatedName": "ACTIVITY_EN",
          "type": "dimension",
          "valueFormat": "",
          "width": 311
        }
      ],
      "axis0Config": {
        "autoTickCount": true,
        "axisLabelStyle": {
          "backgroundColor": "",
          "borderColor": "",
          "currentFontSize": {
            "name": "x-small 11px",
            "value": 11
          },
          "fontColor": "",
          "fontSize": 11
        },
        "axisLineStyle": {
          "lineOpacity": 1
        },
        "axisTitleStyle": {
          "backgroundColor": "",
          "borderColor": "",
          "currentFontSize": {
            "name": "small 13px",
            "value": 13
          },
          "fontColor": "",
          "fontSize": 13
        },
        "gapWidth": 0.45,
        "gridlineStyle": {
          "lineOpacity": 1
        },
        "showAxis": true,
        "showAxisLabels": true,
        "showTickLines": true
      },
      "axis1": [],
      "axis1Config": {
        "autoTickCount": true,
        "axisLabelStyle": {
          "backgroundColor": "",
          "borderColor": "",
          "currentFontSize": {
            "name": "x-small 11px",
            "value": 11
          },
          "fontColor": "",
          "fontSize": 11
        },
        "axisLineStyle": {
          "lineOpacity": 1
        },
        "axisTitleStyle": {
          "backgroundColor": "",
          "borderColor": "",
          "currentFontSize": {
            "name": "small 13px",
            "value": 13
          },
          "fontColor": "",
          "fontSize": 13
        },
        "boundsMode": "AUTO",
        "gridlineStyle": {
          "lineColor": "#e4e4e4",
          "lineOpacity": 1,
          "lineWidth": 1
        },
        "showAxis": true,
        "showAxisLabels": true,
        "showGridlines": true,
        "showTickLines": true
      },
      "axis2": [
        {
          "dataLabelStyle": {},
          "dataLabelsPosition": "custom",
          "fillStyle": {
            "opacity": 1
          },
          "flex": 0.4373,
          "ignoreSeriesPalettes": true,
          "name": "Case count",
          "notIncluded": false,
          "seriesColor": "",
          "seriesColorMapping": "",
          "seriesPalette": "",
          "showDataLabels": false,
          "sorting": null,
          "sortingIndex": null,
          "styles": {
            "left": "0px",
            "position": "absolute",
            "right": "4px",
            "top": "0px"
          },
          "text": "COUNT_TABLE(\"AFPO\")",
          "textColor": "",
          "textColorMapping": "",
          "valueFormat": ",f",
          "width": 136
        },
        {
          "dataLabelStyle": {},
          "dataLabelsPosition": "custom",
          "fillStyle": {
            "opacity": 1
          },
          "flex": 0.3666,
          "ignoreSeriesPalettes": true,
          "name": "Activities count",
          "notIncluded": false,
          "seriesColor": "",
          "seriesColorMapping": "",
          "seriesPalette": "",
          "showDataLabels": false,
          "sorting": null,
          "sortingIndex": null,
          "styles": {
            "left": "0px",
            "position": "absolute",
            "right": "4px",
            "top": "40px"
          },
          "text": "COUNT(\"_CEL_PP_ACTIVITIES\".\"ACTIVITY_EN\")",
          "textColor": "",
          "textColorMapping": "",
          "valueFormat": ",f",
          "width": 114
        }
      ],
      "axis2Config": {
        "autoTickCount": true,
        "axisLabelStyle": {
          "backgroundColor": "",
          "borderColor": "",
          "fontColor": ""
        },
        "axisLineStyle": {},
        "axisTitleStyle": {
          "backgroundColor": "",
          "borderColor": "",
          "currentFontSize": {
            "name": "small 13px",
            "value": 13
          },
          "fontColor": "",
          "fontSize": 13
        },
        "boundsMode": "AUTO",
        "gridlineStyle": {},
        "showAxis": true,
        "showAxisLabels": true,
        "showTickLines": true
      },
      "backgroundColor": "#ffffff",
      "border": false,
      "chartType": "table",
      "clickToFilter": true,
      "componentFilter": "FILTER \"_CEL_PP_ACTIVITIES\".\"ACT_CAT\" = 'Status';",
      "contextMenuMethods": {
        "componentFilter": true,
        "copy": true,
        "deletable": true,
        "export": true,
        "fullscreen": true,
        "layers": true,
        "settings": true
      },
      "dataLabelsPositions": [
        "top",
        "middle",
        "bottom",
        "custom"
      ],
      "diagramBackground": false,
      "diagramBackgroundStyle": {
        "fillColor": "",
        "opacity": 1
      },
      "diagramBorder": true,
      "diagramBorderStyle": {
        "lineColor": "#e9e9e9",
        "lineOpacity": 1,
        "lineWidth": 1
      },
      "feedbackMode": false,
      "filteringSelf": true,
      "hasBackground": true,
      "hasHoverbuttons": false,
      "height": 26,
      "hoverButtonFixed": false,
      "hoverButtonPosition": "RIGHT",
      "id": "bbcb4bcb-339f-48d5-8af6-6703908cba35",
      "legendFontStyle": {
        "backgroundColor": "",
        "borderColor": "",
        "currentFontSize": {
          "name": "x-small 11px",
          "value": 11
        },
        "fontColor": "",
        "fontSize": 11
      },
      "legendOverlay": false,
      "legendPosition": "bc",
      "legendShow": true,
      "limitMode": "NO_LIMIT",
      "limitNumber": 100,
      "maximized": false,
      "selection": [],
      "showHeader": true,
      "showOthers": false,
      "showTitle": true,
      "textStyle": {
        "currentFontSize": {
          "name": "medium 14px",
          "value": 14
        },
        "fontSize": 14
      },
      "title": "#{Status Activities}",
      "titleStyle": {
        "currentFontSize": {
          "name": "x-large 17px",
          "value": 17
        },
        "fontSize": 17
      },
      "toolBorder": false,
      "tooltips": true,
      "type": "pql-table",
      "vertical": false,
      "width": 20,
      "x": 16,
      "y": 1,
      "zIndex": 27
    },
    {
      "allowDataLink": false,
      "axis0": [
        {
          "name": "#{Finished Process Order}",
          "notIncluded": false,
          "sorting": "DESC",
          "sortingIndex": 0,
          "text": "\"AFKO\".\"AUFNR\"",
          "translatedName": "AUFNR",
          "type": "dimension",
          "valueFormat": ""
        },
        {
          "name": "#{Material}",
          "notIncluded": false,
          "sortingIndex": null,
          "text": "\"AFPO\".\"MATNR2\"",
          "translatedName": "Material",
          "type": "dimension",
          "valueFormat": ""
        },
        {
          "name": "#{Text}",
          "notIncluded": false,
          "sortingIndex": null,
          "text": "\"AFPO\".\"MATNR_TEXT\"",
          "type": "dimension",
          "valueFormat": ""
        },
        {
          "name": "#{Batch}",
          "notIncluded": false,
          "sortingIndex": null,
          "text": "\"AFKO_SUB\".\"CHARG\"",
          "type": "dimension",
          "valueFormat": ""
        },
        {
          "name": "#{Sub Process Order}",
          "notIncluded": false,
          "sortingIndex": null,
          "text": "\"AFKO_SUB\".\"AUFNR_SUB\"",
          "type": "dimension",
          "valueFormat": ""
        },
        {
          "name": "#{Sub Process Material}",
          "notIncluded": false,
          "sortingIndex": null,
          "text": "\"AFKO_SUB\".\"SGTXT\"",
          "type": "dimension",
          "valueFormat": ""
        }
      ],
      "axis0Config": {
        "autoTickCount": true,
        "axisLabelStyle": {
          "backgroundColor": "",
          "borderColor": "",
          "currentFontSize": {
            "name": "x-small 11px",
            "value": 11
          },
          "fontColor": "",
          "fontSize": 11
        },
        "axisLineStyle": {
          "lineOpacity": 1
        },
        "axisTitleStyle": {
          "backgroundColor": "",
          "borderColor": "",
          "currentFontSize": {
            "name": "small 13px",
            "value": 13
          },
          "fontColor": "",
          "fontSize": 13
        },
        "gapWidth": 0.45,
        "gridlineStyle": {
          "lineOpacity": 1
        },
        "showAxis": true,
        "showAxisLabels": true,
        "showTickLines": true
      },
      "axis1": [],
      "axis1Config": {
        "autoTickCount": true,
        "axisLabelStyle": {
          "backgroundColor": "",
          "borderColor": "",
          "currentFontSize": {
            "name": "x-small 11px",
            "value": 11
          },
          "fontColor": "",
          "fontSize": 11
        },
        "axisLineStyle": {
          "lineOpacity": 1
        },
        "axisTitleStyle": {
          "backgroundColor": "",
          "borderColor": "",
          "currentFontSize": {
            "name": "small 13px",
            "value": 13
          },
          "fontColor": "",
          "fontSize": 13
        },
        "boundsMode": "AUTO",
        "gridlineStyle": {
          "lineColor": "#e4e4e4",
          "lineOpacity": 1,
          "lineWidth": 1
        },
        "showAxis": true,
        "showAxisLabels": true,
        "showGridlines": true,
        "showTickLines": true
      },
      "axis2": [],
      "axis2Config": {
        "autoTickCount": true,
        "axisLabelStyle": {
          "backgroundColor": "",
          "borderColor": "",
          "fontColor": ""
        },
        "axisLineStyle": {},
        "axisTitleStyle": {
          "backgroundColor": "",
          "borderColor": "",
          "currentFontSize": {
            "name": "small 13px",
            "value": 13
          },
          "fontColor": "",
          "fontSize": 13
        },
        "boundsMode": "AUTO",
        "gridlineStyle": {},
        "showAxis": true,
        "showAxisLabels": true,
        "showTickLines": true
      },
      "backgroundColor": "#ffffff",
      "border": false,
      "chartType": "table",
      "clickToFilter": true,
      "componentFilter": "",
      "contextMenuMethods": {
        "componentFilter": true,
        "copy": true,
        "deletable": true,
        "export": true,
        "fullscreen": true,
        "layers": true,
        "settings": true
      },
      "dataLabelsPositions": [
        "top",
        "middle",
        "bottom",
        "custom"
      ],
      "diagramBackground": false,
      "diagramBackgroundStyle": {
        "fillColor": "",
        "opacity": 1
      },
      "diagramBorder": true,
      "diagramBorderStyle": {
        "lineColor": "#e9e9e9",
        "lineOpacity": 1,
        "lineWidth": 1
      },
      "distinct": true,
      "feedbackMode": false,
      "filteringSelf": true,
      "hasBackground": true,
      "hasHoverbuttons": false,
      "height": 21,
      "hoverButtonFixed": false,
      "hoverButtonPosition": "LEFT",
      "id": "31c7f98e-b1aa-4aa1-aeec-024c5202cafe",
      "legendFontStyle": {
        "backgroundColor": "",
        "borderColor": "",
        "currentFontSize": {
          "name": "x-small 11px",
          "value": 11
        },
        "fontColor": "",
        "fontSize": 11
      },
      "legendOverlay": false,
      "legendPosition": "bc",
      "legendShow": true,
      "limitMode": "NO_LIMIT",
      "limitNumber": 100,
      "maximized": false,
      "selection": [],
      "showHeader": true,
      "showOthers": false,
      "showTitle": true,
      "textStyle": {
        "currentFontSize": {
          "name": "medium 14px",
          "value": 14
        },
        "fontSize": 14
      },
      "title": "#{Subprocesses / Batches}",
      "titleStyle": {
        "currentFontSize": {
          "name": "x-large 17px",
          "value": 17
        },
        "fontSize": 17
      },
      "toolBorder": false,
      "tooltips": true,
      "type": "pql-table",
      "vertical": false,
      "width": 83,
      "x": 16,
      "y": 28,
      "zIndex": 27
    },
    {
      "allowDataLink": false,
      "axis0": [
        {
          "flex": 1,
          "name": "#{Activity}",
          "notIncluded": false,
          "sorting": null,
          "sortingIndex": null,
          "text": "\"_CEL_PP_ACTIVITIES\".\"ACTIVITY_EN\"",
          "translatedName": "ACTIVITY_EN",
          "type": "dimension",
          "valueFormat": "",
          "width": 198
        }
      ],
      "axis0Config": {
        "autoTickCount": true,
        "axisLabelStyle": {
          "backgroundColor": "",
          "borderColor": "",
          "currentFontSize": {
            "name": "x-small 11px",
            "value": 11
          },
          "fontColor": "",
          "fontSize": 11
        },
        "axisLineStyle": {
          "lineOpacity": 1
        },
        "axisTitleStyle": {
          "backgroundColor": "",
          "borderColor": "",
          "currentFontSize": {
            "name": "small 13px",
            "value": 13
          },
          "fontColor": "",
          "fontSize": 13
        },
        "gapWidth": 0.45,
        "gridlineStyle": {
          "lineOpacity": 1
        },
        "showAxis": true,
        "showAxisLabels": true,
        "showTickLines": true
      },
      "axis1": [],
      "axis1Config": {
        "autoTickCount": true,
        "axisLabelStyle": {
          "backgroundColor": "",
          "borderColor": "",
          "currentFontSize": {
            "name": "x-small 11px",
            "value": 11
          },
          "fontColor": "",
          "fontSize": 11
        },
        "axisLineStyle": {
          "lineOpacity": 1
        },
        "axisTitleStyle": {
          "backgroundColor": "",
          "borderColor": "",
          "currentFontSize": {
            "name": "small 13px",
            "value": 13
          },
          "fontColor": "",
          "fontSize": 13
        },
        "boundsMode": "AUTO",
        "gridlineStyle": {
          "lineColor": "#e4e4e4",
          "lineOpacity": 1,
          "lineWidth": 1
        },
        "showAxis": true,
        "showAxisLabels": true,
        "showGridlines": true,
        "showTickLines": true
      },
      "axis2": [
        {
          "dataLabelStyle": {},
          "dataLabelsPosition": "custom",
          "fillStyle": {
            "opacity": 1
          },
          "flex": 0.3535,
          "ignoreSeriesPalettes": true,
          "name": "Case count",
          "notIncluded": false,
          "seriesColor": "",
          "seriesColorMapping": "",
          "seriesPalette": "",
          "showDataLabels": false,
          "sorting": "DESC",
          "sortingIndex": 0,
          "styles": {
            "left": "0px",
            "position": "absolute",
            "right": "4px",
            "top": "0px"
          },
          "text": "COUNT_TABLE(\"AFPO\")",
          "textColor": "",
          "textColorMapping": "",
          "valueFormat": ",f",
          "width": 70
        },
        {
          "dataLabelStyle": {},
          "dataLabelsPosition": "custom",
          "fillStyle": {
            "opacity": 1
          },
          "flex": 0.4242,
          "ignoreSeriesPalettes": true,
          "name": "Activities count",
          "notIncluded": false,
          "seriesColor": "",
          "seriesColorMapping": "",
          "seriesPalette": "",
          "showDataLabels": false,
          "sorting": null,
          "sortingIndex": null,
          "styles": {
            "left": "0px",
            "position": "absolute",
            "right": "4px",
            "top": "40px"
          },
          "text": "COUNT(\"_CEL_PP_ACTIVITIES\".\"ACTIVITY_EN\")",
          "textColor": "",
          "textColorMapping": "",
          "valueFormat": ",f",
          "width": 84
        }
      ],
      "axis2Config": {
        "autoTickCount": true,
        "axisLabelStyle": {
          "backgroundColor": "",
          "borderColor": "",
          "fontColor": ""
        },
        "axisLineStyle": {},
        "axisTitleStyle": {
          "backgroundColor": "",
          "borderColor": "",
          "currentFontSize": {
            "name": "small 13px",
            "value": 13
          },
          "fontColor": "",
          "fontSize": 13
        },
        "boundsMode": "AUTO",
        "gridlineStyle": {},
        "showAxis": true,
        "showAxisLabels": true,
        "showTickLines": true
      },
      "backgroundColor": "#ffffff",
      "border": false,
      "chartType": "table",
      "clickToFilter": true,
      "componentFilter": "FILTER \"_CEL_PP_ACTIVITIES\".\"ACT_CAT\" = 'Milestone';",
      "contextMenuMethods": {
        "componentFilter": true,
        "copy": true,
        "deletable": true,
        "export": true,
        "fullscreen": true,
        "layers": true,
        "settings": true
      },
      "dataLabelsPositions": [
        "top",
        "middle",
        "bottom",
        "custom"
      ],
      "diagramBackground": false,
      "diagramBackgroundStyle": {
        "fillColor": "",
        "opacity": 1
      },
      "diagramBorder": true,
      "diagramBorderStyle": {
        "lineColor": "#e9e9e9",
        "lineOpacity": 1,
        "lineWidth": 1
      },
      "feedbackMode": false,
      "filteringSelf": true,
      "hasBackground": true,
      "hasHoverbuttons": false,
      "height": 26,
      "hoverButtonFixed": false,
      "hoverButtonPosition": "RIGHT",
      "id": "be2e3f81-1a72-43d7-a23b-23360a50431c",
      "legendFontStyle": {
        "backgroundColor": "",
        "borderColor": "",
        "currentFontSize": {
          "name": "x-small 11px",
          "value": 11
        },
        "fontColor": "",
        "fontSize": 11
      },
      "legendOverlay": false,
      "legendPosition": "bc",
      "legendShow": true,
      "limitMode": "NO_LIMIT",
      "limitNumber": 100,
      "maximized": false,
      "selection": [],
      "showHeader": true,
      "showOthers": false,
      "showTitle": true,
      "textStyle": {
        "currentFontSize": {
          "name": "medium 14px",
          "value": 14
        },
        "fontSize": 14
      },
      "title": "#{Milestone Activities}",
      "titleStyle": {
        "currentFontSize": {
          "name": "x-large 17px",
          "value": 17
        },
        "fontSize": 17
      },
      "toolBorder": false,
      "tooltips": true,
      "type": "pql-table",
      "vertical": false,
      "width": 19,
      "x": 37,
      "y": 1,
      "zIndex": 28
    },
    {
      "allowDataLink": false,
      "axis0": [
        {
          "flex": 1,
          "name": "#{Activity}",
          "notIncluded": false,
          "sorting": null,
          "sortingIndex": null,
          "text": "\"_CEL_PP_ACTIVITIES\".\"ACTIVITY_EN\"",
          "translatedName": "ACTIVITY_EN",
          "type": "dimension",
          "valueFormat": "",
          "width": 203
        }
      ],
      "axis0Config": {
        "autoTickCount": true,
        "axisLabelStyle": {
          "backgroundColor": "",
          "borderColor": "",
          "currentFontSize": {
            "name": "x-small 11px",
            "value": 11
          },
          "fontColor": "",
          "fontSize": 11
        },
        "axisLineStyle": {
          "lineOpacity": 1
        },
        "axisTitleStyle": {
          "backgroundColor": "",
          "borderColor": "",
          "currentFontSize": {
            "name": "small 13px",
            "value": 13
          },
          "fontColor": "",
          "fontSize": 13
        },
        "gapWidth": 0.45,
        "gridlineStyle": {
          "lineOpacity": 1
        },
        "showAxis": true,
        "showAxisLabels": true,
        "showTickLines": true
      },
      "axis1": [],
      "axis1Config": {
        "autoTickCount": true,
        "axisLabelStyle": {
          "backgroundColor": "",
          "borderColor": "",
          "currentFontSize": {
            "name": "x-small 11px",
            "value": 11
          },
          "fontColor": "",
          "fontSize": 11
        },
        "axisLineStyle": {
          "lineOpacity": 1
        },
        "axisTitleStyle": {
          "backgroundColor": "",
          "borderColor": "",
          "currentFontSize": {
            "name": "small 13px",
            "value": 13
          },
          "fontColor": "",
          "fontSize": 13
        },
        "boundsMode": "AUTO",
        "gridlineStyle": {
          "lineColor": "#e4e4e4",
          "lineOpacity": 1,
          "lineWidth": 1
        },
        "showAxis": true,
        "showAxisLabels": true,
        "showGridlines": true,
        "showTickLines": true
      },
      "axis2": [
        {
          "dataLabelStyle": {},
          "dataLabelsPosition": "custom",
          "fillStyle": {
            "opacity": 1
          },
          "flex": 0.4286,
          "ignoreSeriesPalettes": true,
          "name": "Case count",
          "notIncluded": false,
          "seriesColor": "",
          "seriesColorMapping": "",
          "seriesPalette": "",
          "showDataLabels": false,
          "sorting": "DESC",
          "sortingIndex": 0,
          "styles": {
            "left": "0px",
            "position": "absolute",
            "right": "4px",
            "top": "0px"
          },
          "text": "COUNT_TABLE(\"AFPO\")",
          "textColor": "",
          "textColorMapping": "",
          "valueFormat": ",f",
          "width": 87
        },
        {
          "dataLabelStyle": {},
          "dataLabelsPosition": "custom",
          "fillStyle": {
            "opacity": 1
          },
          "flex": 0.4483,
          "ignoreSeriesPalettes": true,
          "name": "Activities count",
          "notIncluded": false,
          "seriesColor": "",
          "seriesColorMapping": "",
          "seriesPalette": "",
          "showDataLabels": false,
          "sorting": null,
          "sortingIndex": null,
          "styles": {
            "left": "0px",
            "position": "absolute",
            "right": "4px",
            "top": "40px"
          },
          "text": "COUNT(\"_CEL_PP_ACTIVITIES\".\"ACTIVITY_EN\")",
          "textColor": "",
          "textColorMapping": "",
          "valueFormat": ",f",
          "width": 91
        }
      ],
      "axis2Config": {
        "autoTickCount": true,
        "axisLabelStyle": {
          "backgroundColor": "",
          "borderColor": "",
          "fontColor": ""
        },
        "axisLineStyle": {},
        "axisTitleStyle": {
          "backgroundColor": "",
          "borderColor": "",
          "currentFontSize": {
            "name": "small 13px",
            "value": 13
          },
          "fontColor": "",
          "fontSize": 13
        },
        "boundsMode": "AUTO",
        "gridlineStyle": {},
        "showAxis": true,
        "showAxisLabels": true,
        "showTickLines": true
      },
      "backgroundColor": "#ffffff",
      "border": false,
      "chartType": "table",
      "clickToFilter": true,
      "componentFilter": "FILTER \"_CEL_PP_ACTIVITIES\".\"ACT_CAT\" = 'Order Change';",
      "contextMenuMethods": {
        "componentFilter": true,
        "copy": true,
        "deletable": true,
        "export": true,
        "fullscreen": true,
        "layers": true,
        "settings": true
      },
      "dataLabelsPositions": [
        "top",
        "middle",
        "bottom",
        "custom"
      ],
      "diagramBackground": false,
      "diagramBackgroundStyle": {
        "fillColor": "",
        "opacity": 1
      },
      "diagramBorder": true,
      "diagramBorderStyle": {
        "lineColor": "#e9e9e9",
        "lineOpacity": 1,
        "lineWidth": 1
      },
      "feedbackMode": false,
      "filteringSelf": true,
      "hasBackground": true,
      "hasHoverbuttons": false,
      "height": 26,
      "hoverButtonFixed": false,
      "hoverButtonPosition": "RIGHT",
      "id": "65de0daf-20aa-40a1-8e12-583c762ba977",
      "legendFontStyle": {
        "backgroundColor": "",
        "borderColor": "",
        "currentFontSize": {
          "name": "x-small 11px",
          "value": 11
        },
        "fontColor": "",
        "fontSize": 11
      },
      "legendOverlay": false,
      "legendPosition": "bc",
      "legendShow": true,
      "limitMode": "NO_LIMIT",
      "limitNumber": 100,
      "maximized": false,
      "selection": [],
      "showHeader": true,
      "showOthers": false,
      "showTitle": true,
      "textStyle": {
        "currentFontSize": {
          "name": "medium 14px",
          "value": 14
        },
        "fontSize": 14
      },
      "title": "#{Change Activites}",
      "titleStyle": {
        "currentFontSize": {
          "name": "x-large 17px",
          "value": 17
        },
        "fontSize": 17
      },
      "toolBorder": false,
      "tooltips": true,
      "type": "pql-table",
      "vertical": false,
      "width": 21,
      "x": 57,
      "y": 1,
      "zIndex": 29
    },
    {
      "allowDataLink": false,
      "backgroundColor": "#ffffff",
      "border": false,
      "clickToFilter": true,
      "componentFilter": "",
      "contextMenuMethods": {
        "componentFilter": true,
        "copy": true,
        "deletable": true,
        "export": true,
        "fullscreen": true,
        "layers": true,
        "settings": true
      },
      "diagramBackground": false,
      "diagramBackgroundStyle": {
        "fillColor": "",
        "opacity": 1
      },
      "diagramBorder": true,
      "diagramBorderStyle": {
        "lineColor": "#e9e9e9",
        "lineOpacity": 1,
        "lineWidth": 1
      },
      "dropdownSettings": {
        "formula": {
          "text": "<%=Filter_Option12%>"
        },
        "isMultiSelect": true
      },
      "dropdownText": "#{<%=Filter_Option12_Text%>}",
      "feedbackMode": false,
      "filteringSelf": true,
      "hasBackground": true,
      "hasHoverbuttons": false,
      "height": 2,
      "id": "ebc0da5d-a7bd-4d60-bf2e-e2782c1d9a9d",
      "maximized": false,
      "selection": [],
      "showHeader": true,
      "title": "",
      "titleStyle": {
        "currentFontSize": {
          "name": "x-large 17px",
          "value": 17
        },
        "fontSize": 17
      },
      "toolBorder": false,
      "type": "dropdown",
      "vertical": false,
      "width": 13,
      "x": 1,
      "y": 40,
      "zIndex": 19
    },
    {
      "alignment": "vertical",
      "allowDataLink": false,
      "backgroundColor": "#ffffff",
      "border": false,
      "clickToFilter": true,
      "componentFilter": "",
      "contextMenuMethods": {
        "componentFilter": true,
        "copy": true,
        "deletable": true,
        "export": true,
        "fullscreen": true,
        "layers": true,
        "settings": true
      },
      "datepickerSettings": {
        "formula": {
          "name": "",
          "text": "PU_FIRST(\"AFPO\", \"_CEL_PP_ACTIVITIES\".\"EVENTTIME\", \"_CEL_PP_ACTIVITIES\".\"ACTIVITY_EN\" = 'Create Process Order')",
          "translatedName": ""
        }
      },
      "diagramBackground": false,
      "diagramBackgroundStyle": {
        "fillColor": "",
        "opacity": 1
      },
      "diagramBorder": true,
      "diagramBorderStyle": {
        "lineColor": "#e9e9e9",
        "lineOpacity": 1,
        "lineWidth": 1
      },
      "feedbackMode": false,
      "filteringSelf": true,
      "hasBackground": true,
      "hasHoverbuttons": false,
      "height": 5,
      "id": "6b4cface-0b36-4c7b-bd98-64be3950514d",
      "maximized": false,
      "selection": [],
      "showHeader": true,
      "title": "PO Creation Date",
      "titleStyle": {
        "backgroundColor": "",
        "bold": false,
        "borderColor": "",
        "currentFontSize": {
          "name": "large 15px",
          "value": 15
        },
        "fontColor": "#<%= Company_Color2 %>",
        "fontSize": 15
      },
      "toolBorder": false,
      "type": "date_picker",
      "vertical": false,
      "width": 13,
      "x": 1,
      "y": 13,
      "zIndex": 28
    },
    {
      "allowDataLink": false,
      "backgroundColor": "#ffffff",
      "border": false,
      "clickToFilter": true,
      "componentFilter": "",
      "contextMenuMethods": {
        "componentFilter": true,
        "copy": true,
        "deletable": true,
        "export": true,
        "fullscreen": true,
        "layers": true,
        "settings": true
      },
      "diagramBackground": false,
      "diagramBackgroundStyle": {
        "fillColor": "",
        "opacity": 1
      },
      "diagramBorder": true,
      "diagramBorderStyle": {
        "lineColor": "#e9e9e9",
        "lineOpacity": 1,
        "lineWidth": 1
      },
      "dropdownSettings": {
        "formula": {
          "text": "<%=Filter_Option13%>"
        },
        "isMultiSelect": true
      },
      "dropdownText": "#{<%=Filter_Option13_Text%>}",
      "feedbackMode": false,
      "filteringSelf": true,
      "hasBackground": true,
      "hasHoverbuttons": false,
      "height": 2,
      "id": "f3cb3b69-971f-4acb-acb4-c94a05307ef0",
      "maximized": false,
      "selection": [],
      "showHeader": true,
      "title": "",
      "titleStyle": {
        "currentFontSize": {
          "name": "x-large 17px",
          "value": 17
        },
        "fontSize": 17
      },
      "toolBorder": false,
      "type": "dropdown",
      "vertical": false,
      "width": 13,
      "x": 1,
      "y": 25,
      "zIndex": 21
    },
    {
      "allowDataLink": false,
      "backgroundColor": "#ffffff",
      "border": false,
      "clickToFilter": true,
      "componentFilter": "",
      "contextMenuMethods": {
        "componentFilter": true,
        "copy": true,
        "deletable": true,
        "export": true,
        "fullscreen": true,
        "layers": true,
        "settings": true
      },
      "diagramBackground": false,
      "diagramBackgroundStyle": {
        "fillColor": "",
        "opacity": 1
      },
      "diagramBorder": true,
      "diagramBorderStyle": {
        "lineColor": "#e9e9e9",
        "lineOpacity": 1,
        "lineWidth": 1
      },
      "dropdownSettings": {
        "formula": {
          "text": "<%=Filter_Option14%>"
        },
        "isMultiSelect": true
      },
      "dropdownText": "#{<%=Filter_Option14_Text%>}",
      "feedbackMode": false,
      "filteringSelf": true,
      "hasBackground": true,
      "hasHoverbuttons": false,
      "height": 2,
      "id": "83da3a79-442b-4ba4-9d97-ea4f4dd91159",
      "maximized": false,
      "selection": [],
      "showHeader": true,
      "title": "",
      "titleStyle": {
        "currentFontSize": {
          "name": "x-large 17px",
          "value": 17
        },
        "fontSize": 17
      },
      "toolBorder": false,
      "type": "dropdown",
      "vertical": false,
      "width": 13,
      "x": 1,
      "y": 32,
      "zIndex": 26
    }
  ],
  "contentType": "blank-sheet",
  "format": "FULLSCREEN",
  "id": "ba442080-c3e0-4cac-a20c-372e2c40b1bd",
  "name": "Validation - Subprocess & Activities",
  "position": {
    "height": 804,
    "left": 0,
    "top": 0,
    "width": 1200
  },
  "sheetFilter": {
    "text": ""
  }
}