{
  "components": [
    {
      "allowDataLink": false,
      "axis0": [
        {
          "name": "#{_CEL_PP_ACTIVITIES.USER_NAME}",
          "notIncluded": false,
          "sorting": null,
          "sortingIndex": null,
          "text": "(\"_CEL_PP_ACTIVITIES\".\"USER_NAME\")",
          "translatedName": "USER_NAME",
          "type": "dimension",
          "units": "",
          "valueFormat": ""
        }
      ],
      "axis0Config": {
        "autoTickCount": true,
        "axisLabelStyle": {
          "backgroundColor": "",
          "borderColor": "",
          "currentFontSize": {
            "name": "x-small 11px",
            "value": 11
          },
          "fontColor": "",
          "fontSize": 11
        },
        "axisLineStyle": {
          "lineOpacity": 1
        },
        "axisTitleStyle": {
          "backgroundColor": "",
          "borderColor": "",
          "currentFontSize": {
            "name": "small 13px",
            "value": 13
          },
          "fontColor": "",
          "fontSize": 13
        },
        "gapWidth": 0.45,
        "gridlineStyle": {
          "lineOpacity": 1
        },
        "showAxis": true,
        "showAxisLabels": true,
        "showTickLines": true
      },
      "axis1": [],
      "axis1Config": {
        "autoTickCount": true,
        "axisLabelStyle": {
          "backgroundColor": "",
          "borderColor": "",
          "currentFontSize": {
            "name": "x-small 11px",
            "value": 11
          },
          "fontColor": "",
          "fontSize": 11
        },
        "axisLineStyle": {
          "lineOpacity": 1
        },
        "axisTitleStyle": {
          "backgroundColor": "",
          "borderColor": "",
          "currentFontSize": {
            "name": "small 13px",
            "value": 13
          },
          "fontColor": "",
          "fontSize": 13
        },
        "boundsMode": "AUTO",
        "gridlineStyle": {
          "lineColor": "#e4e4e4",
          "lineOpacity": 1,
          "lineWidth": 1
        },
        "showAxis": true,
        "showAxisLabels": true,
        "showGridlines": true,
        "showTickLines": true
      },
      "axis2": [
        {
          "dataLabelStyle": {},
          "dataLabelsPosition": "custom",
          "fillStyle": {
            "opacity": 1
          },
          "ignoreSeriesPalettes": true,
          "name": "Activities count",
          "notIncluded": false,
          "seriesColor": "",
          "seriesColorMapping": "",
          "seriesPalette": "",
          "showDataLabels": false,
          "sorting": "DESC",
          "sortingIndex": 0,
          "styles": {
            "left": "0px",
            "position": "absolute",
            "right": "4px",
            "top": "40px"
          },
          "text": "COUNT(\"_CEL_PP_ACTIVITIES\".\"ACTIVITY_EN\")",
          "textColor": "",
          "textColorMapping": "",
          "valueFormat": ",f"
        }
      ],
      "axis2Config": {
        "autoTickCount": true,
        "axisLabelStyle": {
          "backgroundColor": "",
          "borderColor": "",
          "fontColor": ""
        },
        "axisLineStyle": {},
        "axisTitleStyle": {
          "backgroundColor": "",
          "borderColor": "",
          "currentFontSize": {
            "name": "small 13px",
            "value": 13
          },
          "fontColor": "",
          "fontSize": 13
        },
        "boundsMode": "AUTO",
        "gridlineStyle": {},
        "showAxis": true,
        "showAxisLabels": true,
        "showTickLines": true
      },
      "backgroundColor": "#ffffff",
      "border": false,
      "chartType": "table",
      "clickToFilter": true,
      "componentFilter": "FILTER ISNULL(\"_CEL_PP_ACTIVITIES\".\"USER_TYPE\")=1;",
      "contextMenuMethods": {
        "componentFilter": true,
        "copy": true,
        "deletable": true,
        "export": true,
        "fullscreen": true,
        "layers": true,
        "settings": true
      },
      "dataLabelsPositions": [
        "top",
        "middle",
        "bottom",
        "custom"
      ],
      "diagramBackground": false,
      "diagramBackgroundStyle": {
        "fillColor": "",
        "opacity": 1
      },
      "diagramBorder": true,
      "diagramBorderStyle": {
        "lineColor": "#e9e9e9",
        "lineOpacity": 1,
        "lineWidth": 1
      },
      "feedbackMode": false,
      "filteringSelf": true,
      "hasBackground": true,
      "hasHoverbuttons": false,
      "height": 19,
      "hoverButtonFixed": false,
      "hoverButtonPosition": "RIGHT",
      "id": "b59fa838-ff4b-428a-a91a-f4bfb77f81da",
      "legendFontStyle": {
        "backgroundColor": "",
        "borderColor": "",
        "currentFontSize": {
          "name": "x-small 11px",
          "value": 11
        },
        "fontColor": "",
        "fontSize": 11
      },
      "legendOverlay": false,
      "legendPosition": "bc",
      "legendShow": true,
      "limitMode": "NO_LIMIT",
      "limitNumber": 100,
      "maximized": false,
      "selection": [],
      "showHeader": true,
      "showOthers": false,
      "showTitle": true,
      "technicalNames": false,
      "textStyle": {
        "currentFontSize": {
          "name": "medium 14px",
          "value": 14
        },
        "fontSize": 14
      },
      "title": "Null User Types Names",
      "titleStyle": {
        "currentFontSize": {
          "name": "x-large 17px",
          "value": 17
        },
        "fontSize": 17
      },
      "toolBorder": false,
      "tooltips": true,
      "type": "pql-table",
      "vertical": false,
      "width": 24,
      "x": 29,
      "y": 30,
      "zIndex": 3
    },
    {
      "allowDataLink": false,
      "axis0": [
        {
          "name": "#{_CEL_PP_ACTIVITIES.USER_NAME}",
          "notIncluded": false,
          "sorting": null,
          "sortingIndex": null,
          "text": "\"_CEL_PP_ACTIVITIES\".\"USER_NAME\"",
          "translatedName": "User Name",
          "type": "dimension",
          "units": "",
          "valueFormat": ""
        },
        {
          "name": "#{_CEL_PP_ACTIVITIES.USER_TYPE}",
          "notIncluded": false,
          "sorting": null,
          "sortingIndex": null,
          "text": "\"_CEL_PP_ACTIVITIES\".\"USER_TYPE\"",
          "type": "dimension",
          "valueFormat": ""
        }
      ],
      "axis0Config": {
        "autoTickCount": true,
        "axisLabelStyle": {
          "backgroundColor": "",
          "borderColor": "",
          "currentFontSize": {
            "name": "x-small 11px",
            "value": 11
          },
          "fontColor": "",
          "fontSize": 11
        },
        "axisLineStyle": {
          "lineOpacity": 1
        },
        "axisTitleStyle": {
          "backgroundColor": "",
          "borderColor": "",
          "currentFontSize": {
            "name": "small 13px",
            "value": 13
          },
          "fontColor": "",
          "fontSize": 13
        },
        "gapWidth": 0.45,
        "gridlineStyle": {
          "lineOpacity": 1
        },
        "showAxis": true,
        "showAxisLabels": true,
        "showTickLines": true
      },
      "axis1": [],
      "axis1Config": {
        "autoTickCount": true,
        "axisLabelStyle": {
          "backgroundColor": "",
          "borderColor": "",
          "currentFontSize": {
            "name": "x-small 11px",
            "value": 11
          },
          "fontColor": "",
          "fontSize": 11
        },
        "axisLineStyle": {
          "lineOpacity": 1
        },
        "axisTitleStyle": {
          "backgroundColor": "",
          "borderColor": "",
          "currentFontSize": {
            "name": "small 13px",
            "value": 13
          },
          "fontColor": "",
          "fontSize": 13
        },
        "boundsMode": "AUTO",
        "gridlineStyle": {
          "lineColor": "#e4e4e4",
          "lineOpacity": 1,
          "lineWidth": 1
        },
        "showAxis": true,
        "showAxisLabels": true,
        "showGridlines": true,
        "showTickLines": true
      },
      "axis2": [
        {
          "dataLabelStyle": {},
          "dataLabelsPosition": "custom",
          "fillStyle": {
            "opacity": 1
          },
          "ignoreSeriesPalettes": true,
          "name": "Activities count",
          "notIncluded": false,
          "seriesColor": "",
          "seriesColorMapping": "",
          "seriesPalette": "",
          "showDataLabels": false,
          "sorting": "DESC",
          "sortingIndex": 0,
          "styles": {
            "left": "0px",
            "position": "absolute",
            "right": "4px",
            "top": "40px"
          },
          "text": "COUNT(\"_CEL_PP_ACTIVITIES\".\"ACTIVITY_EN\")",
          "textColor": "",
          "textColorMapping": "",
          "valueFormat": ",f"
        }
      ],
      "axis2Config": {
        "autoTickCount": true,
        "axisLabelStyle": {
          "backgroundColor": "",
          "borderColor": "",
          "fontColor": ""
        },
        "axisLineStyle": {},
        "axisTitleStyle": {
          "backgroundColor": "",
          "borderColor": "",
          "currentFontSize": {
            "name": "small 13px",
            "value": 13
          },
          "fontColor": "",
          "fontSize": 13
        },
        "boundsMode": "AUTO",
        "gridlineStyle": {},
        "showAxis": true,
        "showAxisLabels": true,
        "showTickLines": true
      },
      "backgroundColor": "#ffffff",
      "border": false,
      "chartType": "table",
      "clickToFilter": true,
      "componentFilter": "FILTER \"_CEL_PP_ACTIVITIES\".\"USER_TYPE\" <> 'A';",
      "contextMenuMethods": {
        "componentFilter": true,
        "copy": true,
        "deletable": true,
        "export": true,
        "fullscreen": true,
        "layers": true,
        "settings": true
      },
      "dataLabelsPositions": [
        "top",
        "middle",
        "bottom",
        "custom"
      ],
      "diagramBackground": false,
      "diagramBackgroundStyle": {
        "fillColor": "",
        "opacity": 1
      },
      "diagramBorder": true,
      "diagramBorderStyle": {
        "lineColor": "#e9e9e9",
        "lineOpacity": 1,
        "lineWidth": 1
      },
      "feedbackMode": false,
      "filteringSelf": true,
      "hasBackground": true,
      "hasHoverbuttons": false,
      "height": 19,
      "hoverButtonFixed": false,
      "hoverButtonPosition": "RIGHT",
      "id": "3eb4f70c-35e6-4aba-b4c8-2a063f5a992d",
      "legendFontStyle": {
        "backgroundColor": "",
        "borderColor": "",
        "currentFontSize": {
          "name": "x-small 11px",
          "value": 11
        },
        "fontColor": "",
        "fontSize": 11
      },
      "legendOverlay": false,
      "legendPosition": "bc",
      "legendShow": true,
      "limitMode": "NO_LIMIT",
      "limitNumber": 100,
      "maximized": false,
      "selection": [],
      "showHeader": true,
      "showOthers": false,
      "showTitle": true,
      "technicalNames": false,
      "textStyle": {
        "currentFontSize": {
          "name": "medium 14px",
          "value": 14
        },
        "fontSize": 14
      },
      "title": "Non-A Users",
      "titleStyle": {
        "currentFontSize": {
          "name": "x-large 17px",
          "value": 17
        },
        "fontSize": 17
      },
      "toolBorder": false,
      "tooltips": true,
      "type": "pql-table",
      "vertical": false,
      "width": 26,
      "x": 2,
      "y": 30,
      "zIndex": 3
    },
    {
      "allowDataLink": false,
      "axis0": [
        {
          "flex": 1,
          "name": "#{_CEL_PP_ACTIVITIES.ACTIVITY_EN}",
          "notIncluded": false,
          "sorting": null,
          "sortingIndex": null,
          "text": "\"_CEL_PP_ACTIVITIES\".\"ACTIVITY_EN\"",
          "translatedName": "ACTIVITY_EN",
          "type": "dimension",
          "valueFormat": "",
          "width": 392
        }
      ],
      "axis0Config": {
        "autoTickCount": true,
        "axisLabelStyle": {
          "backgroundColor": "",
          "borderColor": "",
          "currentFontSize": {
            "name": "x-small 11px",
            "value": 11
          },
          "fontColor": "",
          "fontSize": 11
        },
        "axisLineStyle": {
          "lineOpacity": 1
        },
        "axisTitleStyle": {
          "backgroundColor": "",
          "borderColor": "",
          "currentFontSize": {
            "name": "small 13px",
            "value": 13
          },
          "fontColor": "",
          "fontSize": 13
        },
        "gapWidth": 0.45,
        "gridlineStyle": {
          "lineOpacity": 1
        },
        "showAxis": true,
        "showAxisLabels": true,
        "showTickLines": true
      },
      "axis1": [],
      "axis1Config": {
        "autoTickCount": true,
        "axisLabelStyle": {
          "backgroundColor": "",
          "borderColor": "",
          "currentFontSize": {
            "name": "x-small 11px",
            "value": 11
          },
          "fontColor": "",
          "fontSize": 11
        },
        "axisLineStyle": {
          "lineOpacity": 1
        },
        "axisTitleStyle": {
          "backgroundColor": "",
          "borderColor": "",
          "currentFontSize": {
            "name": "small 13px",
            "value": 13
          },
          "fontColor": "",
          "fontSize": 13
        },
        "boundsMode": "AUTO",
        "gridlineStyle": {
          "lineColor": "#e4e4e4",
          "lineOpacity": 1,
          "lineWidth": 1
        },
        "showAxis": true,
        "showAxisLabels": true,
        "showGridlines": true,
        "showTickLines": true
      },
      "axis2": [
        {
          "dataLabelStyle": {},
          "dataLabelsPosition": "custom",
          "fillStyle": {
            "opacity": 1
          },
          "flex": 0.6531,
          "ignoreSeriesPalettes": true,
          "name": "# Cases with Activity",
          "notIncluded": false,
          "seriesColor": "",
          "seriesColorMapping": "",
          "seriesPalette": "",
          "showDataLabels": false,
          "sorting": null,
          "sortingIndex": null,
          "text": "COUNT_TABLE(\"AFPO\")",
          "textColor": "",
          "textColorMapping": "",
          "translatedName": "# Cases with Activity",
          "units": "",
          "valueFormat": ",f",
          "width": 256
        },
        {
          "dataLabelStyle": {},
          "dataLabelsPosition": "custom",
          "fillStyle": {
            "opacity": 1
          },
          "flex": 0.4133,
          "ignoreSeriesPalettes": true,
          "name": "A-User (Manual)",
          "notIncluded": false,
          "seriesColor": "",
          "seriesColorMapping": "",
          "seriesPalette": "",
          "showDataLabels": false,
          "sorting": null,
          "sortingIndex": null,
          "text": "SUM(\n\nCASE WHEN \"_CEL_PP_ACTIVITIES\".\"USER_TYPE\"  = 'A'\nTHEN 1.0\nELSE 0.0\nEND\n\n)/ COUNT_TABLE(\"_CEL_PP_ACTIVITIES\")",
          "textColor": "",
          "textColorMapping": "",
          "translatedName": "Manual User",
          "units": "",
          "valueFormat": "%",
          "width": 162
        },
        {
          "dataLabelStyle": {},
          "dataLabelsPosition": "custom",
          "fillStyle": {
            "opacity": 1
          },
          "flex": 0.4031,
          "ignoreSeriesPalettes": true,
          "name": "B-User (System)",
          "notIncluded": false,
          "seriesColor": "",
          "seriesColorMapping": "",
          "seriesPalette": "",
          "showDataLabels": false,
          "sorting": "DESC",
          "sortingIndex": 0,
          "text": "SUM(\n\nCASE WHEN \"_CEL_PP_ACTIVITIES\".\"USER_TYPE\"  = 'B'\nTHEN 1.0\nELSE 0.0\nEND\n\n)/ COUNT_TABLE(\"_CEL_PP_ACTIVITIES\")",
          "textColor": "",
          "textColorMapping": "",
          "translatedName": "B-User Typ",
          "units": "",
          "valueFormat": "%",
          "width": 158
        },
        {
          "dataLabelStyle": {},
          "dataLabelsPosition": "custom",
          "fillStyle": {
            "opacity": 1
          },
          "flex": 0.5306,
          "ignoreSeriesPalettes": true,
          "name": "C-User (Communication)",
          "notIncluded": false,
          "seriesColor": "",
          "seriesColorMapping": "",
          "seriesPalette": "",
          "showDataLabels": false,
          "sorting": null,
          "sortingIndex": null,
          "text": "SUM(\n\nCASE WHEN \"_CEL_PP_ACTIVITIES\".\"USER_TYPE\"  = 'C'\nTHEN 1.0\nELSE 0.0\nEND\n\n)/ COUNT_TABLE(\"_CEL_PP_ACTIVITIES\")",
          "textColor": "",
          "textColorMapping": "",
          "translatedName": "C-User Typ ( Communication)",
          "units": "",
          "valueFormat": "%",
          "width": 208
        },
        {
          "dataLabelStyle": {},
          "dataLabelsPosition": "custom",
          "fillStyle": {
            "opacity": 1
          },
          "flex": 0.4337,
          "ignoreSeriesPalettes": true,
          "name": "L-User (Reference)",
          "notIncluded": false,
          "seriesColor": "",
          "seriesColorMapping": "",
          "seriesPalette": "",
          "showDataLabels": false,
          "sorting": null,
          "sortingIndex": null,
          "text": "SUM(\n\nCASE WHEN \"_CEL_PP_ACTIVITIES\".\"USER_TYPE\"  = 'L'\nTHEN 1.0\nELSE 0.0\nEND\n\n)/ COUNT_TABLE(\"_CEL_PP_ACTIVITIES\")",
          "textColor": "",
          "textColorMapping": "",
          "translatedName": "L-User Typ",
          "units": "",
          "valueFormat": "%",
          "width": 170
        },
        {
          "dataLabelStyle": {},
          "dataLabelsPosition": "custom",
          "fillStyle": {
            "opacity": 1
          },
          "flex": 0.3929,
          "ignoreSeriesPalettes": true,
          "name": "S-User (Service)",
          "notIncluded": false,
          "seriesColor": "",
          "seriesColorMapping": "",
          "seriesPalette": "",
          "showDataLabels": false,
          "sorting": null,
          "sortingIndex": null,
          "text": "SUM(\n\nCASE WHEN \"_CEL_PP_ACTIVITIES\".\"USER_TYPE\"  = 'S'\nTHEN 1.0\nELSE 0.0\nEND\n\n)/ COUNT_TABLE(\"_CEL_PP_ACTIVITIES\")",
          "textColor": "",
          "textColorMapping": "",
          "translatedName": "S-User Typ (Service)",
          "units": "",
          "valueFormat": "%",
          "width": 154
        },
        {
          "dataLabelStyle": {},
          "dataLabelsPosition": "custom",
          "fillStyle": {
            "opacity": 1
          },
          "ignoreSeriesPalettes": true,
          "name": "R-User (mass)",
          "notIncluded": false,
          "seriesColor": "",
          "seriesColorMapping": "",
          "seriesPalette": "",
          "showDataLabels": false,
          "sorting": null,
          "sortingIndex": null,
          "text": "SUM(\n\nCASE WHEN \"_CEL_PP_ACTIVITIES\".\"USER_TYPE\"  = 'R'\nTHEN 1.0\nELSE 0.0\nEND\n\n)/ COUNT_TABLE(\"_CEL_PP_ACTIVITIES\")",
          "textColor": "",
          "textColorMapping": "",
          "translatedName": "New Expression",
          "valueFormat": "%"
        },
        {
          "dataLabelStyle": {},
          "dataLabelsPosition": "custom",
          "fillStyle": {
            "opacity": 1
          },
          "flex": 0.9974,
          "ignoreSeriesPalettes": true,
          "name": "No User Type",
          "notIncluded": false,
          "ratioFormula": {},
          "secondaryAxis": false,
          "seriesColor": "#666666",
          "seriesColorMapping": "20e4ba2d-3d76-487c-897b-ffd873404d5c",
          "seriesPalette": "",
          "showDataLabels": false,
          "sorting": null,
          "sortingIndex": null,
          "text": "SUM(\n\nCASE WHEN  ISNULL(\"_CEL_PP_ACTIVITIES\".\"USER_TYPE\")=1 \nTHEN 1.0\nELSE 0.0\nEND\n\n)/ COUNT_TABLE(\"_CEL_PP_ACTIVITIES\")",
          "textColor": "#ffffff",
          "textColorMapping": "",
          "translatedName": "No User Type",
          "units": "",
          "valueFormat": "%",
          "width": 391
        }
      ],
      "axis2Config": {
        "autoTickCount": true,
        "axisLabelStyle": {
          "backgroundColor": "",
          "borderColor": "",
          "fontColor": ""
        },
        "axisLineStyle": {},
        "axisTitleStyle": {
          "backgroundColor": "",
          "borderColor": "",
          "currentFontSize": {
            "name": "small 13px",
            "value": 13
          },
          "fontColor": "",
          "fontSize": 13
        },
        "boundsMode": "AUTO",
        "gridlineStyle": {},
        "showAxis": true,
        "showAxisLabels": true,
        "showTickLines": true
      },
      "backgroundColor": "#ffffff",
      "border": false,
      "chartType": "table",
      "clickToFilter": true,
      "componentFilter": "",
      "contextMenuMethods": {
        "componentFilter": true,
        "copy": true,
        "deletable": true,
        "export": true,
        "fullscreen": true,
        "layers": true,
        "settings": true
      },
      "dataLabelsPositions": [
        "top",
        "middle",
        "bottom",
        "custom"
      ],
      "diagramBackground": false,
      "diagramBackgroundStyle": {
        "fillColor": "",
        "opacity": 1
      },
      "diagramBorder": true,
      "diagramBorderStyle": {
        "lineColor": "#e9e9e9",
        "lineOpacity": 1,
        "lineWidth": 1
      },
      "feedbackMode": false,
      "filteringSelf": true,
      "hasBackground": true,
      "hasHoverbuttons": false,
      "height": 23,
      "hoverButtonFixed": false,
      "hoverButtonPosition": "RIGHT",
      "id": "9b580eb0-f5dd-4c5e-b7b1-c2f44d48aca7",
      "legendFontStyle": {
        "backgroundColor": "",
        "borderColor": "",
        "currentFontSize": {
          "name": "x-small 11px",
          "value": 11
        },
        "fontColor": "",
        "fontSize": 11
      },
      "legendOverlay": false,
      "legendPosition": "bc",
      "legendShow": true,
      "limitMode": "NO_LIMIT",
      "limitNumber": 100,
      "maximized": false,
      "selection": [],
      "showHeader": true,
      "showOthers": false,
      "showTitle": true,
      "technicalNames": false,
      "textStyle": {
        "currentFontSize": {
          "name": "medium 14px",
          "value": 14
        },
        "fontSize": 14
      },
      "title": "",
      "titleStyle": {
        "currentFontSize": {
          "name": "x-large 17px",
          "value": 17
        },
        "fontSize": 17
      },
      "toolBorder": false,
      "tooltips": true,
      "type": "pql-table",
      "vertical": false,
      "width": 96,
      "x": 2,
      "y": 6,
      "zIndex": 3
    },
    {
      "allowDataLink": false,
      "backgroundColor": "#ffffff",
      "border": false,
      "clickToFilter": true,
      "componentFilter": "",
      "contextMenuMethods": {
        "componentFilter": true,
        "copy": true,
        "deletable": true,
        "export": true,
        "fullscreen": true,
        "layers": true,
        "settings": true
      },
      "diagramBackground": false,
      "diagramBackgroundStyle": {
        "fillColor": "",
        "opacity": 1
      },
      "diagramBorder": false,
      "diagramBorderStyle": {
        "lineColor": "#e9e9e9",
        "lineOpacity": 1,
        "lineWidth": 1
      },
      "feedbackMode": false,
      "filteringSelf": true,
      "formulas": [],
      "hasBackground": true,
      "hasHoverbuttons": false,
      "height": 4,
      "id": "83514780-25f1-4ff5-b689-9f073331e629",
      "maximized": false,
      "selection": [],
      "showHeader": true,
      "text": "[center][b][size=21]User analysis\n[/size][/b][/center]",
      "title": "",
      "titleStyle": {
        "currentFontSize": {
          "name": "x-large 17px",
          "value": 17
        },
        "fontSize": 17
      },
      "toolBorder": false,
      "type": "text",
      "vertical": false,
      "width": 96,
      "x": 2,
      "y": 1,
      "zIndex": null
    },
    {
      "allowDataLink": false,
      "axis0": [
        {
          "name": "#{_CEL_PP_ACTIVITIES.USER_NAME}",
          "notIncluded": false,
          "sorting": null,
          "sortingIndex": null,
          "text": "\"_CEL_PP_ACTIVITIES\".\"USER_NAME\"",
          "translatedName": "User Name",
          "type": "dimension",
          "units": "",
          "valueFormat": ""
        },
        {
          "name": "# User types",
          "notIncluded": false,
          "sorting": "DESC",
          "sortingIndex": 0,
          "text": "count(distinct \"_CEL_PP_ACTIVITIES\".\"USER_TYPE\")",
          "translatedName": "New Expression",
          "type": "dimension",
          "valueFormat": ""
        }
      ],
      "axis0Config": {
        "autoTickCount": true,
        "axisLabelStyle": {
          "backgroundColor": "",
          "borderColor": "",
          "currentFontSize": {
            "name": "x-small 11px",
            "value": 11
          },
          "fontColor": "",
          "fontSize": 11
        },
        "axisLineStyle": {
          "lineOpacity": 1
        },
        "axisTitleStyle": {
          "backgroundColor": "",
          "borderColor": "",
          "currentFontSize": {
            "name": "small 13px",
            "value": 13
          },
          "fontColor": "",
          "fontSize": 13
        },
        "gapWidth": 0.45,
        "gridlineStyle": {
          "lineOpacity": 1
        },
        "showAxis": true,
        "showAxisLabels": true,
        "showTickLines": true
      },
      "axis1": [],
      "axis1Config": {
        "autoTickCount": true,
        "axisLabelStyle": {
          "backgroundColor": "",
          "borderColor": "",
          "currentFontSize": {
            "name": "x-small 11px",
            "value": 11
          },
          "fontColor": "",
          "fontSize": 11
        },
        "axisLineStyle": {
          "lineOpacity": 1
        },
        "axisTitleStyle": {
          "backgroundColor": "",
          "borderColor": "",
          "currentFontSize": {
            "name": "small 13px",
            "value": 13
          },
          "fontColor": "",
          "fontSize": 13
        },
        "boundsMode": "AUTO",
        "gridlineStyle": {
          "lineColor": "#e4e4e4",
          "lineOpacity": 1,
          "lineWidth": 1
        },
        "showAxis": true,
        "showAxisLabels": true,
        "showGridlines": true,
        "showTickLines": true
      },
      "axis2": [
        {
          "dataLabelStyle": {},
          "dataLabelsPosition": "custom",
          "fillStyle": {
            "opacity": 1
          },
          "ignoreSeriesPalettes": true,
          "name": "Activities count",
          "notIncluded": false,
          "seriesColor": "",
          "seriesColorMapping": "",
          "seriesPalette": "",
          "showDataLabels": false,
          "sorting": "DESC",
          "sortingIndex": 1,
          "styles": {
            "left": "0px",
            "position": "absolute",
            "right": "4px",
            "top": "40px"
          },
          "text": "COUNT(\"_CEL_PP_ACTIVITIES\".\"ACTIVITY_EN\")",
          "textColor": "",
          "textColorMapping": "",
          "valueFormat": ",f"
        }
      ],
      "axis2Config": {
        "autoTickCount": true,
        "axisLabelStyle": {
          "backgroundColor": "",
          "borderColor": "",
          "fontColor": ""
        },
        "axisLineStyle": {},
        "axisTitleStyle": {
          "backgroundColor": "",
          "borderColor": "",
          "currentFontSize": {
            "name": "small 13px",
            "value": 13
          },
          "fontColor": "",
          "fontSize": 13
        },
        "boundsMode": "AUTO",
        "gridlineStyle": {},
        "showAxis": true,
        "showAxisLabels": true,
        "showTickLines": true
      },
      "backgroundColor": "#ffffff",
      "border": false,
      "chartType": "table",
      "clickToFilter": true,
      "componentFilter": "",
      "contextMenuMethods": {
        "componentFilter": true,
        "copy": true,
        "deletable": true,
        "export": true,
        "fullscreen": true,
        "layers": true,
        "settings": true
      },
      "dataLabelsPositions": [
        "top",
        "middle",
        "bottom",
        "custom"
      ],
      "diagramBackground": false,
      "diagramBackgroundStyle": {
        "fillColor": "",
        "opacity": 1
      },
      "diagramBorder": true,
      "diagramBorderStyle": {
        "lineColor": "#e9e9e9",
        "lineOpacity": 1,
        "lineWidth": 1
      },
      "feedbackMode": false,
      "filteringSelf": true,
      "hasBackground": true,
      "hasHoverbuttons": false,
      "height": 19,
      "hoverButtonFixed": false,
      "hoverButtonPosition": "RIGHT",
      "id": "8d982467-1782-407f-a7a2-8e7b11b6e226",
      "legendFontStyle": {
        "backgroundColor": "",
        "borderColor": "",
        "currentFontSize": {
          "name": "x-small 11px",
          "value": 11
        },
        "fontColor": "",
        "fontSize": 11
      },
      "legendOverlay": false,
      "legendPosition": "bc",
      "legendShow": true,
      "limitMode": "NO_LIMIT",
      "limitNumber": 100,
      "maximized": false,
      "multisort": true,
      "selection": [],
      "showHeader": true,
      "showOthers": false,
      "showTitle": true,
      "technicalNames": false,
      "textStyle": {
        "currentFontSize": {
          "name": "medium 14px",
          "value": 14
        },
        "fontSize": 14
      },
      "title": "# User Types per Name",
      "titleStyle": {
        "currentFontSize": {
          "name": "x-large 17px",
          "value": 17
        },
        "fontSize": 17
      },
      "toolBorder": false,
      "tooltips": true,
      "type": "pql-table",
      "vertical": false,
      "width": 24,
      "x": 55,
      "y": 30,
      "zIndex": 4
    },
    {
      "allowDataLink": false,
      "axis0": [
        {
          "meta": {
            "columnName": "#{_CEL_PP_ACTIVITIES.USER_TYPE}",
            "columnType": "string",
            "expressionLhs": "\"_CEL_PP_ACTIVITIES\".\"USER_TYPE\" AS \"#{_CEL_PP_ACTIVITIES.USER_TYPE}\"",
            "format": ""
          },
          "name": "#{_CEL_PP_ACTIVITIES.USER_TYPE}",
          "notIncluded": false,
          "sorting": null,
          "sortingIndex": null,
          "text": "\"_CEL_PP_ACTIVITIES\".\"USER_TYPE\"",
          "type": "dimension",
          "valueFormat": ""
        }
      ],
      "axis0Config": {
        "autoTickCount": true,
        "axisLabelStyle": {
          "backgroundColor": "",
          "borderColor": "",
          "currentFontSize": {
            "name": "x-small 11px",
            "value": 11
          },
          "fontColor": "",
          "fontSize": 11
        },
        "axisLineStyle": {
          "lineOpacity": 1
        },
        "axisTitleStyle": {
          "backgroundColor": "",
          "borderColor": "",
          "currentFontSize": {
            "name": "small 13px",
            "value": 13
          },
          "fontColor": "",
          "fontSize": 13
        },
        "gapWidth": 0.45,
        "gridlineStyle": {
          "lineOpacity": 1
        },
        "showAxis": true,
        "showAxisLabels": true,
        "showTickLines": true
      },
      "axis1": [],
      "axis1Config": {
        "autoTickCount": true,
        "axisLabelStyle": {
          "backgroundColor": "",
          "borderColor": "",
          "currentFontSize": {
            "name": "x-small 11px",
            "value": 11
          },
          "fontColor": "",
          "fontSize": 11
        },
        "axisLineStyle": {
          "lineOpacity": 1
        },
        "axisTitleStyle": {
          "backgroundColor": "",
          "borderColor": "",
          "currentFontSize": {
            "name": "small 13px",
            "value": 13
          },
          "fontColor": "",
          "fontSize": 13
        },
        "boundsMode": "AUTO",
        "gridlineStyle": {
          "lineColor": "#e4e4e4",
          "lineOpacity": 1,
          "lineWidth": 1
        },
        "showAxis": true,
        "showAxisLabels": true,
        "showGridlines": true,
        "showTickLines": true
      },
      "axis2": [
        {
          "dataLabelStyle": {},
          "dataLabelsPosition": "custom",
          "fillStyle": {
            "opacity": 1
          },
          "ignoreSeriesPalettes": false,
          "meta": {
            "columnName": "Activities count",
            "columnType": "int",
            "expressionLhs": null,
            "format": ",f"
          },
          "name": "Activities count",
          "notIncluded": false,
          "seriesColor": "",
          "seriesColorMapping": "",
          "seriesPalette": "",
          "showDataLabels": false,
          "sorting": null,
          "sortingIndex": null,
          "styles": {
            "left": "0px",
            "position": "absolute",
            "right": "4px",
            "top": "40px"
          },
          "text": "COUNT(\"_CEL_PP_ACTIVITIES\".\"ACTIVITY_EN\")",
          "textColor": "",
          "textColorMapping": "",
          "valueFormat": ",f"
        }
      ],
      "axis2Config": {
        "autoTickCount": true,
        "axisLabelStyle": {
          "backgroundColor": "",
          "borderColor": "",
          "fontColor": ""
        },
        "axisLineStyle": {},
        "axisTitleStyle": {
          "backgroundColor": "",
          "borderColor": "",
          "currentFontSize": {
            "name": "small 13px",
            "value": 13
          },
          "fontColor": "",
          "fontSize": 13
        },
        "boundsMode": "AUTO",
        "gridlineStyle": {},
        "showAxis": true,
        "showAxisLabels": true,
        "showTickLines": true
      },
      "backgroundColor": "#ffffff",
      "border": false,
      "chartType": "donut",
      "clickToFilter": true,
      "componentFilter": "",
      "contextMenuMethods": {
        "componentFilter": true,
        "copy": true,
        "deletable": true,
        "export": true,
        "fullscreen": true,
        "layers": true,
        "settings": true
      },
      "dataLabelsPositions": [
        "top",
        "middle",
        "bottom",
        "custom"
      ],
      "diagramBackground": false,
      "diagramBackgroundStyle": {
        "fillColor": "",
        "opacity": 1
      },
      "diagramBorder": true,
      "diagramBorderStyle": {
        "lineColor": "#e9e9e9",
        "lineOpacity": 1,
        "lineWidth": 1
      },
      "feedbackMode": false,
      "filteringSelf": true,
      "hasBackground": true,
      "hasHoverbuttons": false,
      "height": 19,
      "hoverButtonFixed": false,
      "hoverButtonPosition": "LEFT",
      "id": "e1a0c874-8efe-4ca7-b3e5-1aff7da000e7",
      "legendFontStyle": {
        "backgroundColor": "",
        "borderColor": "",
        "currentFontSize": {
          "name": "x-small 11px",
          "value": 11
        },
        "fontColor": "",
        "fontSize": 11
      },
      "legendOverlay": false,
      "legendPosition": "bc",
      "legendShow": true,
      "limitMode": "TOP_K",
      "limitNumber": 4,
      "maximized": false,
      "selection": [],
      "showHeader": true,
      "showOthers": false,
      "showTitle": true,
      "textStyle": {
        "currentFontSize": {
          "name": "medium 14px",
          "value": 14
        },
        "fontSize": 14
      },
      "title": "User Types",
      "titleStyle": {
        "currentFontSize": {
          "name": "x-large 17px",
          "value": 17
        },
        "fontSize": 17
      },
      "toolBorder": false,
      "tooltips": true,
      "type": "pql-table",
      "vertical": false,
      "width": 18,
      "x": 80,
      "y": 30,
      "zIndex": 4
    }
  ],
  "contentType": "blank-sheet",
  "format": "FULLSCREEN",
  "id": "96baadc2-a178-4a58-975c-eb6fe6aab562",
  "name": "Validation - User",
  "position": {
    "height": 804,
    "left": 0,
    "top": 0,
    "width": 1200
  },
  "sheetFilter": {
    "text": ""
  }
}