{
  "components": [
    {
      "allowDataLink": false,
      "backgroundColor": "#ffffff",
      "border": false,
      "clickToFilter": true,
      "componentFilter": "",
      "contextMenuMethods": {
        "componentFilter": true,
        "copy": true,
        "deletable": true,
        "export": true,
        "fullscreen": true,
        "layers": true,
        "settings": true
      },
      "diagramBackground": false,
      "diagramBackgroundStyle": {
        "fillColor": "",
        "opacity": 1
      },
      "diagramBorder": true,
      "diagramBorderStyle": {
        "lineColor": "#e9e9e9",
        "lineOpacity": 1,
        "lineWidth": 1
      },
      "feedbackMode": false,
      "filteringSelf": true,
      "hasBackground": true,
      "hasHoverbuttons": false,
      "height": 5,
      "id": "6c14fba3-95bf-4d5e-b366-9ea4985da2db",
      "maximized": false,
      "selection": [],
      "showHeader": true,
      "title": "",
      "titleStyle": {
        "currentFontSize": {
          "name": "x-large 17px",
          "value": 17
        },
        "fontSize": 17
      },
      "toolBorder": false,
      "type": "logo-component",
      "vertical": false,
      "width": 13,
      "x": 1,
      "y": 1,
      "zIndex": 26
    },
    {
      "allowDataLink": false,
      "backgroundColor": "#ffffff",
      "border": false,
      "clickToFilter": true,
      "componentFilter": "",
      "contextMenuMethods": {
        "componentFilter": true,
        "copy": true,
        "deletable": true,
        "export": true,
        "fullscreen": true,
        "layers": true,
        "settings": true
      },
      "diagramBackground": true,
      "diagramBackgroundStyle": {
        "fillColor": "#<%= Company_Color1 %>",
        "opacity": 1
      },
      "diagramBorder": false,
      "diagramBorderStyle": {
        "lineColor": "#e9e9e9",
        "lineOpacity": 1,
        "lineWidth": 1
      },
      "feedbackMode": false,
      "filteringSelf": true,
      "formulas": [],
      "hasBackground": true,
      "hasHoverbuttons": false,
      "height": 50,
      "id": "bf51c995-e009-4159-b316-f7c18db5bea1",
      "maximized": false,
      "selection": [],
      "showHeader": true,
      "text": "",
      "title": "",
      "titleStyle": {
        "currentFontSize": {
          "name": "x-large 17px",
          "value": 17
        },
        "fontSize": 17
      },
      "toolBorder": false,
      "type": "text",
      "vertical": false,
      "width": 15,
      "x": 0,
      "y": 0,
      "zIndex": 2
    },
    {
      "allowDataLink": false,
      "backgroundColor": "#ffffff",
      "border": false,
      "clickToFilter": true,
      "componentFilter": "",
      "contextMenuMethods": {
        "componentFilter": true,
        "copy": true,
        "deletable": true,
        "export": true,
        "fullscreen": true,
        "layers": true,
        "settings": true
      },
      "diagramBackground": false,
      "diagramBackgroundStyle": {
        "fillColor": "",
        "opacity": 1
      },
      "diagramBorder": true,
      "diagramBorderStyle": {
        "lineColor": "#e9e9e9",
        "lineOpacity": 1,
        "lineWidth": 1
      },
      "dropdownSettings": {
        "formula": {
          "text": "<%= Filter_Option1 %>"
        },
        "isMultiSelect": true
      },
      "dropdownText": "#{<%=Filter_Option1_Text%>}",
      "feedbackMode": false,
      "filteringSelf": true,
      "hasBackground": true,
      "hasHoverbuttons": false,
      "height": 2,
      "id": "900dedd3-fe7b-4b91-9a61-d9c87b84ef0c",
      "maximized": false,
      "selection": [],
      "showHeader": true,
      "title": "",
      "titleStyle": {
        "currentFontSize": {
          "name": "x-large 17px",
          "value": 17
        },
        "fontSize": 17
      },
      "toolBorder": false,
      "type": "dropdown",
      "vertical": false,
      "width": 13,
      "x": 1,
      "y": 21,
      "zIndex": 18
    },
    {
      "allowDataLink": false,
      "backgroundColor": "#ffffff",
      "border": false,
      "clickToFilter": true,
      "componentFilter": "",
      "contextMenuMethods": {
        "componentFilter": true,
        "copy": true,
        "deletable": true,
        "export": true,
        "fullscreen": true,
        "layers": true,
        "settings": true
      },
      "diagramBackground": false,
      "diagramBackgroundStyle": {
        "fillColor": "",
        "opacity": 1
      },
      "diagramBorder": true,
      "diagramBorderStyle": {
        "lineColor": "#e9e9e9",
        "lineOpacity": 1,
        "lineWidth": 1
      },
      "dropdownSettings": {
        "formula": {
          "text": "<%=Filter_Option2%>"
        },
        "isMultiSelect": true
      },
      "dropdownText": "<%=Filter_Option2_Text%>",
      "feedbackMode": false,
      "filteringSelf": true,
      "hasBackground": true,
      "hasHoverbuttons": false,
      "height": 2,
      "id": "1fa72aa7-d81c-4e00-8cba-580c3e804c41",
      "maximized": false,
      "selection": [],
      "showHeader": true,
      "title": "",
      "titleStyle": {
        "currentFontSize": {
          "name": "x-large 17px",
          "value": 17
        },
        "fontSize": 17
      },
      "toolBorder": false,
      "type": "dropdown",
      "vertical": false,
      "width": 13,
      "x": 1,
      "y": 38,
      "zIndex": 18
    },
    {
      "allowDataLink": false,
      "backgroundColor": "#ffffff",
      "border": false,
      "clickToFilter": true,
      "componentFilter": "",
      "contextMenuMethods": {
        "componentFilter": true,
        "copy": true,
        "deletable": true,
        "export": true,
        "fullscreen": true,
        "layers": true,
        "settings": true
      },
      "diagramBackground": false,
      "diagramBackgroundStyle": {
        "fillColor": "",
        "opacity": 1
      },
      "diagramBorder": true,
      "diagramBorderStyle": {
        "lineColor": "#e9e9e9",
        "lineOpacity": 1,
        "lineWidth": 1
      },
      "dropdownSettings": {
        "formula": {
          "text": "<%=Filter_Option3%>"
        },
        "isMultiSelect": true
      },
      "dropdownText": "<%=Filter_Option3_Text%>",
      "feedbackMode": false,
      "filteringSelf": true,
      "hasBackground": true,
      "hasHoverbuttons": false,
      "height": 2,
      "id": "41e9f1d1-4948-4452-98c4-07f79b00a8ab",
      "maximized": false,
      "selection": [],
      "showHeader": true,
      "title": "",
      "titleStyle": {
        "currentFontSize": {
          "name": "x-large 17px",
          "value": 17
        },
        "fontSize": 17
      },
      "toolBorder": false,
      "type": "dropdown",
      "vertical": false,
      "width": 13,
      "x": 1,
      "y": 42,
      "zIndex": 18
    },
    {
      "allowDataLink": false,
      "backgroundColor": "#ffffff",
      "border": false,
      "clickToFilter": true,
      "componentFilter": "",
      "contextMenuMethods": {
        "componentFilter": true,
        "copy": true,
        "deletable": true,
        "export": true,
        "fullscreen": true,
        "layers": true,
        "settings": true
      },
      "diagramBackground": false,
      "diagramBackgroundStyle": {
        "fillColor": "",
        "opacity": 1
      },
      "diagramBorder": false,
      "diagramBorderStyle": {
        "lineColor": "#e9e9e9",
        "lineOpacity": 1,
        "lineWidth": 1
      },
      "feedbackMode": false,
      "filteringSelf": true,
      "formulas": [],
      "hasBackground": true,
      "hasHoverbuttons": false,
      "height": 2,
      "id": "a3b0713d-5be1-44c7-bd4d-1487fed92f12",
      "maximized": false,
      "selection": [],
      "showHeader": true,
      "text": "[b][color=#<%= Company_Color2 %>]Filter by:[/color][/b]",
      "title": "",
      "titleStyle": {
        "currentFontSize": {
          "name": "x-large 17px",
          "value": 17
        },
        "fontSize": 17
      },
      "toolBorder": false,
      "type": "text",
      "vertical": false,
      "width": 13,
      "x": 1,
      "y": 11,
      "zIndex": 8
    },
    {
      "allowDataLink": false,
      "backgroundColor": "#ffffff",
      "border": false,
      "clickToFilter": true,
      "componentFilter": "",
      "contextMenuMethods": {
        "componentFilter": true,
        "copy": true,
        "deletable": true,
        "export": true,
        "fullscreen": true,
        "layers": true,
        "settings": true
      },
      "diagramBackground": false,
      "diagramBackgroundStyle": {
        "fillColor": "",
        "opacity": 1
      },
      "diagramBorder": false,
      "diagramBorderStyle": {
        "lineColor": "#e9e9e9",
        "lineOpacity": 1,
        "lineWidth": 1
      },
      "feedbackMode": false,
      "filteringSelf": true,
      "formulas": [],
      "hasBackground": true,
      "hasHoverbuttons": false,
      "height": 3,
      "id": "67cc7a55-6f16-4e27-8638-3d5f27a8c9b0",
      "maximized": false,
      "selection": [],
      "showHeader": true,
      "text": "[center][b][size=19][color=#<%= Company_Color2 %>]Variant Explorer[/color][/size][/b][/center]",
      "title": "",
      "titleStyle": {
        "currentFontSize": {
          "name": "x-large 17px",
          "value": 17
        },
        "fontSize": 17
      },
      "toolBorder": false,
      "type": "text",
      "vertical": false,
      "width": 13,
      "x": 1,
      "y": 8,
      "zIndex": 24
    },
    {
      "allowDataLink": false,
      "backgroundColor": "#ffffff",
      "border": false,
      "clickToFilter": true,
      "componentFilter": "",
      "contextMenuMethods": {
        "componentFilter": true,
        "copy": true,
        "deletable": true,
        "export": true,
        "fullscreen": true,
        "layers": true,
        "settings": true
      },
      "diagramBackground": false,
      "diagramBackgroundStyle": {
        "fillColor": "",
        "opacity": 1
      },
      "diagramBorder": true,
      "diagramBorderStyle": {
        "lineColor": "#e9e9e9",
        "lineOpacity": 1,
        "lineWidth": 1
      },
      "dropdownSettings": {
        "formula": {
          "text": "<%=Filter_Option04%>"
        },
        "isMultiSelect": true
      },
      "dropdownText": "#{<%=Filter_Option04_Text%>}",
      "feedbackMode": false,
      "filteringSelf": true,
      "hasBackground": true,
      "hasHoverbuttons": false,
      "height": 2,
      "id": "71a04d60-5c48-4b94-aae9-ac5d5826c059",
      "maximized": false,
      "selection": [],
      "showHeader": true,
      "title": "",
      "titleStyle": {
        "currentFontSize": {
          "name": "x-large 17px",
          "value": 17
        },
        "fontSize": 17
      },
      "toolBorder": false,
      "type": "dropdown",
      "vertical": false,
      "width": 13,
      "x": 1,
      "y": 34,
      "zIndex": 24
    },
    {
      "allowDataLink": false,
      "backgroundColor": "#ffffff",
      "border": false,
      "clickToFilter": true,
      "componentFilter": "",
      "contextMenuMethods": {
        "componentFilter": true,
        "copy": true,
        "deletable": true,
        "export": true,
        "fullscreen": true,
        "layers": true,
        "settings": true
      },
      "diagramBackground": false,
      "diagramBackgroundStyle": {
        "fillColor": "",
        "opacity": 1
      },
      "diagramBorder": true,
      "diagramBorderStyle": {
        "lineColor": "#e9e9e9",
        "lineOpacity": 1,
        "lineWidth": 1
      },
      "dropdownSettings": {
        "formula": {
          "text": "<%=Filter_Option05%>"
        },
        "isMultiSelect": true
      },
      "dropdownText": "#{<%=Filter_Option05_Text%>}",
      "feedbackMode": false,
      "filteringSelf": true,
      "hasBackground": true,
      "hasHoverbuttons": false,
      "height": 2,
      "id": "81b4f1ac-f425-4854-97f5-43364732d896",
      "maximized": false,
      "selection": [],
      "showHeader": true,
      "title": "",
      "titleStyle": {
        "currentFontSize": {
          "name": "x-large 17px",
          "value": 17
        },
        "fontSize": 17
      },
      "toolBorder": false,
      "type": "dropdown",
      "vertical": false,
      "width": 13,
      "x": 1,
      "y": 36,
      "zIndex": 19
    },
    {
      "allowDataLink": false,
      "backgroundColor": "#ffffff",
      "border": false,
      "clickToFilter": true,
      "componentFilter": "",
      "contextMenuMethods": {
        "componentFilter": true,
        "copy": true,
        "deletable": true,
        "export": true,
        "fullscreen": true,
        "layers": true,
        "settings": true
      },
      "diagramBackground": false,
      "diagramBackgroundStyle": {
        "fillColor": "",
        "opacity": 1
      },
      "diagramBorder": true,
      "diagramBorderStyle": {
        "lineColor": "#e9e9e9",
        "lineOpacity": 1,
        "lineWidth": 1
      },
      "dropdownSettings": {
        "formula": {
          "text": "<%=Filter_Option06%>"
        },
        "isMultiSelect": true
      },
      "dropdownText": "#{<%=Filter_Option06_Text%>}",
      "feedbackMode": false,
      "filteringSelf": true,
      "hasBackground": true,
      "hasHoverbuttons": false,
      "height": 2,
      "id": "031601b7-941a-4948-841a-a7f8b7932ee0",
      "maximized": false,
      "selection": [],
      "showHeader": true,
      "title": "",
      "titleStyle": {
        "currentFontSize": {
          "name": "x-large 17px",
          "value": 17
        },
        "fontSize": 17
      },
      "toolBorder": false,
      "type": "dropdown",
      "vertical": false,
      "width": 13,
      "x": 1,
      "y": 23,
      "zIndex": 19
    },
    {
      "allowDataLink": false,
      "backgroundColor": "#ffffff",
      "border": false,
      "clickToFilter": true,
      "componentFilter": "",
      "contextMenuMethods": {
        "componentFilter": true,
        "copy": true,
        "deletable": true,
        "export": true,
        "fullscreen": true,
        "layers": true,
        "settings": true
      },
      "diagramBackground": false,
      "diagramBackgroundStyle": {
        "fillColor": "",
        "opacity": 1
      },
      "diagramBorder": true,
      "diagramBorderStyle": {
        "lineColor": "#e9e9e9",
        "lineOpacity": 1,
        "lineWidth": 1
      },
      "dropdownSettings": {
        "formula": {
          "text": "<%=Filter_Option07%>"
        },
        "isMultiSelect": true
      },
      "dropdownText": "#{<%=Filter_Option07_Text%>}",
      "feedbackMode": false,
      "filteringSelf": true,
      "hasBackground": true,
      "hasHoverbuttons": false,
      "height": 2,
      "id": "458eb41f-36f6-40a6-b581-795a19501862",
      "maximized": false,
      "selection": [],
      "showHeader": true,
      "title": "",
      "titleStyle": {
        "currentFontSize": {
          "name": "x-large 17px",
          "value": 17
        },
        "fontSize": 17
      },
      "toolBorder": false,
      "type": "dropdown",
      "vertical": false,
      "width": 13,
      "x": 1,
      "y": 27,
      "zIndex": 19
    },
    {
      "allowDataLink": false,
      "backgroundColor": "#ffffff",
      "border": false,
      "clickToFilter": true,
      "componentFilter": "",
      "contextMenuMethods": {
        "componentFilter": true,
        "copy": true,
        "deletable": true,
        "export": true,
        "fullscreen": true,
        "layers": true,
        "settings": true
      },
      "diagramBackground": false,
      "diagramBackgroundStyle": {
        "fillColor": "",
        "opacity": 1
      },
      "diagramBorder": true,
      "diagramBorderStyle": {
        "lineColor": "#e9e9e9",
        "lineOpacity": 1,
        "lineWidth": 1
      },
      "dropdownSettings": {
        "formula": {
          "text": "<%=Filter_Option08%>"
        },
        "isMultiSelect": true
      },
      "dropdownText": "#{<%=Filter_Option08_Text%>}",
      "feedbackMode": false,
      "filteringSelf": true,
      "hasBackground": true,
      "hasHoverbuttons": false,
      "height": 2,
      "id": "c2ace631-e4c2-40f3-b735-b998f7b917bd",
      "maximized": false,
      "selection": [],
      "showHeader": true,
      "title": "",
      "titleStyle": {
        "currentFontSize": {
          "name": "x-large 17px",
          "value": 17
        },
        "fontSize": 17
      },
      "toolBorder": false,
      "type": "dropdown",
      "vertical": false,
      "width": 13,
      "x": 1,
      "y": 29,
      "zIndex": 25
    },
    {
      "allowDataLink": false,
      "backgroundColor": "#ffffff",
      "border": false,
      "clickToFilter": true,
      "componentFilter": "",
      "contextMenuMethods": {
        "componentFilter": true,
        "copy": true,
        "deletable": true,
        "export": true,
        "fullscreen": true,
        "layers": true,
        "settings": true
      },
      "diagramBackground": false,
      "diagramBackgroundStyle": {
        "fillColor": "",
        "opacity": 1
      },
      "diagramBorder": true,
      "diagramBorderStyle": {
        "lineColor": "#e9e9e9",
        "lineOpacity": 1,
        "lineWidth": 1
      },
      "dropdownSettings": {
        "formula": {
          "text": "<%=Filter_Option10%>"
        },
        "isMultiSelect": true
      },
      "dropdownText": "#{<%=Filter_Option10_Text%>}",
      "feedbackMode": false,
      "filteringSelf": true,
      "hasBackground": true,
      "hasHoverbuttons": false,
      "height": 2,
      "id": "642483b0-cb1d-4a25-bea6-1a99916bfb5f",
      "maximized": false,
      "selection": [],
      "showHeader": true,
      "title": "",
      "titleStyle": {
        "currentFontSize": {
          "name": "x-large 17px",
          "value": 17
        },
        "fontSize": 17
      },
      "toolBorder": false,
      "type": "dropdown",
      "vertical": false,
      "width": 13,
      "x": 1,
      "y": 47,
      "zIndex": 26
    },
    {
      "allowDataLink": false,
      "backgroundColor": "#ffffff",
      "border": false,
      "clickToFilter": true,
      "componentFilter": "",
      "contextMenuMethods": {
        "componentFilter": true,
        "copy": true,
        "deletable": true,
        "export": true,
        "fullscreen": true,
        "layers": true,
        "settings": true
      },
      "diagramBackground": false,
      "diagramBackgroundStyle": {
        "fillColor": "",
        "opacity": 1
      },
      "diagramBorder": true,
      "diagramBorderStyle": {
        "lineColor": "#e9e9e9",
        "lineOpacity": 1,
        "lineWidth": 1
      },
      "dropdownSettings": {
        "formula": {
          "text": "<%=Filter_Option09%>"
        },
        "isMultiSelect": true
      },
      "dropdownText": "#{<%=Filter_Option09_Text%>}",
      "feedbackMode": false,
      "filteringSelf": true,
      "hasBackground": true,
      "hasHoverbuttons": false,
      "height": 2,
      "id": "4c532d7a-6fc7-42e2-ab4d-9dfbc03e0118",
      "maximized": false,
      "selection": [],
      "showHeader": true,
      "title": "",
      "titleStyle": {
        "currentFontSize": {
          "name": "x-large 17px",
          "value": 17
        },
        "fontSize": 17
      },
      "toolBorder": false,
      "type": "dropdown",
      "vertical": false,
      "width": 13,
      "x": 1,
      "y": 45,
      "zIndex": 20
    },
    {
      "allowDataLink": false,
      "backgroundColor": "#ffffff",
      "border": false,
      "clickToFilter": true,
      "componentFilter": "",
      "contextMenuMethods": {
        "componentFilter": true,
        "copy": true,
        "deletable": true,
        "export": true,
        "fullscreen": true,
        "layers": true,
        "settings": true
      },
      "diagramBackground": false,
      "diagramBackgroundStyle": {
        "fillColor": "",
        "opacity": 1
      },
      "diagramBorder": true,
      "diagramBorderStyle": {
        "lineColor": "#e9e9e9",
        "lineOpacity": 1,
        "lineWidth": 1
      },
      "dropdownSettings": {
        "formula": {
          "text": "<%=Filter_Option12%>"
        },
        "isMultiSelect": true
      },
      "dropdownText": "#{<%=Filter_Option12_Text%>}",
      "feedbackMode": false,
      "filteringSelf": true,
      "hasBackground": true,
      "hasHoverbuttons": false,
      "height": 2,
      "id": "0e751ba8-765b-4fb2-95f3-468b6d2285a2",
      "maximized": false,
      "selection": [],
      "showHeader": true,
      "title": "",
      "titleStyle": {
        "currentFontSize": {
          "name": "x-large 17px",
          "value": 17
        },
        "fontSize": 17
      },
      "toolBorder": false,
      "type": "dropdown",
      "vertical": false,
      "width": 13,
      "x": 1,
      "y": 40,
      "zIndex": 19
    },
    {
      "alignment": "vertical",
      "allowDataLink": false,
      "backgroundColor": "#ffffff",
      "border": false,
      "clickToFilter": true,
      "componentFilter": "",
      "contextMenuMethods": {
        "componentFilter": true,
        "copy": true,
        "deletable": true,
        "export": true,
        "fullscreen": true,
        "layers": true,
        "settings": true
      },
      "datepickerSettings": {
        "formula": {
          "name": "",
          "text": "PU_FIRST(\"AFPO\", \"_CEL_PP_ACTIVITIES\".\"EVENTTIME\", \"_CEL_PP_ACTIVITIES\".\"ACTIVITY_EN\" = 'Create Process Order')",
          "translatedName": ""
        }
      },
      "diagramBackground": false,
      "diagramBackgroundStyle": {
        "fillColor": "",
        "opacity": 1
      },
      "diagramBorder": true,
      "diagramBorderStyle": {
        "lineColor": "#e9e9e9",
        "lineOpacity": 1,
        "lineWidth": 1
      },
      "feedbackMode": false,
      "filteringSelf": true,
      "hasBackground": true,
      "hasHoverbuttons": false,
      "height": 5,
      "id": "d4fc6aef-2caf-4fee-bb2d-92638df6464d",
      "maximized": false,
      "selection": [],
      "showHeader": true,
      "title": "PO Creation Date",
      "titleStyle": {
        "backgroundColor": "",
        "bold": false,
        "borderColor": "",
        "currentFontSize": {
          "name": "large 15px",
          "value": 15
        },
        "fontColor": "#<%= Company_Color2 %>",
        "fontSize": 15
      },
      "toolBorder": false,
      "type": "date_picker",
      "vertical": false,
      "width": 13,
      "x": 1,
      "y": 13,
      "zIndex": 27
    },
    {
      "allowDataLink": false,
      "backgroundColor": "#ffffff",
      "border": false,
      "clickToFilter": true,
      "componentFilter": "",
      "contextMenuMethods": {
        "componentFilter": true,
        "copy": true,
        "deletable": true,
        "export": true,
        "fullscreen": true,
        "layers": true,
        "settings": true
      },
      "diagramBackground": false,
      "diagramBackgroundStyle": {
        "fillColor": "",
        "opacity": 1
      },
      "diagramBorder": true,
      "diagramBorderStyle": {
        "lineColor": "#e9e9e9",
        "lineOpacity": 1,
        "lineWidth": 1
      },
      "dropdownSettings": {
        "formula": {
          "text": "<%=Filter_Option13%>"
        },
        "isMultiSelect": true
      },
      "dropdownText": "#{<%=Filter_Option13_Text%>}",
      "feedbackMode": false,
      "filteringSelf": true,
      "hasBackground": true,
      "hasHoverbuttons": false,
      "height": 2,
      "id": "2fb58a9b-68f3-43cc-ad98-507aafd62e70",
      "maximized": false,
      "selection": [],
      "showHeader": true,
      "title": "",
      "titleStyle": {
        "currentFontSize": {
          "name": "x-large 17px",
          "value": 17
        },
        "fontSize": 17
      },
      "toolBorder": false,
      "type": "dropdown",
      "vertical": false,
      "width": 13,
      "x": 1,
      "y": 25,
      "zIndex": 20
    },
    {
      "activityColumnRef": "\"_CEL_PP_ACTIVITIES\".\"ACTIVITY_EN\"",
      "activityConfigurations": [
        {
          "color": "#14a9d5",
          "hidden": false,
          "name": "Change Scheduled Start Date"
        },
        {
          "color": "#14a9d5",
          "hidden": false,
          "name": "Change Total Qty"
        },
        {
          "color": "#14a9d5",
          "hidden": false,
          "name": "Create Process Order"
        },
        {
          "color": "#14a9d5",
          "hidden": false,
          "name": "Make Usage Decision"
        },
        {
          "color": "#14a9d5",
          "hidden": false,
          "name": "Status: Closed"
        },
        {
          "color": "#14a9d5",
          "hidden": false,
          "name": "Status: Closed (Inactive)"
        },
        {
          "color": "#14a9d5",
          "hidden": false,
          "name": "Status: Confirmed"
        },
        {
          "color": "#14a9d5",
          "hidden": false,
          "name": "Status: Confirmed (Inactive)"
        },
        {
          "color": "#14a9d5",
          "hidden": false,
          "name": "Status: Deletion Flag"
        },
        {
          "color": "#14a9d5",
          "hidden": false,
          "name": "Status: Deletion Flag (Inactive)"
        },
        {
          "color": "#14a9d5",
          "hidden": false,
          "name": "Status: Delivered"
        },
        {
          "color": "#14a9d5",
          "hidden": false,
          "name": "Status: Delivered (Inactive)"
        },
        {
          "color": "#14a9d5",
          "hidden": false,
          "name": "Status: Locked (Inactive)"
        },
        {
          "color": "#14a9d5",
          "hidden": false,
          "name": "Status: Released"
        },
        {
          "color": "#14a9d5",
          "hidden": false,
          "name": "Status: Technically completed"
        },
        {
          "color": "#14a9d5",
          "hidden": false,
          "name": "Status: Technically completed (Inactive)"
        },
        {
          "color": "#14a9d5",
          "hidden": false,
          "name": "Status: WIP to VAR"
        },
        {
          "color": "#14a9d5",
          "hidden": false,
          "name": "Status: WIP to VAR (Inactive)"
        },
        {
          "color": "#14a9d5",
          "hidden": false,
          "name": "Actual Start Time"
        },
        {
          "color": "#14a9d5",
          "hidden": false,
          "name": "GI for order"
        },
        {
          "color": "#14a9d5",
          "hidden": false,
          "name": "GR for acct. assgt."
        },
        {
          "color": "#14a9d5",
          "hidden": false,
          "name": "Goods receipt"
        },
        {
          "color": "#14a9d5",
          "hidden": false,
          "name": "Status: Locked"
        }
      ],
      "allowDataLink": false,
      "backgroundColor": "#ffffff",
      "border": false,
      "clickToFilter": true,
      "componentFilter": "",
      "contextMenuMethods": {
        "componentFilter": true,
        "copy": true,
        "deletable": true,
        "export": true,
        "fullscreen": true,
        "layers": true,
        "settings": true
      },
      "diagramBackground": false,
      "diagramBackgroundStyle": {
        "fillColor": "",
        "opacity": 1
      },
      "diagramBorder": true,
      "diagramBorderStyle": {
        "color": "#6FA7D1",
        "lineColor": "#e9e9e9",
        "lineOpacity": 1,
        "lineWidth": 1,
        "opacityInDec": 100
      },
      "feedbackMode": false,
      "filteringSelf": true,
      "fullDotLayout": true,
      "groupsConfigurations": [],
      "hasBackground": true,
      "hasHoverbuttons": false,
      "height": 50,
      "hiddenActivities": {},
      "hoverButtonFixed": false,
      "hoverButtonPosition": "LEFT",
      "id": "73b44a4a-94ee-471a-8df6-7f790516f041",
      "kpiView": {
        "activityKpi": {
          "id": "e9b1769f-aefa-46d2-b32e-739e0b9fc8bb",
          "name": "Automation",
          "text": "SUM(CASE WHEN \"_CEL_PP_ACTIVITIES\".\"USER_TYPE\" = 'B' OR \"_CEL_PP_ACTIVITIES\".\"USER_TYPE\" = 'C' OR \"_CEL_PP_ACTIVITIES\".\"USER_TYPE\" = 'S' THEN 1.0 ELSE 0.0 END)/SUM(CASE WHEN ISNULL(\"_CEL_PP_ACTIVITIES\".\"USER_TYPE\") = 0 THEN 1.0 ELSE 0.0 END)",
          "valueFormat": "%"
        },
        "activityKpis": [
          {
            "id": "e9b1769f-aefa-46d2-b32e-739e0b9fc8bb",
            "name": "Automation",
            "text": "AVG(CASE WHEN ISNULL(\"_CEL_PP_ACTIVITIES\".\"USER_TYPE\") = 1 THEN NULL \r\nWHEN \"_CEL_PP_ACTIVITIES\".\"USER_TYPE\" IN (<%=AutomaticUserType%>) THEN 1.0 ELSE 0.0 END)",
            "valueFormat": "%"
          }
        ],
        "connectionKpis": [],
        "edgesFormatting": {
          "colorThresholds": []
        },
        "icon": "icons/icon-percentage.svg",
        "id": "f269a2c9-5e37-4dc0-acfb-8865e0fa5815",
        "nodesFormatting": {
          "colorThresholds": [
            {
              "color": "#78B604",
              "compare": ">=",
              "formula": "0.66"
            },
            {
              "color": "#FF8B00",
              "compare": "<",
              "formula": "0.66"
            },
            {
              "color": "#D70A0A",
              "compare": "<=",
              "formula": "0.33"
            }
          ],
          "reversed": true
        },
        "title": "Automation"
      },
      "maximized": false,
      "selection": [],
      "selectionIndexes": [
        0
      ],
      "showHeader": true,
      "throughputUnits": "days",
      "title": "",
      "titleStyle": {
        "backgroundColor": "",
        "borderColor": "",
        "currentFontSize": {
          "name": "x-large 17px",
          "value": 17
        },
        "fontColor": "",
        "fontSize": 17
      },
      "toolBorder": false,
      "type": "variant_explorer",
      "variantSorting": {
        "kpiIndex": 0,
        "name": "most_common_variant",
        "orderType": "DESC"
      },
      "vertical": false,
      "width": 85,
      "x": 15,
      "y": 0,
      "zIndex": 27
    },
    {
      "allowDataLink": false,
      "backgroundColor": "#ffffff",
      "border": false,
      "clickToFilter": true,
      "componentFilter": "",
      "contextMenuMethods": {
        "componentFilter": true,
        "copy": true,
        "deletable": true,
        "export": true,
        "fullscreen": true,
        "layers": true,
        "settings": true
      },
      "diagramBackground": false,
      "diagramBackgroundStyle": {
        "fillColor": "",
        "opacity": 1
      },
      "diagramBorder": true,
      "diagramBorderStyle": {
        "lineColor": "#e9e9e9",
        "lineOpacity": 1,
        "lineWidth": 1
      },
      "dropdownSettings": {
        "formula": {
          "text": "<%=Filter_Option14%>"
        },
        "isMultiSelect": true
      },
      "dropdownText": "#{<%=Filter_Option14_Text%>}",
      "feedbackMode": false,
      "filteringSelf": true,
      "hasBackground": true,
      "hasHoverbuttons": false,
      "height": 2,
      "id": "7d0ad0fc-773e-4323-b727-0141ac3a7c90",
      "maximized": false,
      "selection": [],
      "showHeader": true,
      "title": "",
      "titleStyle": {
        "currentFontSize": {
          "name": "x-large 17px",
          "value": 17
        },
        "fontSize": 17
      },
      "toolBorder": false,
      "type": "dropdown",
      "vertical": false,
      "width": 13,
      "x": 1,
      "y": 32,
      "zIndex": 26
    }
  ],
  "contentType": "blank-sheet",
  "format": "FULLSCREEN",
  "id": "50d5f536-23d7-438c-b505-191323e70a88",
  "name": "Variant Explorer",
  "position": {
    "height": 804,
    "left": 0,
    "top": 0,
    "width": 1200
  },
  "sheetFilter": {
    "text": ""
  }
}