[
  {
    "description": "",
    "id": "bb52cdee-4f47-4cdf-aecf-6031f76b1bd6",
    "name": "high_cost",
    "parameterCount": 0,
    "parameters": [],
    "template": "(50000 / (<%=WeeklyHours%> * 52 * 60)) * <%=EstimatedTime%>"
  },
  {
    "description": "",
    "id": "fc1f6037-5cba-43c7-9bca-5f6655cddfee",
    "name": "Cycle_times_total",
    "parameterCount": 0,
    "parameters": [],
    "template": "MEDIAN(REMAP_TIMESTAMPS(PU_LAST(\"AFPO\", \"_CEL_PP_ACTIVITIES\".\"EVENTTIME\"), DAYS) - \r\nREMAP_TIMESTAMPS(PU_FIRST(\"AFPO\", \"_CEL_PP_ACTIVITIES\".\"EVENTTIME\"), DAYS))"
  },
  {
    "description": "",
    "id": "f98d440d-2ec2-4da4-9722-bc6362ce9fab",
    "name": "SOD Count",
    "parameterCount": 0,
    "parameters": [],
    "template": "sum(\r\n         case\r\n    when PU_first(\"AFPO\",\"_CEL_PP_ACTIVITIES\".\"USER_NAME\", \"_CEL_PP_ACTIVITIES\".\"ACTIVITY_EN\" = '<%=FromSOD%>' \r\n    AND \"_CEL_PP_ACTIVITIES\".\"USER_TYPE\" NOT IN (<%=automatic_users%>)) = PU_first(\"AFPO\",\"_CEL_PP_ACTIVITIES\".\"USER_NAME\", \"_CEL_PP_ACTIVITIES\".\"ACTIVITY_EN\" = '<%=ToSOD%>')\r\n        then 1.0\r\n    else 0.0\r\nend)\r\n\r\n\r\n"
  },
  {
    "description": "",
    "id": "74db9d63-b378-4e2b-b0fd-62ddb5d66769",
    "name": "Cost_Per_Minute",
    "parameterCount": 0,
    "parameters": [],
    "template": "1.0*<%= SALARY %>/(<%= WEEKLY_WORK_HRS %>*52*60)"
  },
  {
    "description": "--calculates the ratio of purchase orders where the user who does one activity also does another one",
    "id": "43dd5869-5c91-4c7c-949c-5800cb73c2fc",
    "name": "SOD Ratio",
    "parameterCount": 0,
    "parameters": [],
    "template": "avg(\n    case\n    when PU_first(\"AFPO\",\"_CEL_PP_ACTIVITIES\".\"USER_NAME\", \"_CEL_PP_ACTIVITIES\".\"ACTIVITY_EN\" = '<%=FromSOD%>' \n    AND \"_CEL_PP_ACTIVITIES\".\"USER_TYPE\" NOT IN (<%=automatic_users%>)) = PU_first(\"AFPO\",\"_CEL_PP_ACTIVITIES\".\"USER_NAME\", \"_CEL_PP_ACTIVITIES\".\"ACTIVITY_EN\" = '<%=ToSOD%>')\n        then 1.0\n    else 0.0\nend\n)*100"
  },
  {
    "description": "",
    "id": "b8ad6d28-b87e-42cb-9649-c35fcea98f7f",
    "name": "First Time Right Ratio",
    "parameterCount": 0,
    "parameters": [],
    "template": "SUM(CASE WHEN PU_COUNT_DISTINCT(\"AFPO\", \"_CEL_PP_ACTIVITIES\".\"_CASE_KEY\", \"_CEL_PP_ACTIVITIES\".\"ACTIVITY_EN\" IN (<%=rework_activities%>)) > 0 THEN 0.0 ELSE 1.0 END) / COUNT_TABLE(\"AFPO\")\n"
  },
  {
    "description": "",
    "id": "33f2b544-d13b-496f-8b18-6f4a3adfad3b",
    "name": "Automation_Rate_based_on_cases",
    "parameterCount": 0,
    "parameters": [],
    "template": "AVG(CASE WHEN ISNULL(\"_CEL_PP_ACTIVITIES\".\"USER_TYPE\") = 1 THEN 0.0 ELSE PU_COUNT(\"AFPO\", \"_CEL_PP_ACTIVITIES\".\"ACTIVITY_EN\", (\"_CEL_PP_ACTIVITIES\".\"USER_TYPE\" IN (<%=automatic_users%>)))/\r\n(PU_COUNT(\"AFPO\", \"_CEL_PP_ACTIVITIES\".\"ACTIVITY_EN\")*1.0)END)\r\n"
  },
  {
    "description": "",
    "id": "a8c45d23-481e-4381-adb1-e8d17191cbc6",
    "name": "Automation Rate",
    "parameterCount": 0,
    "parameters": [],
    "template": "AVG(CASE WHEN ISNULL(\"_CEL_PP_ACTIVITIES\".\"USER_TYPE\") = 1 THEN NULL \r\nWHEN \"_CEL_PP_ACTIVITIES\".\"USER_TYPE\" IN(<%=automatic_users%>) THEN 1.0 ELSE 0.0 END)"
  },
  {
    "description": "",
    "id": "2df2e5ad-216b-4668-ad68-57b9f1a2ff2e",
    "name": "Change Rate",
    "parameterCount": 0,
    "parameters": [],
    "template": "AVG(CASE WHEN PU_COUNT(\"AFPO\", \"_CEL_PP_ACTIVITIES\".\"ACTIVITY_EN\", \"_CEL_PP_ACTIVITIES\".\"ACTIVITY_EN\" IN (<%=change_activities%>))>=1\nTHEN 1.0\nELSE 0.0\nEND)"
  },
  {
    "description": "",
    "id": "f77cf436-0a1f-450e-927e-f6ddd6900866",
    "name": "Change Count",
    "parameterCount": 0,
    "parameters": [],
    "template": "SUM(CASE WHEN PU_COUNT(AFPO, \"_CEL_PP_ACTIVITIES\".\"ACTIVITY_EN\", \"_CEL_PP_ACTIVITIES\".\"ACTIVITY_EN\" IN (<%=change_activities%>))>=1\nTHEN 1.0\nELSE 0.0\nEND)"
  },
  {
    "description": "",
    "id": "01772866-d209-4c37-afc8-f8d8d0e33c26",
    "name": "Automation Focus Activity",
    "parameterCount": 0,
    "parameters": [],
    "template": "(SUM(PU_COUNT(\"AFPO\", \"_CEL_PP_ACTIVITIES\".\"ACTIVITY_EN\",\"_CEL_PP_ACTIVITIES\".\"ACTIVITY_EN\"=<%=automated_activities%> \r\nAND \"_CEL_PP_ACTIVITIES\".\"USER_TYPE\" IN (<%=automatic_users%>)))*1.0)\r\n/((SUM(PU_COUNT(\"AFPO\",\"_CEL_PP_ACTIVITIES\".\"ACTIVITY_EN\",\"_CEL_PP_ACTIVITIES\".\"ACTIVITY_EN\"=<%=automated_activities%>)))*1.0)\r\n"
  },
  {
    "description": "",
    "id": "1ee1ce9d-0ea2-4f22-96a1-415174d3cad9",
    "name": "Manual_Rate",
    "parameterCount": 0,
    "parameters": [],
    "template": "AVG(CASE WHEN \"_CEL_PP_ACTIVITIES\".\"USER_TYPE\" IN (<%=ManualUserType%>)\n         THEN 1.0\n         ELSE 0.0\n    END)"
  },
  {
    "description": "",
    "id": "20de85e2-8066-43e0-b560-62ff54cc4a22",
    "name": "low_cost",
    "parameterCount": 0,
    "parameters": [],
    "template": "(20000 / (<%=WeeklyHours%> * 52 * 60)) * <%=EstimatedTime%>"
  },
  {
    "description": "",
    "id": "1b87b04e-975b-49a2-a8ad-b95eaf687802",
    "name": "Est_saved_manual_act_old",
    "parameterCount": 0,
    "parameters": [],
    "template": "CASE WHEN (<%=AutomationPotential%> - (1 - KPI(\"Manual_Rate_Savings\"))*100) <= 0\n     THEN SUM(CASE WHEN \"_CEL_PP_ACTIVITIES\".\"USER_TYPE\" IN (<%=ManualUserType%>)\n                   AND \"_CEL_PP_ACTIVITIES\".\"ACTIVITY_EN\" IN (<%=ActivitySavings%>)\n                   THEN 1.0\n                   ELSE 0.0\n              END)  * 0.01 * (<%=AutomationPotential%>)\n              \n     ELSE SUM(CASE WHEN \"_CEL_PP_ACTIVITIES\".\"USER_TYPE\" IN (<%=ManualUserType%>)\n                   AND \"_CEL_PP_ACTIVITIES\".\"ACTIVITY_EN\" IN (<%=ActivitySavings%>)\n                   THEN 1.0\n                   ELSE 0.0\n              END) * 0.01 * (<%=AutomationPotential%> - (1 - KPI(\"Manual_Rate_Savings\"))*100)\nEND           \n"
  },
  {
    "description": "",
    "id": "0bfe8945-04a5-4797-ae8a-221c0f856cb5",
    "name": "Manual_Rate_Savings",
    "parameterCount": 0,
    "parameters": [],
    "template": "COUNT(\nCASE WHEN \"_CEL_PP_ACTIVITIES\".\"ACTIVITY_EN\" IN (<%=ActivitySavings%>)\n     AND \"_CEL_PP_ACTIVITIES\".\"USER_TYPE\" IN (<%=ManualUserType%>)\n     THEN 1.0\n     ELSE NULL\n     END\n) / COUNT(CASE WHEN \"_CEL_PP_ACTIVITIES\".\"ACTIVITY_EN\" IN (<%=ActivitySavings%>)\n               THEN 1.0\n               ELSE NULL\n          END)"
  },
  {
    "description": "",
    "id": "e77c4dc3-83d8-4c7e-bd54-ec48fe249a60",
    "name": "CT  Total",
    "parameterCount": 0,
    "parameters": [],
    "template": "MEDIAN(REMAP_TIMESTAMPS(PU_LAST(\"AFPO\", \"_CEL_PP_ACTIVITIES\".\"EVENTTIME\", \"_CEL_PP_ACTIVITIES\".\"ACTIVITY_EN\" = 'Status: Delivered'), DAYS) - REMAP_TIMESTAMPS(PU_FIRST(\"AFPO\", \"_CEL_PP_ACTIVITIES\".\"EVENTTIME\"), DAYS))"
  },
  {
    "description": "",
    "id": "0e6eca89-4199-4568-91ac-85f958d2d38d",
    "name": "Cycle_times_sub",
    "parameterCount": 0,
    "parameters": [],
    "template": "MEDIAN(REMAP_TIMESTAMPS(PU_LAST(\"AFPO\", \"_CEL_PP_ACTIVITIES\".\"EVENTTIME\",\"_CEL_PP_ACTIVITIES\".\"ACTIVITY_EN\"= <%=To%> ), DAYS) - \r\nREMAP_TIMESTAMPS(PU_FIRST(\"AFPO\", \"_CEL_PP_ACTIVITIES\".\"EVENTTIME\",\"_CEL_PP_ACTIVITIES\".\"ACTIVITY_EN\"= <%=From%>), DAYS))\r\n"
  }
]