{
  "components": [
    {
      "axis0": [
        {
          "flex": 1,
          "meta": {
            "columnName": "#{Plant}",
            "columnType": "string",
            "expressionLhs": "\"AUFK\".\"WERKS\" || ' - ' || \"AUFK\".\"WERKS_TEXT\" AS \"#{Plant}\"",
            "format": ""
          },
          "name": "#{<%= Dropdown_Option01_Text %>}",
          "notIncluded": false,
          "ratioFormula": {},
          "secondaryAxis": false,
          "seriesColor": "",
          "seriesColorMapping": "",
          "text": "\"AUFK\".\"WERKS\" || ' - ' || \"AUFK\".\"WERKS_TEXT\"",
          "textColor": "",
          "textColorMapping": "",
          "translatedName": "<%= Dropdown_Option01_Text %>",
          "type": "dimension",
          "units": " ",
          "width": 181
        }
      ],
      "axis0Config": {
        "autoTickCount": true,
        "axisLabelStyle": {
          "backgroundColor": "",
          "borderColor": "",
          "fontColor": ""
        },
        "axisLineStyle": {},
        "axisTitleStyle": {
          "backgroundColor": "",
          "borderColor": "",
          "fontColor": ""
        },
        "gapWidth": 0.1,
        "gridlineStyle": {},
        "seriesOverlap": 0.45,
        "showAxis": true,
        "showAxisLabels": true,
        "showTickLines": true
      },
      "axis1": [],
      "axis1Config": {
        "autoTickCount": true,
        "axisLabelStyle": {
          "backgroundColor": "",
          "borderColor": "",
          "fontColor": ""
        },
        "axisLineStyle": {},
        "axisTitleStyle": {
          "backgroundColor": "",
          "borderColor": "",
          "fontColor": ""
        },
        "boundsMode": "AUTO",
        "gridlineStyle": {},
        "showAxis": true,
        "showAxisLabels": true,
        "showTickLines": true
      },
      "axis2": [
        {
          "dataLabelStyle": {
            "fontSize": 9
          },
          "dataLabelsPosition": "custom",
          "fillStyle": {
            "opacity": 1
          },
          "flex": 0.8343,
          "ignoreSeriesPalettes": true,
          "legendMarkerColor": "#9b9b9b",
          "meta": {
            "columnName": "#{# Process Orders}",
            "columnType": "int",
            "expressionLhs": null,
            "format": ",f"
          },
          "name": "#{# Process Orders}",
          "notIncluded": false,
          "ratioFormula": {},
          "secondaryAxis": false,
          "seriesColor": "#cccccc",
          "seriesColorMapping": "",
          "seriesPalette": "",
          "showDataLabels": false,
          "text": "COUNT_TABLE(\"AFPO\")",
          "textColor": "",
          "textColorMapping": "",
          "translatedName": "# Process Orders",
          "units": " ",
          "valueFormat": ",f",
          "width": 151
        },
        {
          "dataLabelStyle": {},
          "dataLabelsPosition": "custom",
          "fillStyle": {
            "opacity": 1
          },
          "flex": 0.7127,
          "ignoreSeriesPalettes": true,
          "name": "#{Automation Rate (UD)}",
          "ratioFormula": {},
          "seriesColor": "",
          "seriesColorMapping": "",
          "seriesPalette": "",
          "showDataLabels": false,
          "text": "KPI(\"Automation Rate\")",
          "textColor": "#<%= Company_Color1 %>",
          "textColorMapping": "",
          "translatedName": "New Expression",
          "valueFormat": "%",
          "width": 129
        },
        {
          "dataLabelStyle": {},
          "dataLabelsPosition": "custom",
          "fillStyle": {
            "opacity": 1
          },
          "flex": 0.779,
          "ignoreSeriesPalettes": true,
          "name": "#{GR --> UD (planned)}",
          "seriesColor": "",
          "seriesColorMapping": "",
          "seriesPalette": "",
          "showDataLabels": false,
          "text": "<%= statistic %>(KPI(\"Lead Time Scheduled\", VARIABLE(<%= unit %>)))",
          "textColor": "",
          "textColorMapping": "",
          "translatedName": "GR --> UD (planned)",
          "units": "  <%= unit_unit %>",
          "valueFormat": ",.1f",
          "width": 141
        },
        {
          "alternativeType": "scatter",
          "dataLabelStyle": {},
          "dataLabelsPosition": "custom",
          "fillStyle": {
            "opacity": 1
          },
          "flex": 0.7182,
          "ignoreSeriesPalettes": true,
          "legendMarkerColor": "#c4d7f7",
          "meta": {
            "columnName": "#{GR --> UD}",
            "columnType": "float",
            "expressionLhs": null,
            "format": ",.1f"
          },
          "name": "#{GR --> UD (Actual)}",
          "ratioFormula": {},
          "secondaryAxis": true,
          "seriesColor": "transparent",
          "seriesColorMapping": "",
          "seriesPalette": "",
          "showDataLabels": false,
          "text": "<%= statistic %>(KPI(\"Lead Time\", VARIABLE(<%= unit %>), VARIABLE('Status: Delivered'), VARIABLE('Make Usage Decision'), VARIABLE(<%= From_Occ %>), VARIABLE(<%= To_Occ %>)))",
          "textColor": "#658927",
          "textColorMapping": "",
          "translatedName": "GR --> UD (Actual)",
          "units": " <%= unit_unit %>",
          "valueFormat": ",.1f",
          "width": 130
        },
        {
          "dataLabelStyle": {},
          "dataLabelsPosition": "custom",
          "fillStyle": {
            "opacity": 1
          },
          "flex": 0.6298,
          "ignoreSeriesPalettes": true,
          "name": "#{Stdev.}",
          "ratioFormula": {},
          "seriesColor": "",
          "seriesColorMapping": "",
          "seriesPalette": "",
          "showDataLabels": false,
          "sorting": "ASC",
          "sortingIndex": 0,
          "text": "STDEV(KPI(\"Lead Time\", VARIABLE(<%= unit %>), VARIABLE('Status: Delivered'), VARIABLE('Make Usage Decision'), VARIABLE(<%= From_Occ %>), VARIABLE(<%= To_Occ %>)))",
          "textColor": "#006687",
          "textColorMapping": "",
          "translatedName": "Stdev.",
          "units": "  <%= unit_unit %>",
          "valueFormat": ",.1f",
          "width": 114
        }
      ],
      "axis2Config": {
        "autoTickCount": true,
        "axisLabelStyle": {
          "backgroundColor": "",
          "borderColor": "",
          "fontColor": ""
        },
        "axisLineStyle": {},
        "axisTitleStyle": {
          "backgroundColor": "",
          "borderColor": "",
          "fontColor": ""
        },
        "boundsMode": "AUTO",
        "gridlineStyle": {},
        "showAxis": true,
        "showAxisLabels": true,
        "showTickLines": true
      },
      "backgroundColor": "#ffffff",
      "border": false,
      "chartType": "table",
      "clickToFilter": true,
      "componentFilter": "",
      "dataLabelsPositions": [
        "top",
        "middle",
        "bottom",
        "custom"
      ],
      "diagramBackgroundStyle": {
        "fillColor": "",
        "opacity": 1
      },
      "diagramBorder": true,
      "diagramBorderStyle": {
        "color": "#6FA7D1",
        "lineColor": "#cccccc",
        "lineOpacity": 1,
        "lineWidth": 1,
        "opacityInDec": 100
      },
      "feedbackMode": false,
      "filteringSelf": true,
      "hasBackground": true,
      "height": 30,
      "hoverButtonFixed": false,
      "hoverButtonPosition": "RIGHT",
      "id": "87af183f-66ad-4ed2-b5eb-13d5d4f98e0b",
      "legendPosition": "bc",
      "legendShow": true,
      "limitMode": "NO_LIMIT",
      "maximized": false,
      "selection": [],
      "seriesColor": "",
      "showHeader": true,
      "showOthers": false,
      "showTitle": true,
      "technicalNames": false,
      "textColor": "",
      "textStyle": {
        "backgroundColor": "",
        "borderColor": "",
        "currentFontSize": {
          "name": "x-small 11px",
          "value": 11
        },
        "fontColor": "",
        "fontSize": 11
      },
      "title": "#{TPT by  <%= Dropdown_Option01_Text %>}",
      "titleStyle": {
        "backgroundColor": "#eaeaea",
        "bold": true,
        "borderColor": "",
        "currentFontSize": {
          "name": "medium 14px",
          "value": 14
        },
        "fontColor": "#<%= Company_Color1 %>",
        "fontSize": 14
      },
      "toolBorder": false,
      "tooltips": true,
      "type": "pql-table",
      "vertical": true,
      "width": 45,
      "x": 26,
      "y": 12,
      "zIndex": 24
    }
  ],
  "contentType": "blank-sheet",
  "excludeFromPublish": true,
  "format": "FULLSCREEN",
  "id": "1adc6af5-69ff-42ea-b2d5-e6c925895590",
  "name": "New App 10",
  "position": {
    "height": 804,
    "left": 0,
    "top": 0,
    "width": 1200
  },
  "sheetFilter": {
    "text": ""
  }
}