{
  "components": [
    {
      "allowDataLink": false,
      "backgroundColor": "#ffffff",
      "border": false,
      "clickToFilter": true,
      "componentFilter": "",
      "contextMenuMethods": {
        "componentFilter": true,
        "copy": true,
        "deletable": true,
        "export": true,
        "fullscreen": true,
        "layers": true,
        "settings": true
      },
      "diagramBackground": false,
      "diagramBackgroundStyle": {
        "fillColor": "",
        "opacity": 1
      },
      "diagramBorder": true,
      "diagramBorderStyle": {
        "lineColor": "#e9e9e9",
        "lineOpacity": 1,
        "lineWidth": 1
      },
      "dropdownSettings": {
        "formula": {
          "text": "<%= Filter_Option1 %>"
        },
        "isMultiSelect": true
      },
      "dropdownText": "#{<%=Filter_Option1_Text%>}",
      "feedbackMode": false,
      "filteringSelf": true,
      "hasBackground": true,
      "hasHoverbuttons": false,
      "height": 2,
      "id": "fb116318-8155-4d82-8192-255026ca2561",
      "maximized": false,
      "selection": [],
      "showHeader": true,
      "title": "",
      "titleStyle": {
        "currentFontSize": {
          "name": "x-large 17px",
          "value": 17
        },
        "fontSize": 17
      },
      "toolBorder": false,
      "type": "dropdown",
      "vertical": false,
      "width": 14,
      "x": 43,
      "y": 16,
      "zIndex": 20
    },
    {
      "allowDataLink": false,
      "backgroundColor": "#ffffff",
      "border": false,
      "clickToFilter": true,
      "componentFilter": "",
      "contextMenuMethods": {
        "componentFilter": true,
        "copy": true,
        "deletable": true,
        "export": true,
        "fullscreen": true,
        "layers": true,
        "settings": true
      },
      "diagramBackground": false,
      "diagramBackgroundStyle": {
        "fillColor": "",
        "opacity": 1
      },
      "diagramBorder": true,
      "diagramBorderStyle": {
        "lineColor": "#e9e9e9",
        "lineOpacity": 1,
        "lineWidth": 1
      },
      "dropdownSettings": {
        "formula": {
          "text": "<%=Filter_Option06%>"
        },
        "isMultiSelect": true
      },
      "dropdownText": "#{<%=Filter_Option06_Text%>}",
      "feedbackMode": false,
      "filteringSelf": true,
      "hasBackground": true,
      "hasHoverbuttons": false,
      "height": 2,
      "id": "059decfe-6409-4130-a776-a4ebaf72cc16",
      "maximized": false,
      "selection": [],
      "showHeader": true,
      "title": "",
      "titleStyle": {
        "currentFontSize": {
          "name": "x-large 17px",
          "value": 17
        },
        "fontSize": 17
      },
      "toolBorder": false,
      "type": "dropdown",
      "vertical": false,
      "width": 14,
      "x": 43,
      "y": 18,
      "zIndex": 21
    },
    {
      "allowDataLink": false,
      "backgroundColor": "#ffffff",
      "border": false,
      "clickToFilter": true,
      "componentFilter": "",
      "contextMenuMethods": {
        "componentFilter": true,
        "copy": true,
        "deletable": true,
        "export": true,
        "fullscreen": true,
        "layers": true,
        "settings": true
      },
      "diagramBackground": false,
      "diagramBackgroundStyle": {
        "fillColor": "",
        "opacity": 1
      },
      "diagramBorder": true,
      "diagramBorderStyle": {
        "lineColor": "#e9e9e9",
        "lineOpacity": 1,
        "lineWidth": 1
      },
      "dropdownSettings": {
        "formula": {
          "text": "<%=Filter_Option11%>"
        },
        "isMultiSelect": true
      },
      "dropdownText": "#{<%=Filter_Option11_Text%>}",
      "feedbackMode": false,
      "filteringSelf": true,
      "hasBackground": true,
      "hasHoverbuttons": false,
      "height": 2,
      "id": "88be805e-a116-4c51-a179-bc81c68fc4dd",
      "maximized": false,
      "selection": [],
      "showHeader": true,
      "title": "",
      "titleStyle": {
        "currentFontSize": {
          "name": "x-large 17px",
          "value": 17
        },
        "fontSize": 17
      },
      "toolBorder": false,
      "type": "dropdown",
      "vertical": false,
      "width": 14,
      "x": 43,
      "y": 20,
      "zIndex": 30
    },
    {
      "allowDataLink": false,
      "backgroundColor": "#ffffff",
      "border": false,
      "clickToFilter": true,
      "componentFilter": "",
      "contextMenuMethods": {
        "componentFilter": true,
        "copy": true,
        "deletable": true,
        "export": true,
        "fullscreen": true,
        "layers": true,
        "settings": true
      },
      "diagramBackground": false,
      "diagramBackgroundStyle": {
        "fillColor": "",
        "opacity": 1
      },
      "diagramBorder": true,
      "diagramBorderStyle": {
        "lineColor": "#e9e9e9",
        "lineOpacity": 1,
        "lineWidth": 1
      },
      "dropdownSettings": {
        "formula": {
          "text": "<%=Filter_Option07%>"
        },
        "isMultiSelect": true
      },
      "dropdownText": "#{<%=Filter_Option07_Text%>}",
      "feedbackMode": false,
      "filteringSelf": true,
      "hasBackground": true,
      "hasHoverbuttons": false,
      "height": 2,
      "id": "6621fddb-d28a-4ef2-8ff7-270fa91c5fae",
      "maximized": false,
      "selection": [],
      "showHeader": true,
      "title": "",
      "titleStyle": {
        "currentFontSize": {
          "name": "x-large 17px",
          "value": 17
        },
        "fontSize": 17
      },
      "toolBorder": false,
      "type": "dropdown",
      "vertical": false,
      "width": 14,
      "x": 43,
      "y": 22,
      "zIndex": 21
    },
    {
      "allowDataLink": false,
      "backgroundColor": "#ffffff",
      "border": false,
      "clickToFilter": true,
      "componentFilter": "",
      "contextMenuMethods": {
        "componentFilter": true,
        "copy": true,
        "deletable": true,
        "export": true,
        "fullscreen": true,
        "layers": true,
        "settings": true
      },
      "diagramBackground": false,
      "diagramBackgroundStyle": {
        "fillColor": "",
        "opacity": 1
      },
      "diagramBorder": true,
      "diagramBorderStyle": {
        "lineColor": "#e9e9e9",
        "lineOpacity": 1,
        "lineWidth": 1
      },
      "dropdownSettings": {
        "formula": {
          "text": "<%=Filter_Option14%>"
        },
        "isMultiSelect": true
      },
      "dropdownText": "#{<%=Filter_Option14_Text%>}",
      "feedbackMode": false,
      "filteringSelf": true,
      "hasBackground": true,
      "hasHoverbuttons": false,
      "height": 2,
      "id": "1db2fb02-71fc-42d6-9b97-2f3255a523d0",
      "maximized": false,
      "selection": [],
      "showHeader": true,
      "title": "",
      "titleStyle": {
        "currentFontSize": {
          "name": "x-large 17px",
          "value": 17
        },
        "fontSize": 17
      },
      "toolBorder": false,
      "type": "dropdown",
      "vertical": false,
      "width": 14,
      "x": 43,
      "y": 24,
      "zIndex": 28
    },
    {
      "allowDataLink": false,
      "backgroundColor": "#<%= Company_Color2 %>",
      "border": false,
      "buttonTitle": "1. Select Benchmark Criterion: <%= benchmark_dim_txt %>",
      "buttons": [
        {
          "action": "setVariable",
          "backgroundColor": "",
          "buttonTitle": "Plant",
          "titleStyle": {
            "fontColor": ""
          },
          "variableName": "benchmark_dim_txt",
          "variableValue": "Plant",
          "variables": [
            {
              "title": "benchmark_dim_txt",
              "variableName": "benchmark_dim_txt",
              "variableValue": "Plant"
            },
            {
              "title": "benchmark_dim",
              "variableName": "benchmark_dim",
              "variableValue": "\"AUFK\".\"WERKS\" || ' - ' || \"AUFK\".\"WERKS_TEXT\""
            }
          ]
        },
        {
          "action": "setVariable",
          "backgroundColor": "",
          "buttonTitle": "Process Order Type",
          "titleStyle": {
            "fontColor": ""
          },
          "variableName": "benchmark_dim_txt",
          "variableValue": "Process Order Type",
          "variables": [
            {
              "title": "benchmark_dim_txt",
              "variableName": "benchmark_dim_txt",
              "variableValue": "Process Order Type"
            },
            {
              "title": "benchmark_dim",
              "variableName": "benchmark_dim",
              "variableValue": "\"AUFK\".\"AUART\""
            }
          ]
        },
        {
          "action": "setVariable",
          "backgroundColor": "",
          "buttonTitle": "Production Step",
          "titleStyle": {
            "fontColor": ""
          },
          "variableName": "benchmark_dim_txt",
          "variableValue": "Production Step",
          "variables": [
            {
              "title": "benchmark_dim_txt",
              "variableName": "benchmark_dim_txt",
              "variableValue": "Production Step"
            },
            {
              "title": "benchmark_dim",
              "variableName": "benchmark_dim",
              "variableValue": "\"AFPO\".\"PROD_STEP\""
            }
          ]
        },
        {
          "action": "setVariable",
          "backgroundColor": "",
          "buttonTitle": "Production Scheduler",
          "titleStyle": {
            "fontColor": ""
          },
          "variableName": "benchmark_dim_txt",
          "variableValue": "Production Scheduler",
          "variables": [
            {
              "title": "benchmark_dim_txt",
              "variableName": "benchmark_dim_txt",
              "variableValue": "Production Scheduler"
            },
            {
              "title": "benchmark_dim",
              "variableName": "benchmark_dim",
              "variableValue": "\"AFKO\".\"FEVOR\" || ' - ' || \"AFKO\".\"FEVOR_TEXT\""
            }
          ]
        },
        {
          "action": "setVariable",
          "backgroundColor": "",
          "buttonTitle": "PPMG",
          "titleStyle": {
            "fontColor": ""
          },
          "variableName": "benchmark_dim_txt",
          "variableValue": "PPMG",
          "variables": [
            {
              "title": "benchmark_dim_txt",
              "variableName": "benchmark_dim_txt",
              "variableValue": "PPMG"
            },
            {
              "title": "benchmark_dim",
              "variableName": "benchmark_dim",
              "variableValue": "\"AFPO\".\"PPMG\""
            }
          ]
        }
      ],
      "clickToFilter": true,
      "componentFilter": "",
      "contextMenuMethods": {
        "componentFilter": true,
        "copy": true,
        "deletable": true,
        "export": true,
        "fullscreen": true,
        "layers": true,
        "settings": true
      },
      "diagramBackground": false,
      "diagramBackgroundStyle": {
        "fillColor": "",
        "opacity": 1
      },
      "diagramBorder": true,
      "diagramBorderStyle": {
        "lineColor": "#e9e9e9",
        "lineOpacity": 1,
        "lineWidth": 1
      },
      "feedbackMode": false,
      "filteringSelf": true,
      "hasBackground": true,
      "hasHoverbuttons": false,
      "height": 2,
      "id": "107f8d06-989f-4337-9d47-45e7987205d6",
      "inputType": "Manual Input",
      "loadEntries": {
        "formula": {
          "text": ""
        },
        "isMultiSelect": true,
        "preview": "Value1 Value2"
      },
      "maximized": false,
      "selection": [],
      "showHeader": true,
      "title": "",
      "titleStyle": {
        "currentFontSize": {
          "name": "x-large 17px",
          "value": 17
        },
        "fontSize": 17
      },
      "toolBorder": false,
      "type": "button_dropdown",
      "vertical": false,
      "width": 16,
      "x": 42,
      "y": 11,
      "zIndex": 30
    },
    {
      "allowDataLink": false,
      "backgroundColor": "#ffffff",
      "border": false,
      "clickToFilter": true,
      "componentFilter": "",
      "contextMenuMethods": {
        "componentFilter": true,
        "copy": true,
        "deletable": true,
        "export": true,
        "fullscreen": true,
        "layers": true,
        "settings": true
      },
      "diagramBackground": true,
      "diagramBackgroundStyle": {
        "fillColor": "#eaeaea",
        "opacity": 1
      },
      "diagramBorder": false,
      "diagramBorderStyle": {
        "lineColor": "#e9e9e9",
        "lineOpacity": 1,
        "lineWidth": 1
      },
      "feedbackMode": false,
      "filteringSelf": true,
      "formulas": [],
      "hasBackground": true,
      "hasHoverbuttons": false,
      "height": 50,
      "id": "5b1d6bdb-6000-431b-9965-134f2439ebcd",
      "maximized": false,
      "selection": [],
      "showHeader": true,
      "text": "",
      "title": "",
      "titleStyle": {
        "currentFontSize": {
          "name": "x-large 17px",
          "value": 17
        },
        "fontSize": 17
      },
      "toolBorder": false,
      "type": "text",
      "vertical": false,
      "width": 40,
      "x": 0,
      "y": 0
    },
    {
      "allowDataLink": false,
      "backgroundColor": "#ffffff",
      "border": false,
      "clickToFilter": true,
      "componentFilter": "",
      "contextMenuMethods": {
        "componentFilter": true,
        "copy": true,
        "deletable": true,
        "export": true,
        "fullscreen": true,
        "layers": true,
        "settings": true
      },
      "diagramBackground": true,
      "diagramBackgroundStyle": {
        "fillColor": "#eaeaea",
        "opacity": 1
      },
      "diagramBorder": false,
      "diagramBorderStyle": {
        "lineColor": "#e9e9e9",
        "lineOpacity": 1,
        "lineWidth": 1
      },
      "feedbackMode": false,
      "filteringSelf": true,
      "formulas": [],
      "hasBackground": true,
      "hasHoverbuttons": false,
      "height": 50,
      "id": "2fd860a3-a01f-4999-9f88-77f546d4c58a",
      "maximized": false,
      "selection": [],
      "showHeader": true,
      "text": "",
      "title": "",
      "titleStyle": {
        "currentFontSize": {
          "name": "x-large 17px",
          "value": 17
        },
        "fontSize": 17
      },
      "toolBorder": false,
      "type": "text",
      "vertical": false,
      "width": 40,
      "x": 60,
      "y": 0,
      "zIndex": null
    },
    {
      "allowDataLink": false,
      "backgroundColor": "#ffffff",
      "border": false,
      "clickToFilter": true,
      "componentFilter": "",
      "contextMenuMethods": {
        "componentFilter": true,
        "copy": true,
        "deletable": true,
        "export": true,
        "fullscreen": true,
        "layers": true,
        "settings": true
      },
      "diagramBackground": true,
      "diagramBackgroundStyle": {
        "fillColor": "#<%= Company_Color2%>",
        "opacity": 1
      },
      "diagramBorder": false,
      "diagramBorderStyle": {
        "lineColor": "#e9e9e9",
        "lineOpacity": 1,
        "lineWidth": 1
      },
      "feedbackMode": false,
      "filteringSelf": true,
      "formulas": [],
      "hasBackground": true,
      "hasHoverbuttons": false,
      "height": 2,
      "id": "28e6e5f4-09f1-4002-80c6-5a273990234e",
      "maximized": false,
      "selection": [],
      "showHeader": true,
      "text": "[size=13]    2. Select Additional Filters[/size]",
      "title": "",
      "titleStyle": {
        "currentFontSize": {
          "name": "x-large 17px",
          "value": 17
        },
        "fontSize": 17
      },
      "toolBorder": false,
      "type": "text",
      "vertical": false,
      "width": 16,
      "x": 42,
      "y": 14,
      "zIndex": 2
    },
    {
      "allowDataLink": false,
      "backgroundColor": "#<%= Company_Color2 %>",
      "border": false,
      "buttonTitle": "3. Select <%= benchmark_dim_txt %>",
      "buttons": [
        {
          "action": "setVariable",
          "backgroundColor": "",
          "buttonTitle": "Plant",
          "titleStyle": {
            "fontColor": ""
          },
          "variableName": "benchmark_dim_txt",
          "variableValue": "Plant",
          "variables": [
            {
              "title": "benchmark_dim_txt",
              "variableName": "benchmark_dim_txt",
              "variableValue": "Plant"
            },
            {
              "title": "benchmark_dim",
              "variableName": "benchmark_dim",
              "variableValue": "\"AUFK\".\"WERKS\" || ' - ' || \"AUFK\".\"WERKS_TEXT\""
            }
          ]
        }
      ],
      "clickToFilter": true,
      "componentFilter": "",
      "contextMenuMethods": {
        "componentFilter": true,
        "copy": true,
        "deletable": true,
        "export": true,
        "fullscreen": true,
        "layers": true,
        "settings": true
      },
      "diagramBackground": false,
      "diagramBackgroundStyle": {
        "fillColor": "",
        "opacity": 1
      },
      "diagramBorder": true,
      "diagramBorderStyle": {
        "lineColor": "#e9e9e9",
        "lineOpacity": 1,
        "lineWidth": 1
      },
      "feedbackMode": false,
      "filteringSelf": true,
      "hasBackground": true,
      "hasHoverbuttons": false,
      "height": 2,
      "id": "9941d5f1-6070-456f-aaf5-700f6294fe87",
      "inputType": "Load Entries",
      "lastColumnType": "string",
      "loadEntries": {
        "formula": {
          "text": "<%= benchmark_dim %>"
        },
        "isMultiSelect": false,
        "preview": "'Value'",
        "variableName": "benchmark_02",
        "wrappingCharEnd": "'",
        "wrappingCharStart": "'"
      },
      "maximized": false,
      "selection": [],
      "showHeader": true,
      "title": "",
      "titleStyle": {
        "currentFontSize": {
          "name": "x-large 17px",
          "value": 17
        },
        "fontSize": 17
      },
      "toolBorder": false,
      "type": "button_dropdown",
      "vertical": false,
      "width": 14,
      "x": 85,
      "y": 1,
      "zIndex": 32
    },
    {
      "allowDataLink": false,
      "backgroundColor": "#<%= Company_Color2 %>",
      "border": false,
      "buttonTitle": "3. Select <%= benchmark_dim_txt %>",
      "buttons": [
        {
          "action": "setVariable",
          "backgroundColor": "",
          "buttonTitle": "Plant",
          "titleStyle": {
            "fontColor": ""
          },
          "variableName": "benchmark_dim_txt",
          "variableValue": "Plant",
          "variables": [
            {
              "title": "benchmark_dim_txt",
              "variableName": "benchmark_dim_txt",
              "variableValue": "Plant"
            },
            {
              "title": "benchmark_dim",
              "variableName": "benchmark_dim",
              "variableValue": "\"AUFK\".\"WERKS\" || ' - ' || \"AUFK\".\"WERKS_TEXT\""
            }
          ]
        }
      ],
      "clickToFilter": true,
      "componentFilter": "",
      "contextMenuMethods": {
        "componentFilter": true,
        "copy": true,
        "deletable": true,
        "export": true,
        "fullscreen": true,
        "layers": true,
        "settings": true
      },
      "diagramBackground": false,
      "diagramBackgroundStyle": {
        "fillColor": "",
        "opacity": 1
      },
      "diagramBorder": true,
      "diagramBorderStyle": {
        "lineColor": "#e9e9e9",
        "lineOpacity": 1,
        "lineWidth": 1
      },
      "feedbackMode": false,
      "filteringSelf": true,
      "hasBackground": true,
      "hasHoverbuttons": false,
      "height": 2,
      "id": "51ccc67b-f261-4ffb-bc2c-d749c1575277",
      "inputType": "Load Entries",
      "lastColumnType": "string",
      "loadEntries": {
        "formula": {
          "text": "<%= benchmark_dim %>"
        },
        "isMultiSelect": false,
        "preview": "'Value'",
        "variableName": "benchmark_01",
        "wrappingCharEnd": "'",
        "wrappingCharStart": "'"
      },
      "maximized": false,
      "selection": [],
      "showHeader": true,
      "title": "",
      "titleStyle": {
        "currentFontSize": {
          "name": "x-large 17px",
          "value": 17
        },
        "fontSize": 17
      },
      "toolBorder": false,
      "type": "button_dropdown",
      "vertical": false,
      "width": 14,
      "x": 1,
      "y": 1,
      "zIndex": 33
    },
    {
      "activityColumnRef": "\"_CEL_PP_ACTIVITIES\".\"ACTIVITY_EN\"",
      "activityConfigurations": [
        {
          "color": "#14a9d5",
          "hidden": false,
          "name": "Actual Start Time"
        },
        {
          "color": "#14a9d5",
          "hidden": false,
          "name": "Change Scheduled Start Date"
        },
        {
          "color": "#14a9d5",
          "hidden": false,
          "name": "Change Total Qty"
        },
        {
          "color": "#14a9d5",
          "hidden": false,
          "name": "GI for order"
        },
        {
          "color": "#14a9d5",
          "hidden": false,
          "name": "GR for acct. assgt."
        },
        {
          "color": "#14a9d5",
          "hidden": false,
          "name": "Goods receipt"
        },
        {
          "color": "#14a9d5",
          "hidden": false,
          "name": "Make Usage Decision"
        },
        {
          "color": "#14a9d5",
          "hidden": false,
          "name": "Status: Confirmed"
        },
        {
          "color": "#14a9d5",
          "hidden": false,
          "name": "Status: Confirmed (Inactive)"
        },
        {
          "color": "#14a9d5",
          "hidden": false,
          "name": "Status: Deletion Flag"
        },
        {
          "color": "#14a9d5",
          "hidden": false,
          "name": "Status: Deletion Flag (Inactive)"
        },
        {
          "color": "#14a9d5",
          "hidden": false,
          "name": "Status: Delivered"
        },
        {
          "color": "#14a9d5",
          "hidden": false,
          "name": "Status: Released"
        },
        {
          "color": "#14a9d5",
          "hidden": false,
          "name": "Status: Technically completed"
        },
        {
          "color": "#14a9d5",
          "hidden": false,
          "name": "Status: Technically completed (Inactive)"
        },
        {
          "color": "#14a9d5",
          "hidden": false,
          "name": "Status: WIP to VAR"
        },
        {
          "color": "#14a9d5",
          "hidden": false,
          "name": "Status: WIP to VAR (Inactive)"
        },
        {
          "color": "#14a9d5",
          "hidden": false,
          "name": "Create Process Order"
        },
        {
          "color": "#14a9d5",
          "hidden": false,
          "name": "Status: Closed"
        },
        {
          "color": "#14a9d5",
          "hidden": false,
          "name": "Status: Closed (Inactive)"
        },
        {
          "color": "#14a9d5",
          "hidden": false,
          "name": "Status: Delivered (Inactive)"
        },
        {
          "color": "#14a9d5",
          "hidden": false,
          "name": "Status: Locked"
        },
        {
          "color": "#14a9d5",
          "hidden": false,
          "name": "Status: Locked (Inactive)"
        }
      ],
      "allowDataLink": false,
      "backgroundColor": "#ffffff",
      "border": false,
      "clickToFilter": true,
      "componentFilter": "FILTER <%= benchmark_dim %> = <%= benchmark_01 %>;",
      "contextMenuMethods": {
        "componentFilter": true,
        "copy": true,
        "deletable": true,
        "export": true,
        "fullscreen": true,
        "layers": true,
        "settings": true
      },
      "customActivityColumn": false,
      "diagramBackground": false,
      "diagramBackgroundStyle": {
        "fillColor": "",
        "opacity": 1
      },
      "diagramBorder": true,
      "diagramBorderStyle": {
        "color": "#6FA7D1",
        "lineColor": "#e9e9e9",
        "lineOpacity": 1,
        "lineWidth": 1,
        "opacityInDec": 100
      },
      "edgeSliderState": 0,
      "feedbackMode": false,
      "filteringSelf": true,
      "fullDotLayout": true,
      "groupsConfigurations": [],
      "hasBackground": true,
      "hasHoverbuttons": false,
      "height": 34,
      "hiddenActivities": {},
      "hoverButtonFixed": false,
      "hoverButtonPosition": "RIGHT",
      "id": "cde44fc5-009c-4aba-9a62-5817e6720087",
      "kpiView": {
        "connectionKpi": {
          "id": "THROUGHPUT",
          "name": "Throughput Time (Median)",
          "valueFormat": ",f"
        },
        "connectionKpis": [
          {
            "id": "THROUGHPUT",
            "name": "Throughput Time (Median)",
            "valueFormat": ",f"
          }
        ],
        "icon": "icons/icon-throughput.svg",
        "id": "THROUGHPUT",
        "supportsParams": true,
        "title": "throughput_median"
      },
      "maximized": false,
      "nodeSliderState": 0,
      "selection": [],
      "showHeader": true,
      "throughputUnits": "hours",
      "title": "",
      "titleStyle": {
        "backgroundColor": "",
        "borderColor": "",
        "currentFontSize": {
          "name": "x-large 17px",
          "value": 17
        },
        "fontColor": "",
        "fontSize": 17
      },
      "toolBorder": false,
      "type": "simple_process",
      "version": 2,
      "vertical": false,
      "width": 38,
      "x": 1,
      "y": 3,
      "zIndex": 1
    },
    {
      "activityColumnRef": "\"_CEL_PP_ACTIVITIES\".\"ACTIVITY_EN\"",
      "activityConfigurations": [
        {
          "color": "#14a9d5",
          "hidden": false,
          "name": "Actual Start Time"
        },
        {
          "color": "#14a9d5",
          "hidden": false,
          "name": "Change Scheduled Start Date"
        },
        {
          "color": "#14a9d5",
          "hidden": false,
          "name": "Change Total Qty"
        },
        {
          "color": "#14a9d5",
          "hidden": false,
          "name": "GI for order"
        },
        {
          "color": "#14a9d5",
          "hidden": false,
          "name": "GR for acct. assgt."
        },
        {
          "color": "#14a9d5",
          "hidden": false,
          "name": "Goods receipt"
        },
        {
          "color": "#14a9d5",
          "hidden": false,
          "name": "Make Usage Decision"
        },
        {
          "color": "#14a9d5",
          "hidden": false,
          "name": "Status: Confirmed"
        },
        {
          "color": "#14a9d5",
          "hidden": false,
          "name": "Status: Confirmed (Inactive)"
        },
        {
          "color": "#14a9d5",
          "hidden": false,
          "name": "Status: Deletion Flag"
        },
        {
          "color": "#14a9d5",
          "hidden": false,
          "name": "Status: Deletion Flag (Inactive)"
        },
        {
          "color": "#14a9d5",
          "hidden": false,
          "name": "Status: Delivered"
        },
        {
          "color": "#14a9d5",
          "hidden": false,
          "name": "Status: Released"
        },
        {
          "color": "#14a9d5",
          "hidden": false,
          "name": "Status: Technically completed"
        },
        {
          "color": "#14a9d5",
          "hidden": false,
          "name": "Status: Technically completed (Inactive)"
        },
        {
          "color": "#14a9d5",
          "hidden": false,
          "name": "Status: WIP to VAR"
        },
        {
          "color": "#14a9d5",
          "hidden": false,
          "name": "Status: WIP to VAR (Inactive)"
        },
        {
          "color": "#14a9d5",
          "hidden": false,
          "name": "Create Process Order"
        },
        {
          "color": "#14a9d5",
          "hidden": false,
          "name": "Status: Closed"
        },
        {
          "color": "#14a9d5",
          "hidden": false,
          "name": "Status: Closed (Inactive)"
        },
        {
          "color": "#14a9d5",
          "hidden": false,
          "name": "Status: Delivered (Inactive)"
        },
        {
          "color": "#14a9d5",
          "hidden": false,
          "name": "Status: Locked"
        },
        {
          "color": "#14a9d5",
          "hidden": false,
          "name": "Status: Locked (Inactive)"
        }
      ],
      "allowDataLink": false,
      "backgroundColor": "#ffffff",
      "border": false,
      "clickToFilter": true,
      "componentFilter": "FILTER <%= benchmark_dim %> = <%= benchmark_02 %>;",
      "contextMenuMethods": {
        "componentFilter": true,
        "copy": true,
        "deletable": true,
        "export": true,
        "fullscreen": true,
        "layers": true,
        "settings": true
      },
      "customActivityColumn": false,
      "diagramBackground": false,
      "diagramBackgroundStyle": {
        "fillColor": "",
        "opacity": 1
      },
      "diagramBorder": true,
      "diagramBorderStyle": {
        "color": "#6FA7D1",
        "lineColor": "#e9e9e9",
        "lineOpacity": 1,
        "lineWidth": 1,
        "opacityInDec": 100
      },
      "edgeSliderState": 0,
      "feedbackMode": false,
      "filteringSelf": true,
      "fullDotLayout": true,
      "groupsConfigurations": [],
      "hasBackground": true,
      "hasHoverbuttons": false,
      "height": 34,
      "hiddenActivities": {},
      "hoverButtonFixed": false,
      "hoverButtonPosition": "LEFT",
      "id": "e29691c9-5cdc-45ad-81c7-a4099d565308",
      "kpiView": {
        "connectionKpi": {
          "id": "THROUGHPUT",
          "name": "Throughput Time (Median)",
          "valueFormat": ",f"
        },
        "connectionKpis": [
          {
            "id": "THROUGHPUT",
            "name": "Throughput Time (Median)",
            "valueFormat": ",f"
          }
        ],
        "icon": "icons/icon-throughput.svg",
        "id": "THROUGHPUT",
        "supportsParams": true,
        "title": "throughput_median"
      },
      "maximized": false,
      "nodeSliderState": 2,
      "selection": [],
      "showHeader": true,
      "throughputUnits": "hours",
      "title": "",
      "titleStyle": {
        "backgroundColor": "",
        "borderColor": "",
        "currentFontSize": {
          "name": "x-large 17px",
          "value": 17
        },
        "fontColor": "",
        "fontSize": 17
      },
      "toolBorder": false,
      "type": "simple_process",
      "version": 2,
      "vertical": false,
      "width": 38,
      "x": 61,
      "y": 3,
      "zIndex": 34
    },
    {
      "allowDataLink": false,
      "axis0": [
        {
          "function": {
            "DATE": true,
            "displayName": "Round Day",
            "example": "2015-02-22",
            "name": "Round_Day",
            "valueFormat": "%Y-%m-%d"
          },
          "meta": {
            "columnName": "#{Creation Date}",
            "columnType": "string",
            "expressionLhs": "'CW ' || RIGHT ( YEAR ( \"AUFK\".\"ERDAT\" ) || '/' , 3 ) || RIGHT ( '0' || CALENDAR_WEEK ( \"AUFK\".\"ERDAT\" ) , 2 ) AS \"#{Creation Date}\" FORMAT \"%Y-%m-%d\"",
            "format": "%Y-%m-%d"
          },
          "name": "#{Creation Date}",
          "sorting": "ASC",
          "sortingIndex": 0,
          "text": "KPI(<%= dat_dim_overview %>, \"AUFK\".\"ERDAT\")",
          "translatedName": "Creation Date",
          "type": "dimension",
          "valueFormat": "%Y-%m-%d"
        }
      ],
      "axis0Config": {
        "autoTickCount": true,
        "axisLabelStyle": {
          "backgroundColor": "",
          "borderColor": "",
          "currentFontSize": {
            "name": "x-small 11px",
            "value": 11
          },
          "fontColor": "",
          "fontSize": 11
        },
        "axisLineStyle": {
          "color": "#6FA7D1",
          "lineColor": "",
          "lineOpacity": 1,
          "lineWidth": 1,
          "opacityInDec": 100
        },
        "axisTitleStyle": {
          "backgroundColor": "",
          "borderColor": "",
          "currentFontSize": {
            "name": "small 13px",
            "value": 13
          },
          "fontColor": "",
          "fontSize": 13
        },
        "gapWidth": 0.45,
        "gridlineStyle": {
          "color": "#6FA7D1",
          "lineColor": "",
          "lineOpacity": 1,
          "lineWidth": 1,
          "opacityInDec": 100
        },
        "seriesOverlap": 0.45,
        "showAxis": true,
        "showAxisLabels": true,
        "showTickLines": true
      },
      "axis1": [],
      "axis1Config": {
        "autoTickCount": true,
        "axisLabelStyle": {
          "backgroundColor": "",
          "borderColor": "",
          "currentFontSize": {
            "name": "x-small 11px",
            "value": 11
          },
          "fontColor": "",
          "fontSize": 11
        },
        "axisLineStyle": {
          "color": "#6FA7D1",
          "lineColor": "",
          "lineOpacity": 0.8,
          "lineWidth": 1,
          "opacityInDec": 80
        },
        "axisTitleStyle": {
          "backgroundColor": "",
          "borderColor": "",
          "currentFontSize": {
            "name": "small 13px",
            "value": 13
          },
          "fontColor": "",
          "fontSize": 13
        },
        "boundsMin": 0,
        "boundsMode": "MANUAL",
        "fillStyle": {
          "opacity": 1
        },
        "gridlineStyle": {
          "color": "#6FA7D1",
          "lineColor": "#e4e4e4",
          "lineOpacity": 1,
          "lineWidth": 1,
          "opacityInDec": 100
        },
        "seriesColor": "",
        "seriesPalette": "",
        "showAxis": true,
        "showAxisLabels": true,
        "showGridlines": true,
        "showTickLines": true
      },
      "axis2": [
        {
          "alternativeType": "column",
          "dataLabelStyle": {
            "backgroundColor": "",
            "borderColor": "",
            "fontColor": ""
          },
          "dataLabelsPosition": "custom",
          "fillStyle": {
            "opacity": 1
          },
          "function": {
            "name": "COUNT_TABLE"
          },
          "ignoreSeriesPalettes": false,
          "legendMarkerColor": "#c8852d",
          "lineStyle": {
            "lineOpacity": 1,
            "lineWidth": 4,
            "opacityInDec": 100
          },
          "meta": {
            "columnName": "#{# Process Orders}",
            "columnType": "int",
            "expressionLhs": null,
            "format": ",f"
          },
          "name": "#{<%= benchmark_kpi_txt %>}",
          "noFunction": true,
          "ratioFormula": {},
          "secondaryAxis": false,
          "seriesColor": "#c8852d",
          "seriesColorMapping": "",
          "seriesPalette": "",
          "showDataLabels": true,
          "showMarkers": true,
          "spline": false,
          "styles": {
            "left": "0px",
            "position": "absolute",
            "right": "4px",
            "top": "0px"
          },
          "text": "<%= benchmark_kpi %>",
          "textColor": "",
          "textColorMapping": "",
          "translatedName": "<%= benchmark_kpi_txt %>",
          "type": "INTEGER",
          "units": " <%= benchmark_kpi_unit %>",
          "valueFormat": ",f"
        }
      ],
      "axis2Config": {
        "autoTickCount": false,
        "axisLabelStyle": {
          "backgroundColor": "",
          "borderColor": "",
          "fontColor": ""
        },
        "axisLineStyle": {
          "color": "#6FA7D1",
          "lineColor": "",
          "lineOpacity": 1,
          "lineWidth": 1,
          "opacityInDec": 100
        },
        "axisTitleStyle": {
          "backgroundColor": "",
          "borderColor": "",
          "currentFontSize": {
            "name": "small 13px",
            "value": 13
          },
          "fontColor": "",
          "fontSize": 13
        },
        "boundsMax": 0.6,
        "boundsMin": 0,
        "boundsMode": "AUTO",
        "fillStyle": {
          "opacity": 1
        },
        "gridlineStyle": {
          "color": "#6FA7D1",
          "lineColor": "",
          "lineOpacity": 1,
          "lineWidth": 1,
          "opacityInDec": 100
        },
        "seriesColor": "",
        "showAxis": true,
        "showAxisLabels": true,
        "showAxisTitle": false,
        "showTickLines": false
      },
      "backgroundColor": "#ffffff",
      "border": false,
      "chartType": "column",
      "clickToFilter": true,
      "componentFilter": "FILTER <%= benchmark_dim %> = <%= benchmark_01 %>;",
      "contextMenuMethods": {
        "componentFilter": true,
        "copy": true,
        "deletable": true,
        "export": true,
        "fullscreen": true,
        "layers": true,
        "settings": true
      },
      "dataLabelsPositions": [
        "top",
        "middle",
        "bottom",
        "custom"
      ],
      "diagramBackground": false,
      "diagramBackgroundStyle": {
        "fillColor": "",
        "opacity": 1
      },
      "diagramBorder": true,
      "diagramBorderStyle": {
        "color": "#6FA7D1",
        "lineColor": "#cccccc",
        "lineOpacity": 1,
        "lineWidth": 1,
        "opacityInDec": 100
      },
      "distinct": true,
      "feedbackMode": false,
      "filteringSelf": true,
      "hasBackground": true,
      "hasHoverbuttons": false,
      "height": 10,
      "hoverButtonFixed": false,
      "hoverButtonPosition": "RIGHT",
      "id": "fd62a370-ca20-4022-982e-a98fbdca9119",
      "legendFontStyle": {
        "backgroundColor": "",
        "borderColor": "",
        "currentFontSize": {
          "name": "x-small 11px",
          "value": 11
        },
        "fontColor": "",
        "fontSize": 11
      },
      "legendOverlay": false,
      "legendPosition": "bc",
      "legendShow": false,
      "limitMode": "SCROLL",
      "limitNumber": 18,
      "maximized": false,
      "multisort": true,
      "pinScrollbarRight": true,
      "positionLines": [
        {
          "formula": {
            "text": ""
          },
          "isSecondary": false,
          "labelPosition": 1,
          "lineConfig": {},
          "name": "Position Line",
          "positionLineFormat": {
            "color": "#6FA7D1",
            "lineColor": "#777",
            "lineOpacity": 1,
            "lineStyle": "dotted",
            "lineWidth": 1,
            "opacityInDec": 100
          }
        }
      ],
      "selection": [],
      "seriesColor": "",
      "showHeader": true,
      "showOthers": false,
      "showTitle": true,
      "textStyle": {
        "currentFontSize": {
          "name": "medium 14px",
          "value": 14
        },
        "fontSize": 14
      },
      "title": "",
      "titleStyle": {
        "backgroundColor": "#eaeaea",
        "bold": true,
        "borderColor": "",
        "currentFontSize": {
          "name": "medium 14px",
          "value": 14
        },
        "fontColor": "#<%= Company_Color1 %>",
        "fontSize": 14
      },
      "toolBorder": false,
      "tooltips": true,
      "type": "pql-table",
      "unfilteredInput": false,
      "vertical": false,
      "width": 38,
      "x": 1,
      "y": 39,
      "zIndex": 17
    },
    {
      "allowDataLink": false,
      "backgroundColor": "#ffffff",
      "border": false,
      "buttonTitle": "Select Time Unit: <%= dat_dim_overview %>",
      "buttons": [
        {
          "action": "setVariable",
          "backgroundColor": "",
          "buttonTitle": "Daily",
          "titleStyle": {
            "fontColor": ""
          },
          "variableName": "dat_dim_overview",
          "variableValue": "Daily",
          "variables": [
            {
              "title": "dat_dim_overview",
              "variableName": "dat_dim_overview",
              "variableValue": "Daily"
            }
          ]
        },
        {
          "action": "setVariable",
          "backgroundColor": "",
          "buttonTitle": "Weekly (CW)",
          "titleStyle": {
            "fontColor": ""
          },
          "variableName": "dat_dim_overview",
          "variableValue": "Weekly",
          "variables": [
            {
              "title": "dat_dim_overview",
              "variableName": "dat_dim_overview",
              "variableValue": "Weekly"
            }
          ]
        },
        {
          "action": "setVariable",
          "backgroundColor": "",
          "buttonTitle": "Monthly",
          "titleStyle": {
            "fontColor": ""
          },
          "variableName": "dat_dim_overview",
          "variableValue": "Monthly",
          "variables": [
            {
              "title": "dat_dim_overview",
              "variableName": "dat_dim_overview",
              "variableValue": "Monthly"
            }
          ]
        }
      ],
      "clickToFilter": true,
      "componentFilter": "",
      "contextMenuMethods": {
        "componentFilter": true,
        "copy": true,
        "deletable": true,
        "export": true,
        "fullscreen": true,
        "layers": true,
        "settings": true
      },
      "diagramBackground": false,
      "diagramBackgroundStyle": {
        "fillColor": "",
        "opacity": 1
      },
      "diagramBorder": true,
      "diagramBorderStyle": {
        "lineColor": "#e9e9e9",
        "lineOpacity": 1,
        "lineWidth": 1
      },
      "feedbackMode": false,
      "filteringSelf": true,
      "hasBackground": true,
      "hasHoverbuttons": false,
      "height": 2,
      "id": "e86a6fd8-ca91-4e6e-9396-3bb6998caf71",
      "inputType": "Manual Input",
      "loadEntries": {
        "formula": {
          "text": ""
        },
        "isMultiSelect": true,
        "preview": "Value1 Value2"
      },
      "maximized": false,
      "selection": [],
      "showHeader": true,
      "title": "",
      "titleStyle": {
        "currentFontSize": {
          "name": "x-large 17px",
          "value": 17
        },
        "fontSize": 17
      },
      "toolBorder": false,
      "type": "button_dropdown",
      "vertical": false,
      "width": 15,
      "x": 24,
      "y": 37,
      "zIndex": 29
    },
    {
      "allowDataLink": false,
      "backgroundColor": "#<%= Company_Color2 %>",
      "border": false,
      "buttonTitle": "4. Select KPI: <%= benchmark_kpi_txt %>",
      "buttons": [
        {
          "action": "setVariable",
          "backgroundColor": "",
          "buttonTitle": "# Process Orders",
          "titleStyle": {
            "fontColor": ""
          },
          "variableName": "benchmark_kpi_unit",
          "variableValue": "#{ }",
          "variables": [
            {
              "title": "benchmark_kpi_unit",
              "variableName": "benchmark_kpi_unit",
              "variableValue": "#{ }"
            },
            {
              "title": "benchmark_kpi_txt",
              "variableName": "benchmark_kpi_txt",
              "variableValue": "# Process Orders"
            },
            {
              "title": "benchmark_kpi",
              "variableName": "benchmark_kpi",
              "variableValue": "COUNT_TABLE(\"AFPO\")"
            }
          ]
        },
        {
          "action": "setVariable",
          "backgroundColor": "",
          "buttonTitle": "GR to UD - Throughput Time",
          "titleStyle": {
            "fontColor": ""
          },
          "variableName": "benchmark_kpi_unit",
          "variableValue": "h",
          "variables": [
            {
              "title": "benchmark_kpi_unit",
              "variableName": "benchmark_kpi_unit",
              "variableValue": "h"
            },
            {
              "title": "benchmark_kpi_txt",
              "variableName": "benchmark_kpi_txt",
              "variableValue": "Throughput Time - GR to UD"
            },
            {
              "title": "benchmark_kpi",
              "variableName": "benchmark_kpi",
              "variableValue": "<%= statistic %>(KPI(\"Lead Time\", VARIABLE(HOURS), VARIABLE('Status: Delivered'), VARIABLE('Make Usage Decision'), VARIABLE(<%= From_Occ %>), VARIABLE(<%= To_Occ %>)))"
            }
          ]
        },
        {
          "action": "setVariable",
          "backgroundColor": "",
          "buttonTitle": "UD Automation Rate",
          "titleStyle": {
            "fontColor": ""
          },
          "variableName": "benchmark_kpi_unit",
          "variableValue": "%",
          "variables": [
            {
              "title": "benchmark_kpi_unit",
              "variableName": "benchmark_kpi_unit",
              "variableValue": "%"
            },
            {
              "title": "benchmark_kpi_txt",
              "variableName": "benchmark_kpi_txt",
              "variableValue": "UD Automation Rate"
            },
            {
              "title": "benchmark_kpi",
              "variableName": "benchmark_kpi",
              "variableValue": "KPI(\"Automation Rate\", VARIABLE(<%= To_Occ %>), VARIABLE(<%= AutomaticUserType %>))*100"
            }
          ]
        }
      ],
      "clickToFilter": true,
      "componentFilter": "",
      "contextMenuMethods": {
        "componentFilter": true,
        "copy": true,
        "deletable": true,
        "export": true,
        "fullscreen": true,
        "layers": true,
        "settings": true
      },
      "diagramBackground": false,
      "diagramBackgroundStyle": {
        "fillColor": "",
        "opacity": 1
      },
      "diagramBorder": true,
      "diagramBorderStyle": {
        "lineColor": "#e9e9e9",
        "lineOpacity": 1,
        "lineWidth": 1
      },
      "feedbackMode": false,
      "filteringSelf": true,
      "hasBackground": true,
      "hasHoverbuttons": false,
      "height": 2,
      "id": "d90f224d-69b9-45ae-a5f0-ff9cb808d055",
      "inputType": "Manual Input",
      "loadEntries": {
        "formula": {
          "text": "<%= benchmark_dim %>"
        },
        "isMultiSelect": false,
        "preview": "'Value'",
        "variableName": "benchmark_01",
        "wrappingCharEnd": "'",
        "wrappingCharStart": "'"
      },
      "maximized": false,
      "selection": [],
      "showHeader": true,
      "title": "",
      "titleStyle": {
        "currentFontSize": {
          "name": "x-large 17px",
          "value": 17
        },
        "fontSize": 17
      },
      "toolBorder": false,
      "type": "button_dropdown",
      "vertical": false,
      "width": 18,
      "x": 1,
      "y": 37,
      "zIndex": 34
    },
    {
      "allowDataLink": false,
      "axis0": [
        {
          "function": {
            "DATE": true,
            "displayName": "Round Day",
            "example": "2015-02-22",
            "name": "Round_Day",
            "valueFormat": "%Y-%m-%d"
          },
          "meta": {
            "columnName": "#{Creation Date}",
            "columnType": "string",
            "expressionLhs": "'CW ' || RIGHT ( YEAR ( \"AUFK\".\"ERDAT\" ) || '/' , 3 ) || RIGHT ( '0' || CALENDAR_WEEK ( \"AUFK\".\"ERDAT\" ) , 2 ) AS \"#{Creation Date}\" FORMAT \"%Y-%m-%d\"",
            "format": "%Y-%m-%d"
          },
          "name": "#{Creation Date}",
          "sorting": "ASC",
          "sortingIndex": 0,
          "text": "KPI(<%= dat_dim_overview %>, \"AUFK\".\"ERDAT\")",
          "translatedName": "Creation Date",
          "type": "dimension",
          "valueFormat": "%Y-%m-%d"
        }
      ],
      "axis0Config": {
        "autoTickCount": true,
        "axisLabelStyle": {
          "backgroundColor": "",
          "borderColor": "",
          "currentFontSize": {
            "name": "x-small 11px",
            "value": 11
          },
          "fontColor": "",
          "fontSize": 11
        },
        "axisLineStyle": {
          "color": "#6FA7D1",
          "lineColor": "",
          "lineOpacity": 1,
          "lineWidth": 1,
          "opacityInDec": 100
        },
        "axisTitleStyle": {
          "backgroundColor": "",
          "borderColor": "",
          "currentFontSize": {
            "name": "small 13px",
            "value": 13
          },
          "fontColor": "",
          "fontSize": 13
        },
        "gapWidth": 0.45,
        "gridlineStyle": {
          "color": "#6FA7D1",
          "lineColor": "",
          "lineOpacity": 1,
          "lineWidth": 1,
          "opacityInDec": 100
        },
        "seriesOverlap": 0.45,
        "showAxis": true,
        "showAxisLabels": true,
        "showTickLines": true
      },
      "axis1": [],
      "axis1Config": {
        "autoTickCount": true,
        "axisLabelStyle": {
          "backgroundColor": "",
          "borderColor": "",
          "currentFontSize": {
            "name": "x-small 11px",
            "value": 11
          },
          "fontColor": "",
          "fontSize": 11
        },
        "axisLineStyle": {
          "color": "#6FA7D1",
          "lineColor": "",
          "lineOpacity": 0.8,
          "lineWidth": 1,
          "opacityInDec": 80
        },
        "axisTitleStyle": {
          "backgroundColor": "",
          "borderColor": "",
          "currentFontSize": {
            "name": "small 13px",
            "value": 13
          },
          "fontColor": "",
          "fontSize": 13
        },
        "boundsMin": 0,
        "boundsMode": "MANUAL",
        "fillStyle": {
          "opacity": 1
        },
        "gridlineStyle": {
          "color": "#6FA7D1",
          "lineColor": "#e4e4e4",
          "lineOpacity": 1,
          "lineWidth": 1,
          "opacityInDec": 100
        },
        "seriesColor": "",
        "seriesPalette": "",
        "showAxis": true,
        "showAxisLabels": true,
        "showGridlines": true,
        "showTickLines": true
      },
      "axis2": [
        {
          "alternativeType": "column",
          "dataLabelStyle": {
            "backgroundColor": "",
            "borderColor": "",
            "fontColor": ""
          },
          "dataLabelsPosition": "custom",
          "fillStyle": {
            "opacity": 1
          },
          "function": {
            "name": "COUNT_TABLE"
          },
          "ignoreSeriesPalettes": false,
          "legendMarkerColor": "#2D0028",
          "lineStyle": {
            "lineOpacity": 1,
            "lineWidth": 4,
            "opacityInDec": 100
          },
          "meta": {
            "columnName": "#{# Process Orders}",
            "columnType": "int",
            "expressionLhs": null,
            "format": ",f"
          },
          "name": "#{<%= benchmark_kpi_txt %>}",
          "noFunction": true,
          "ratioFormula": {},
          "secondaryAxis": false,
          "seriesColor": "#<%= Company_Color1 %>",
          "seriesColorMapping": "",
          "seriesPalette": "",
          "showDataLabels": true,
          "showMarkers": true,
          "spline": false,
          "styles": {
            "left": "0px",
            "position": "absolute",
            "right": "4px",
            "top": "0px"
          },
          "text": "<%= benchmark_kpi %>",
          "textColor": "",
          "textColorMapping": "",
          "translatedName": "# Process Orders",
          "type": "INTEGER",
          "units": " <%= benchmark_kpi_unit %>",
          "valueFormat": ",f"
        }
      ],
      "axis2Config": {
        "autoTickCount": false,
        "axisLabelStyle": {
          "backgroundColor": "",
          "borderColor": "",
          "fontColor": ""
        },
        "axisLineStyle": {
          "color": "#6FA7D1",
          "lineColor": "",
          "lineOpacity": 1,
          "lineWidth": 1,
          "opacityInDec": 100
        },
        "axisTitleStyle": {
          "backgroundColor": "",
          "borderColor": "",
          "currentFontSize": {
            "name": "small 13px",
            "value": 13
          },
          "fontColor": "",
          "fontSize": 13
        },
        "boundsMax": 0.6,
        "boundsMin": 0,
        "boundsMode": "AUTO",
        "fillStyle": {
          "opacity": 1
        },
        "gridlineStyle": {
          "color": "#6FA7D1",
          "lineColor": "",
          "lineOpacity": 1,
          "lineWidth": 1,
          "opacityInDec": 100
        },
        "seriesColor": "",
        "showAxis": true,
        "showAxisLabels": true,
        "showAxisTitle": false,
        "showTickLines": false
      },
      "backgroundColor": "#ffffff",
      "border": false,
      "chartType": "column",
      "clickToFilter": true,
      "componentFilter": "FILTER <%= benchmark_dim %> = <%= benchmark_02 %>;",
      "contextMenuMethods": {
        "componentFilter": true,
        "copy": true,
        "deletable": true,
        "export": true,
        "fullscreen": true,
        "layers": true,
        "settings": true
      },
      "dataLabelsPositions": [
        "top",
        "middle",
        "bottom",
        "custom"
      ],
      "diagramBackground": false,
      "diagramBackgroundStyle": {
        "fillColor": "",
        "opacity": 1
      },
      "diagramBorder": true,
      "diagramBorderStyle": {
        "color": "#6FA7D1",
        "lineColor": "#cccccc",
        "lineOpacity": 1,
        "lineWidth": 1,
        "opacityInDec": 100
      },
      "distinct": true,
      "feedbackMode": false,
      "filteringSelf": true,
      "hasBackground": true,
      "hasHoverbuttons": false,
      "height": 10,
      "hoverButtonFixed": false,
      "hoverButtonPosition": "RIGHT",
      "id": "8a45a8bd-108d-4f9c-9872-1934b7707a5e",
      "legendFontStyle": {
        "backgroundColor": "",
        "borderColor": "",
        "currentFontSize": {
          "name": "x-small 11px",
          "value": 11
        },
        "fontColor": "",
        "fontSize": 11
      },
      "legendOverlay": false,
      "legendPosition": "bc",
      "legendShow": false,
      "limitMode": "SCROLL",
      "limitNumber": 18,
      "maximized": false,
      "multisort": true,
      "pinScrollbarRight": true,
      "positionLines": [
        {
          "formula": {
            "text": ""
          },
          "isSecondary": false,
          "labelPosition": 1,
          "lineConfig": {},
          "name": "Position Line",
          "positionLineFormat": {
            "color": "#6FA7D1",
            "lineColor": "#777",
            "lineOpacity": 1,
            "lineStyle": "dotted",
            "lineWidth": 1,
            "opacityInDec": 100
          }
        }
      ],
      "selection": [],
      "seriesColor": "",
      "showHeader": true,
      "showOthers": false,
      "showTitle": true,
      "textStyle": {
        "currentFontSize": {
          "name": "medium 14px",
          "value": 14
        },
        "fontSize": 14
      },
      "title": "",
      "titleStyle": {
        "backgroundColor": "#eaeaea",
        "bold": true,
        "borderColor": "",
        "currentFontSize": {
          "name": "medium 14px",
          "value": 14
        },
        "fontColor": "#<%= Company_Color1 %>",
        "fontSize": 14
      },
      "toolBorder": false,
      "tooltips": true,
      "type": "pql-table",
      "unfilteredInput": false,
      "vertical": false,
      "width": 38,
      "x": 61,
      "y": 39,
      "zIndex": 18
    },
    {
      "allowDataLink": false,
      "backgroundColor": "#ffffff",
      "border": false,
      "buttonTitle": "Select Time Unit: <%= dat_dim_overview %>",
      "buttons": [
        {
          "action": "setVariable",
          "backgroundColor": "",
          "buttonTitle": "Daily",
          "titleStyle": {
            "fontColor": ""
          },
          "variableName": "dat_dim_overview",
          "variableValue": "Daily",
          "variables": [
            {
              "title": "dat_dim_overview",
              "variableName": "dat_dim_overview",
              "variableValue": "Daily"
            }
          ]
        },
        {
          "action": "setVariable",
          "backgroundColor": "",
          "buttonTitle": "Weekly (CW)",
          "titleStyle": {
            "fontColor": ""
          },
          "variableName": "dat_dim_overview",
          "variableValue": "Weekly",
          "variables": [
            {
              "title": "dat_dim_overview",
              "variableName": "dat_dim_overview",
              "variableValue": "Weekly"
            }
          ]
        },
        {
          "action": "setVariable",
          "backgroundColor": "",
          "buttonTitle": "Monthly",
          "titleStyle": {
            "fontColor": ""
          },
          "variableName": "dat_dim_overview",
          "variableValue": "Monthly",
          "variables": [
            {
              "title": "dat_dim_overview",
              "variableName": "dat_dim_overview",
              "variableValue": "Monthly"
            }
          ]
        }
      ],
      "clickToFilter": true,
      "componentFilter": "",
      "contextMenuMethods": {
        "componentFilter": true,
        "copy": true,
        "deletable": true,
        "export": true,
        "fullscreen": true,
        "layers": true,
        "settings": true
      },
      "diagramBackground": false,
      "diagramBackgroundStyle": {
        "fillColor": "",
        "opacity": 1
      },
      "diagramBorder": true,
      "diagramBorderStyle": {
        "lineColor": "#e9e9e9",
        "lineOpacity": 1,
        "lineWidth": 1
      },
      "feedbackMode": false,
      "filteringSelf": true,
      "hasBackground": true,
      "hasHoverbuttons": false,
      "height": 2,
      "id": "0195a2a8-fdd5-40b3-a9a3-6a9647d1770e",
      "inputType": "Manual Input",
      "loadEntries": {
        "formula": {
          "text": ""
        },
        "isMultiSelect": true,
        "preview": "Value1 Value2"
      },
      "maximized": false,
      "selection": [],
      "showHeader": true,
      "title": "",
      "titleStyle": {
        "currentFontSize": {
          "name": "x-large 17px",
          "value": 17
        },
        "fontSize": 17
      },
      "toolBorder": false,
      "type": "button_dropdown",
      "vertical": false,
      "width": 15,
      "x": 84,
      "y": 37,
      "zIndex": 30
    },
    {
      "allowDataLink": false,
      "backgroundColor": "#ffffff",
      "border": false,
      "clickToFilter": true,
      "componentFilter": "",
      "contextMenuMethods": {
        "componentFilter": true,
        "copy": true,
        "deletable": true,
        "export": true,
        "fullscreen": true,
        "layers": true,
        "settings": true
      },
      "diagramBackground": false,
      "diagramBackgroundStyle": {
        "fillColor": "",
        "opacity": 1
      },
      "diagramBorder": false,
      "diagramBorderStyle": {
        "lineColor": "#e9e9e9",
        "lineOpacity": 1,
        "lineWidth": 1
      },
      "feedbackMode": false,
      "filteringSelf": true,
      "formulas": [],
      "hasBackground": true,
      "hasHoverbuttons": false,
      "height": 2,
      "id": "c9fbcf38-86cc-431c-b2fc-31a7a512ed63",
      "maximized": false,
      "selection": [],
      "showHeader": true,
      "text": "[center][b][size=17][color=#1b1b1b]# Process Orders[/color][/size][/b][/center]",
      "title": "",
      "titleStyle": {
        "currentFontSize": {
          "name": "x-large 17px",
          "value": 17
        },
        "fontSize": 17
      },
      "toolBorder": false,
      "type": "text",
      "vertical": false,
      "width": 18,
      "x": 41,
      "y": 28,
      "zIndex": 27
    },
    {
      "allowDataLink": false,
      "backgroundColor": "#ffffff",
      "border": false,
      "clickToFilter": true,
      "componentFilter": "",
      "contextMenuMethods": {
        "componentFilter": true,
        "copy": true,
        "deletable": true,
        "export": true,
        "fullscreen": true,
        "layers": true,
        "settings": true
      },
      "diagramBackground": false,
      "diagramBackgroundStyle": {
        "fillColor": "",
        "opacity": 1
      },
      "diagramBorder": false,
      "diagramBorderStyle": {
        "lineColor": "#e9e9e9",
        "lineOpacity": 1,
        "lineWidth": 1
      },
      "feedbackMode": false,
      "filteringSelf": true,
      "formulas": [],
      "hasBackground": true,
      "hasHoverbuttons": false,
      "height": 2,
      "id": "ddca5a63-9093-42a8-a60b-4c1dc1922b3c",
      "maximized": false,
      "selection": [],
      "showHeader": true,
      "text": "[center][b][size=17][color=#1b1b1b]GR to UD - Throughput Time[/color][/size][/b][/center]",
      "title": "",
      "titleStyle": {
        "currentFontSize": {
          "name": "x-large 17px",
          "value": 17
        },
        "fontSize": 17
      },
      "toolBorder": false,
      "type": "text",
      "vertical": false,
      "width": 18,
      "x": 41,
      "y": 38,
      "zIndex": 28
    },
    {
      "allowDataLink": false,
      "backgroundColor": "#ffffff",
      "border": false,
      "clickToFilter": true,
      "componentFilter": "",
      "contextMenuMethods": {
        "componentFilter": true,
        "copy": true,
        "deletable": true,
        "export": true,
        "fullscreen": true,
        "layers": true,
        "settings": true
      },
      "diagramBackground": false,
      "diagramBackgroundStyle": {
        "fillColor": "",
        "opacity": 1
      },
      "diagramBorder": false,
      "diagramBorderStyle": {
        "lineColor": "#e9e9e9",
        "lineOpacity": 1,
        "lineWidth": 1
      },
      "feedbackMode": false,
      "filteringSelf": true,
      "formulas": [],
      "hasBackground": true,
      "hasHoverbuttons": false,
      "height": 2,
      "id": "91d1cb4d-9ae3-445e-9cec-533b2d3cf1a6",
      "maximized": false,
      "selection": [],
      "showHeader": true,
      "text": "[center][b][size=17][color=#1b1b1b]UD Automation Rate[/color][/size][/b][/center]",
      "title": "",
      "titleStyle": {
        "currentFontSize": {
          "name": "x-large 17px",
          "value": 17
        },
        "fontSize": 17
      },
      "toolBorder": false,
      "type": "text",
      "vertical": false,
      "width": 14,
      "x": 43,
      "y": 43,
      "zIndex": 29
    },
    {
      "allowDataLink": false,
      "backgroundColor": "#ffffff",
      "border": false,
      "clickToFilter": true,
      "componentFilter": "",
      "contextMenuMethods": {
        "componentFilter": true,
        "copy": true,
        "deletable": true,
        "export": true,
        "fullscreen": true,
        "layers": true,
        "settings": true
      },
      "diagramBackground": false,
      "diagramBackgroundStyle": {
        "fillColor": "",
        "opacity": 1
      },
      "diagramBorder": false,
      "diagramBorderStyle": {
        "lineColor": "#e9e9e9",
        "lineOpacity": 1,
        "lineWidth": 1
      },
      "feedbackMode": false,
      "filteringSelf": true,
      "formulas": [],
      "hasBackground": true,
      "hasHoverbuttons": false,
      "height": 2,
      "id": "2c620da5-06ba-4557-be9f-e3b67d05afc8",
      "maximized": false,
      "selection": [],
      "showHeader": true,
      "text": "[center][b][size=17][color=#1b1b1b]# Process Variants[/color][/size][/b][/center]",
      "title": "",
      "titleStyle": {
        "currentFontSize": {
          "name": "x-large 17px",
          "value": 17
        },
        "fontSize": 17
      },
      "toolBorder": false,
      "type": "text",
      "vertical": false,
      "width": 18,
      "x": 41,
      "y": 33,
      "zIndex": 28
    },
    {
      "allowDataLink": false,
      "backgroundColor": "#ffffff",
      "border": false,
      "clickToFilter": true,
      "componentFilter": "FILTER <%= benchmark_dim %> = <%= benchmark_02 %>;",
      "contextMenuMethods": {
        "componentFilter": true,
        "copy": true,
        "deletable": true,
        "export": true,
        "fullscreen": true,
        "layers": true,
        "settings": true
      },
      "diagramBackground": true,
      "diagramBackgroundStyle": {
        "fillColor": "#<%= Company_Color1%>",
        "opacity": 1
      },
      "diagramBorder": false,
      "diagramBorderStyle": {
        "lineColor": "#e9e9e9",
        "lineOpacity": 1,
        "lineWidth": 1
      },
      "feedbackMode": false,
      "filteringSelf": true,
      "formulas": [
        {
          "name": "Case count",
          "styles": {
            "left": "0px",
            "position": "absolute",
            "right": "4px",
            "top": "0px"
          },
          "text": "COUNT_TABLE(\"AFPO\")",
          "textColorMapping": "",
          "translatedName": "Case count",
          "valueFormat": ".3s"
        }
      ],
      "hasBackground": true,
      "hasHoverbuttons": false,
      "height": 2,
      "id": "17c86e81-40cf-4a7c-b489-93cb1694af8f",
      "maximized": false,
      "selection": [],
      "showHeader": true,
      "text": "[center][b][size=19][color=#ffffff]${Case count}[/color][/size][/b][/center]",
      "title": "",
      "titleStyle": {
        "currentFontSize": {
          "name": "x-large 17px",
          "value": 17
        },
        "fontSize": 17
      },
      "toolBorder": false,
      "type": "text",
      "vertical": false,
      "width": 7,
      "x": 50,
      "y": 30,
      "zIndex": 4
    },
    {
      "allowDataLink": false,
      "backgroundColor": "#ffffff",
      "border": false,
      "clickToFilter": true,
      "componentFilter": "FILTER <%= benchmark_dim %> = <%= benchmark_01 %>;",
      "contextMenuMethods": {
        "componentFilter": true,
        "copy": true,
        "deletable": true,
        "export": true,
        "fullscreen": true,
        "layers": true,
        "settings": true
      },
      "diagramBackground": true,
      "diagramBackgroundStyle": {
        "fillColor": "#c8852d",
        "opacity": 1
      },
      "diagramBorder": false,
      "diagramBorderStyle": {
        "lineColor": "#e9e9e9",
        "lineOpacity": 1,
        "lineWidth": 1
      },
      "feedbackMode": false,
      "filteringSelf": true,
      "formulas": [
        {
          "name": "Case count",
          "styles": {
            "left": "0px",
            "position": "absolute",
            "right": "4px",
            "top": "0px"
          },
          "text": "COUNT_TABLE(\"AFPO\")",
          "textColorMapping": "",
          "translatedName": "Case count",
          "valueFormat": ".3s"
        }
      ],
      "hasBackground": true,
      "hasHoverbuttons": false,
      "height": 2,
      "id": "32a3fa0f-59fc-464c-bc0f-62d08727e023",
      "maximized": false,
      "selection": [],
      "showHeader": true,
      "text": "[center][b][size=19][color=#ffffff]${Case count}\n[/color][/size][/b][/center]",
      "title": "",
      "titleStyle": {
        "currentFontSize": {
          "name": "x-large 17px",
          "value": 17
        },
        "fontSize": 17
      },
      "toolBorder": false,
      "type": "text",
      "vertical": false,
      "width": 7,
      "x": 43,
      "y": 30,
      "zIndex": 5
    },
    {
      "allowDataLink": false,
      "backgroundColor": "#ffffff",
      "border": false,
      "clickToFilter": true,
      "componentFilter": "FILTER <%= benchmark_dim %> = <%= benchmark_02 %>;",
      "contextMenuMethods": {
        "componentFilter": true,
        "copy": true,
        "deletable": true,
        "export": true,
        "fullscreen": true,
        "layers": true,
        "settings": true
      },
      "diagramBackground": true,
      "diagramBackgroundStyle": {
        "fillColor": "#<%= Company_Color1%>",
        "opacity": 1
      },
      "diagramBorder": false,
      "diagramBorderStyle": {
        "lineColor": "#e9e9e9",
        "lineOpacity": 1,
        "lineWidth": 1
      },
      "feedbackMode": false,
      "filteringSelf": true,
      "formulas": [
        {
          "name": "Number of variants",
          "styles": {
            "left": "0px",
            "position": "absolute",
            "right": "4px",
            "top": "240px"
          },
          "text": "COUNT(DISTINCT SHORTENED (VARIANT (\nCASE\nWHEN \"_CEL_PP_ACTIVITIES\".\"ACTIVITY_EN\" LIKE 'GI%' OR \"_CEL_PP_ACTIVITIES\".\"ACTIVITY_EN\" LIKE 'GR%' OR \"_CEL_PP_ACTIVITIES\".\"ACTIVITY_EN\" = 'Goods receipt' THEN NULL\nELSE \"_CEL_PP_ACTIVITIES\".\"ACTIVITY_EN\"\nEND)))",
          "textColorMapping": "",
          "translatedName": "Number of variants",
          "valueFormat": ",f"
        }
      ],
      "hasBackground": true,
      "hasHoverbuttons": false,
      "height": 2,
      "id": "9825469e-f8d4-4a12-ae75-99d0a0ac39b8",
      "maximized": false,
      "selection": [],
      "showHeader": true,
      "text": "[center][b][size=19][color=#ffffff]${Number of variants}[/color][/size][/b][/center]",
      "title": "",
      "titleStyle": {
        "currentFontSize": {
          "name": "x-large 17px",
          "value": 17
        },
        "fontSize": 17
      },
      "toolBorder": false,
      "type": "text",
      "vertical": false,
      "width": 7,
      "x": 50,
      "y": 35,
      "zIndex": 5
    },
    {
      "allowDataLink": false,
      "backgroundColor": "#ffffff",
      "border": false,
      "clickToFilter": true,
      "componentFilter": "FILTER <%= benchmark_dim %> = <%= benchmark_01 %>;",
      "contextMenuMethods": {
        "componentFilter": true,
        "copy": true,
        "deletable": true,
        "export": true,
        "fullscreen": true,
        "layers": true,
        "settings": true
      },
      "diagramBackground": true,
      "diagramBackgroundStyle": {
        "fillColor": "#c8852d",
        "opacity": 1
      },
      "diagramBorder": false,
      "diagramBorderStyle": {
        "lineColor": "#e9e9e9",
        "lineOpacity": 1,
        "lineWidth": 1
      },
      "feedbackMode": false,
      "filteringSelf": true,
      "formulas": [
        {
          "name": "Case count",
          "styles": {
            "left": "0px",
            "position": "absolute",
            "right": "4px",
            "top": "0px"
          },
          "text": "<%= statistic %>(KPI(\"Lead Time\", VARIABLE(HOURS), VARIABLE('Status: Delivered'), VARIABLE('Make Usage Decision'), VARIABLE(<%= From_Occ %>), VARIABLE(<%= To_Occ %>)))",
          "textColorMapping": "",
          "translatedName": "Case count",
          "units": " h",
          "valueFormat": ",f"
        }
      ],
      "hasBackground": true,
      "hasHoverbuttons": false,
      "height": 2,
      "id": "22f0abaf-9c5f-4289-8ce1-022ff8f3cdf1",
      "maximized": false,
      "selection": [],
      "showHeader": true,
      "text": "[center][b][size=19][color=#ffffff]${Case count}\n[/color][/size][/b][/center]",
      "title": "",
      "titleStyle": {
        "currentFontSize": {
          "name": "x-large 17px",
          "value": 17
        },
        "fontSize": 17
      },
      "toolBorder": false,
      "type": "text",
      "vertical": false,
      "width": 7,
      "x": 43,
      "y": 40,
      "zIndex": 6
    },
    {
      "allowDataLink": false,
      "backgroundColor": "#ffffff",
      "border": false,
      "clickToFilter": true,
      "componentFilter": "FILTER <%= benchmark_dim %> = <%= benchmark_02 %>;",
      "contextMenuMethods": {
        "componentFilter": true,
        "copy": true,
        "deletable": true,
        "export": true,
        "fullscreen": true,
        "layers": true,
        "settings": true
      },
      "diagramBackground": true,
      "diagramBackgroundStyle": {
        "fillColor": "#<%= Company_Color1%>",
        "opacity": 1
      },
      "diagramBorder": false,
      "diagramBorderStyle": {
        "lineColor": "#e9e9e9",
        "lineOpacity": 1,
        "lineWidth": 1
      },
      "feedbackMode": false,
      "filteringSelf": true,
      "formulas": [
        {
          "name": "Case count",
          "styles": {
            "left": "0px",
            "position": "absolute",
            "right": "4px",
            "top": "0px"
          },
          "text": "<%= statistic %>(KPI(\"Lead Time\", VARIABLE(HOURS), VARIABLE('Status: Delivered'), VARIABLE('Make Usage Decision'), VARIABLE(<%= From_Occ %>), VARIABLE(<%= To_Occ %>)))",
          "textColorMapping": "",
          "translatedName": "Case count",
          "units": " h",
          "valueFormat": ",f"
        }
      ],
      "hasBackground": true,
      "hasHoverbuttons": false,
      "height": 2,
      "id": "e05148df-6f26-442f-9e77-e1202ab4ef1e",
      "maximized": false,
      "selection": [],
      "showHeader": true,
      "text": "[center][b][size=19][color=#ffffff]${Case count}[/color][/size][/b][/center]",
      "title": "",
      "titleStyle": {
        "currentFontSize": {
          "name": "x-large 17px",
          "value": 17
        },
        "fontSize": 17
      },
      "toolBorder": false,
      "type": "text",
      "vertical": false,
      "width": 7,
      "x": 50,
      "y": 40,
      "zIndex": 5
    },
    {
      "allowDataLink": false,
      "backgroundColor": "#ffffff",
      "border": false,
      "clickToFilter": true,
      "componentFilter": "FILTER <%= benchmark_dim %> = <%= benchmark_01 %>;",
      "contextMenuMethods": {
        "componentFilter": true,
        "copy": true,
        "deletable": true,
        "export": true,
        "fullscreen": true,
        "layers": true,
        "settings": true
      },
      "diagramBackground": true,
      "diagramBackgroundStyle": {
        "fillColor": "#c8852d",
        "opacity": 1
      },
      "diagramBorder": false,
      "diagramBorderStyle": {
        "lineColor": "#e9e9e9",
        "lineOpacity": 1,
        "lineWidth": 1
      },
      "feedbackMode": false,
      "filteringSelf": true,
      "formulas": [
        {
          "name": "#{Case count}",
          "styles": {
            "left": "0px",
            "position": "absolute",
            "right": "4px",
            "top": "0px"
          },
          "text": "KPI(\"Automation Rate\", VARIABLE(<%= To_Occ %>), VARIABLE(<%= AutomaticUserType %>))",
          "textColorMapping": "",
          "translatedName": "Case count",
          "valueFormat": "%"
        }
      ],
      "hasBackground": true,
      "hasHoverbuttons": false,
      "height": 2,
      "id": "263d9ac0-3399-4975-9950-596953ee9b2c",
      "maximized": false,
      "selection": [],
      "showHeader": true,
      "text": "[center][b][size=19][color=#ffffff]${#{Case count}}\n[/color][/size][/b][/center]",
      "title": "",
      "titleStyle": {
        "currentFontSize": {
          "name": "x-large 17px",
          "value": 17
        },
        "fontSize": 17
      },
      "toolBorder": false,
      "type": "text",
      "vertical": false,
      "width": 7,
      "x": 43,
      "y": 45,
      "zIndex": 6
    },
    {
      "allowDataLink": false,
      "backgroundColor": "#ffffff",
      "border": false,
      "clickToFilter": true,
      "componentFilter": "FILTER <%= benchmark_dim %> = <%= benchmark_02 %>;",
      "contextMenuMethods": {
        "componentFilter": true,
        "copy": true,
        "deletable": true,
        "export": true,
        "fullscreen": true,
        "layers": true,
        "settings": true
      },
      "diagramBackground": true,
      "diagramBackgroundStyle": {
        "fillColor": "#<%= Company_Color1%>",
        "opacity": 1
      },
      "diagramBorder": false,
      "diagramBorderStyle": {
        "lineColor": "#e9e9e9",
        "lineOpacity": 1,
        "lineWidth": 1
      },
      "feedbackMode": false,
      "filteringSelf": true,
      "formulas": [
        {
          "name": "Case count",
          "styles": {
            "left": "0px",
            "position": "absolute",
            "right": "4px",
            "top": "0px"
          },
          "text": "KPI(\"Automation Rate\", VARIABLE(<%= To_Occ %>), VARIABLE(<%= AutomaticUserType %>))",
          "textColorMapping": "",
          "translatedName": "Case count",
          "valueFormat": "%"
        }
      ],
      "hasBackground": true,
      "hasHoverbuttons": false,
      "height": 2,
      "id": "5d9895b8-af7c-40a9-a5a4-e0e1d868cf95",
      "maximized": false,
      "selection": [],
      "showHeader": true,
      "text": "[center][b][size=19][color=#ffffff]${Case count}[/color][/size][/b][/center]",
      "title": "",
      "titleStyle": {
        "currentFontSize": {
          "name": "x-large 17px",
          "value": 17
        },
        "fontSize": 17
      },
      "toolBorder": false,
      "type": "text",
      "vertical": false,
      "width": 7,
      "x": 50,
      "y": 45,
      "zIndex": 5
    },
    {
      "allowDataLink": false,
      "backgroundColor": "#ffffff",
      "border": false,
      "clickToFilter": true,
      "componentFilter": "",
      "contextMenuMethods": {
        "componentFilter": true,
        "copy": true,
        "deletable": true,
        "export": true,
        "fullscreen": true,
        "layers": true,
        "settings": true
      },
      "diagramBackground": true,
      "diagramBackgroundStyle": {
        "fillColor": "#ffffff",
        "opacity": 1
      },
      "diagramBorder": false,
      "diagramBorderStyle": {
        "lineColor": "#e9e9e9",
        "lineOpacity": 1,
        "lineWidth": 1
      },
      "feedbackMode": false,
      "filteringSelf": true,
      "formulas": [],
      "hasBackground": true,
      "hasHoverbuttons": false,
      "height": 2,
      "id": "a39ddfe1-831b-4bdf-9781-a760dd300294",
      "maximized": false,
      "selection": [],
      "showHeader": true,
      "text": "[center][color=#935800][b][size=19]Selected <%= benchmark_dim_txt %>: <%= benchmark_01 %>[/size][/b][/color][size=19]\n[/size][/center]",
      "title": "",
      "titleStyle": {
        "currentFontSize": {
          "name": "x-large 17px",
          "value": 17
        },
        "fontSize": 17
      },
      "toolBorder": false,
      "type": "text",
      "vertical": false,
      "width": 24,
      "x": 15,
      "y": 1,
      "zIndex": 3
    },
    {
      "allowDataLink": false,
      "backgroundColor": "#ffffff",
      "border": false,
      "clickToFilter": true,
      "componentFilter": "",
      "contextMenuMethods": {
        "componentFilter": true,
        "copy": true,
        "deletable": true,
        "export": true,
        "fullscreen": true,
        "layers": true,
        "settings": true
      },
      "diagramBackground": true,
      "diagramBackgroundStyle": {
        "fillColor": "#ffffff",
        "opacity": 1
      },
      "diagramBorder": false,
      "diagramBorderStyle": {
        "lineColor": "#e9e9e9",
        "lineOpacity": 1,
        "lineWidth": 1
      },
      "feedbackMode": false,
      "filteringSelf": true,
      "formulas": [],
      "hasBackground": true,
      "hasHoverbuttons": false,
      "height": 2,
      "id": "39ebe774-5b2f-47e0-af5d-d333b65df18f",
      "maximized": false,
      "selection": [],
      "showHeader": true,
      "text": "[center][b][color=#<%= Company_Color1 %>][size=19]Selected <%= benchmark_dim_txt %>: <%= benchmark_02 %>[/size][/color][/b][/center]",
      "title": "",
      "titleStyle": {
        "currentFontSize": {
          "name": "x-large 17px",
          "value": 17
        },
        "fontSize": 17
      },
      "toolBorder": false,
      "type": "text",
      "vertical": false,
      "width": 24,
      "x": 61,
      "y": 1,
      "zIndex": 4
    },
    {
      "allowDataLink": false,
      "backgroundColor": "#ffffff",
      "border": false,
      "clickToFilter": true,
      "componentFilter": "",
      "contextMenuMethods": {
        "componentFilter": true,
        "copy": true,
        "deletable": true,
        "export": true,
        "fullscreen": true,
        "layers": true,
        "settings": true
      },
      "diagramBackground": false,
      "diagramBackgroundStyle": {
        "fillColor": "",
        "opacity": 1
      },
      "diagramBorder": true,
      "diagramBorderStyle": {
        "lineColor": "#e9e9e9",
        "lineOpacity": 1,
        "lineWidth": 1
      },
      "documentId": "117cabc3-fd1d-4e5c-ade0-08f1a90af30f",
      "feedbackMode": false,
      "filteringSelf": true,
      "hasBackground": true,
      "hasHoverbuttons": false,
      "height": 6,
      "id": "2cf089e2-5d60-44f8-82b4-8b412585a904",
      "imageId": "abaa3fab-518f-47c8-beb9-10680c940cbb",
      "imageOptions": {
        "imagePosition": "cc",
        "selectedColor": ""
      },
      "imageUrl": null,
      "maximized": false,
      "selection": [],
      "showHeader": true,
      "title": "",
      "titleStyle": {
        "currentFontSize": {
          "name": "x-large 17px",
          "value": 17
        },
        "fontSize": 17
      },
      "toolBorder": false,
      "type": "image",
      "vertical": false,
      "width": 16,
      "x": 42,
      "y": 0,
      "zIndex": 35
    },
    {
      "allowDataLink": false,
      "backgroundColor": "#ffffff",
      "border": false,
      "clickToFilter": true,
      "componentFilter": "",
      "contextMenuMethods": {
        "componentFilter": true,
        "copy": true,
        "deletable": true,
        "export": true,
        "fullscreen": true,
        "layers": true,
        "settings": true
      },
      "diagramBackground": false,
      "diagramBackgroundStyle": {
        "fillColor": "",
        "opacity": 1
      },
      "diagramBorder": false,
      "diagramBorderStyle": {
        "lineColor": "#e9e9e9",
        "lineOpacity": 1,
        "lineWidth": 1
      },
      "feedbackMode": false,
      "filteringSelf": true,
      "formulas": [],
      "hasBackground": true,
      "hasHoverbuttons": false,
      "height": 3,
      "id": "2be1561d-1ab6-475a-a697-ffb0abf84968",
      "maximized": false,
      "selection": [],
      "showHeader": true,
      "text": "[center][b][color=#<%= Company_Color1 %>][size=21]Benchmarking[/size][/color][/b][/center]",
      "title": "",
      "titleStyle": {
        "currentFontSize": {
          "name": "x-large 17px",
          "value": 17
        },
        "fontSize": 17
      },
      "toolBorder": false,
      "type": "text",
      "vertical": false,
      "width": 14,
      "x": 43,
      "y": 7,
      "zIndex": 26
    },
    {
      "allowDataLink": false,
      "backgroundColor": "#ffffff",
      "border": false,
      "clickToFilter": true,
      "componentFilter": "",
      "contextMenuMethods": {
        "componentFilter": true,
        "copy": true,
        "deletable": true,
        "export": true,
        "fullscreen": true,
        "layers": true,
        "settings": true
      },
      "diagramBackground": true,
      "diagramBackgroundStyle": {
        "fillColor": "#eaeaea",
        "opacity": 1
      },
      "diagramBorder": false,
      "diagramBorderStyle": {
        "lineColor": "#e9e9e9",
        "lineOpacity": 1,
        "lineWidth": 1
      },
      "feedbackMode": false,
      "filteringSelf": true,
      "formulas": [],
      "hasBackground": true,
      "hasHoverbuttons": false,
      "height": 17,
      "id": "7d59fe24-9357-4a1a-854d-f44621e501da",
      "maximized": false,
      "selection": [],
      "showHeader": true,
      "text": "",
      "title": "",
      "titleStyle": {
        "currentFontSize": {
          "name": "x-large 17px",
          "value": 17
        },
        "fontSize": 17
      },
      "toolBorder": false,
      "type": "text",
      "vertical": false,
      "width": 18,
      "x": 41,
      "y": 10,
      "zIndex": 1
    },
    {
      "allowDataLink": false,
      "backgroundColor": "#<%= Company_Color2 %>",
      "border": false,
      "buttonTitle": "4. Select KPI: <%= benchmark_kpi_txt %>",
      "buttons": [
        {
          "action": "setVariable",
          "backgroundColor": "",
          "buttonTitle": "# Process Orders",
          "titleStyle": {
            "fontColor": ""
          },
          "variableName": "benchmark_kpi_unit",
          "variableValue": "#{ }",
          "variables": [
            {
              "title": "benchmark_kpi_unit",
              "variableName": "benchmark_kpi_unit",
              "variableValue": "#{ }"
            },
            {
              "title": "benchmark_kpi_txt",
              "variableName": "benchmark_kpi_txt",
              "variableValue": "# Process Orders"
            },
            {
              "title": "benchmark_kpi",
              "variableName": "benchmark_kpi",
              "variableValue": "COUNT_TABLE(\"AFPO\")"
            }
          ]
        },
        {
          "action": "setVariable",
          "backgroundColor": "",
          "buttonTitle": "GR to UD - Throughput Time",
          "titleStyle": {
            "fontColor": ""
          },
          "variableName": "benchmark_kpi_unit",
          "variableValue": "h",
          "variables": [
            {
              "title": "benchmark_kpi_unit",
              "variableName": "benchmark_kpi_unit",
              "variableValue": "h"
            },
            {
              "title": "benchmark_kpi_txt",
              "variableName": "benchmark_kpi_txt",
              "variableValue": "Throughput Time - GR to UD"
            },
            {
              "title": "benchmark_kpi",
              "variableName": "benchmark_kpi",
              "variableValue": "<%= statistic %>(KPI(\"Lead Time\", VARIABLE(HOURS), VARIABLE('Status: Delivered'), VARIABLE('Make Usage Decision'), VARIABLE(<%= From_Occ %>), VARIABLE(<%= To_Occ %>)))"
            }
          ]
        },
        {
          "action": "setVariable",
          "backgroundColor": "",
          "buttonTitle": "UD Automation Rate",
          "titleStyle": {
            "fontColor": ""
          },
          "variableName": "benchmark_kpi_unit",
          "variableValue": "%",
          "variables": [
            {
              "title": "benchmark_kpi_unit",
              "variableName": "benchmark_kpi_unit",
              "variableValue": "%"
            },
            {
              "title": "benchmark_kpi_txt",
              "variableName": "benchmark_kpi_txt",
              "variableValue": "UD Automation Rate"
            },
            {
              "title": "benchmark_kpi",
              "variableName": "benchmark_kpi",
              "variableValue": "KPI(\"Automation Rate\", VARIABLE(<%= To_Occ %>), VARIABLE(<%= AutomaticUserType %>))*100"
            }
          ]
        }
      ],
      "clickToFilter": true,
      "componentFilter": "",
      "contextMenuMethods": {
        "componentFilter": true,
        "copy": true,
        "deletable": true,
        "export": true,
        "fullscreen": true,
        "layers": true,
        "settings": true
      },
      "diagramBackground": false,
      "diagramBackgroundStyle": {
        "fillColor": "",
        "opacity": 1
      },
      "diagramBorder": true,
      "diagramBorderStyle": {
        "lineColor": "#e9e9e9",
        "lineOpacity": 1,
        "lineWidth": 1
      },
      "feedbackMode": false,
      "filteringSelf": true,
      "hasBackground": true,
      "hasHoverbuttons": false,
      "height": 2,
      "id": "57f9c5bb-960a-40ac-afdb-9963879c1c3f",
      "inputType": "Manual Input",
      "loadEntries": {
        "formula": {
          "text": "<%= benchmark_dim %>"
        },
        "isMultiSelect": false,
        "preview": "'Value'",
        "variableName": "benchmark_01",
        "wrappingCharEnd": "'",
        "wrappingCharStart": "'"
      },
      "maximized": false,
      "selection": [],
      "showHeader": true,
      "title": "",
      "titleStyle": {
        "currentFontSize": {
          "name": "x-large 17px",
          "value": 17
        },
        "fontSize": 17
      },
      "toolBorder": false,
      "type": "button_dropdown",
      "vertical": false,
      "width": 18,
      "x": 61,
      "y": 37,
      "zIndex": 35
    },
    {
      "allowDataLink": false,
      "backgroundColor": "#ffffff",
      "border": false,
      "clickToFilter": true,
      "componentFilter": "FILTER <%= benchmark_dim %> = <%= benchmark_01 %>;",
      "contextMenuMethods": {
        "componentFilter": true,
        "copy": true,
        "deletable": true,
        "export": true,
        "fullscreen": true,
        "layers": true,
        "settings": true
      },
      "diagramBackground": true,
      "diagramBackgroundStyle": {
        "fillColor": "#c8852d",
        "opacity": 1
      },
      "diagramBorder": false,
      "diagramBorderStyle": {
        "lineColor": "#e9e9e9",
        "lineOpacity": 1,
        "lineWidth": 1
      },
      "feedbackMode": false,
      "filteringSelf": true,
      "formulas": [
        {
          "name": "Number of variants",
          "styles": {
            "left": "0px",
            "position": "absolute",
            "right": "4px",
            "top": "240px"
          },
          "text": "COUNT(DISTINCT SHORTENED (VARIANT (\nCASE\nWHEN \"_CEL_PP_ACTIVITIES\".\"ACTIVITY_EN\" LIKE 'GI%' OR \"_CEL_PP_ACTIVITIES\".\"ACTIVITY_EN\" LIKE 'GR%' OR \"_CEL_PP_ACTIVITIES\".\"ACTIVITY_EN\" = 'Goods receipt' THEN NULL\nELSE \"_CEL_PP_ACTIVITIES\".\"ACTIVITY_EN\"\nEND)))",
          "textColorMapping": "",
          "translatedName": "Number of variants",
          "valueFormat": ",f"
        }
      ],
      "hasBackground": true,
      "hasHoverbuttons": false,
      "height": 2,
      "id": "78cfbde5-2b56-4407-b36b-8374123d83b2",
      "maximized": false,
      "selection": [],
      "showHeader": true,
      "text": "[center][b][size=19][color=#ffffff]${Number of variants}[/color][/size][/b][/center]",
      "title": "",
      "titleStyle": {
        "currentFontSize": {
          "name": "x-large 17px",
          "value": 17
        },
        "fontSize": 17
      },
      "toolBorder": false,
      "type": "text",
      "vertical": false,
      "width": 7,
      "x": 43,
      "y": 35,
      "zIndex": 7
    }
  ],
  "contentType": "blank-sheet",
  "format": "FULLSCREEN",
  "id": "e5e758a3-aba9-4c6a-b21a-920599d9ceed",
  "name": "Benchmark",
  "position": {
    "height": 804,
    "left": 0,
    "top": 0,
    "width": 1200
  },
  "sheetFilter": {
    "text": ""
  }
}