{
  "document": {
    "KPILibrary": [],
    "allowBpmnExport": true,
    "allowRawDataExport": true,
    "colorMappings": [
      {
        "id": "3e98a009-b77f-4045-b765-a4e920a10051",
        "name": "Sequence Cat",
        "thresholds": [
          {
            "color": "#b61608",
            "compare": "==",
            "formula": "Unwanted Sequence"
          },
          {
            "color": "#229a00",
            "compare": "==",
            "formula": "No unwanted Sequence"
          }
        ],
        "type": "series"
      },
      {
        "id": "0ba2f4d5-8a8e-4757-b6c7-33748c9b74da",
        "name": "Rework Cat",
        "thresholds": [
          {
            "color": "#b61608",
            "compare": "==",
            "formula": "Rework"
          },
          {
            "color": "#229a00",
            "compare": "==",
            "formula": "No Rework"
          }
        ],
        "type": "series"
      },
      {
        "id": "f71ec5c7-3c74-457f-92b7-565382c7d39f",
        "name": "Undesired Cat",
        "thresholds": [
          {
            "color": "#b61608",
            "compare": "==",
            "formula": "Undesired Activity"
          },
          {
            "color": "#229a00",
            "compare": "==",
            "formula": "No undesired Activity"
          }
        ],
        "type": "series"
      },
      {
        "id": "9af44a8f-09bf-4c39-ab2f-50bf37c08e36",
        "name": "Repeated Activities",
        "thresholds": [
          {
            "color": "#b61608",
            "compare": ">=",
            "formula": "0.8"
          },
          {
            "color": "#FF8B00",
            "compare": "<=",
            "formula": "0.8"
          },
          {
            "color": "#229a00",
            "compare": "<=",
            "formula": "0.3"
          }
        ],
        "type": "series"
      },
      {
        "id": "4d325510-c632-44ab-940b-6c4dd64c64c1",
        "name": "Lead Time",
        "thresholds": [
          {
            "color": "#c8484f",
            "compare": ">",
            "formula": "70"
          },
          {
            "color": "#FFB710",
            "compare": "<=",
            "formula": "70"
          },
          {
            "color": "#96ba55",
            "compare": "<=",
            "formula": "40"
          }
        ],
        "type": "series"
      },
      {
        "id": "4e5f7205-1263-45de-ae07-c07b43a2c302",
        "name": "Manual Rate",
        "thresholds": [
          {
            "color": "#96ba55",
            "compare": "<=",
            "formula": "0.2"
          },
          {
            "color": "#c8484f",
            "compare": ">=",
            "formula": "0.6"
          }
        ],
        "type": "series"
      },
      {
        "id": "d41ea015-14ca-4e79-a593-bc8f55cee966",
        "name": "Automation Rate",
        "thresholds": [
          {
            "color": "#c8484f",
            "compare": "<=",
            "formula": "0.2"
          },
          {
            "color": "#96ba55",
            "compare": ">",
            "formula": "0.6"
          }
        ],
        "type": "series"
      }
    ],
    "editMode": true,
    "id": "117cabc3-fd1d-4e5c-ade0-08f1a90af30f",
    "kpiViews": [
      {
        "activityKpi": {
          "id": "e9b1769f-aefa-46d2-b32e-739e0b9fc8bb",
          "name": "Automation",
          "text": "SUM(CASE WHEN \"_CEL_PP_ACTIVITIES\".\"USER_TYPE\" = 'B' OR \"_CEL_PP_ACTIVITIES\".\"USER_TYPE\" = 'C' OR \"_CEL_PP_ACTIVITIES\".\"USER_TYPE\" = 'S' THEN 1.0 ELSE 0.0 END)/SUM(CASE WHEN ISNULL(\"_CEL_PP_ACTIVITIES\".\"USER_TYPE\") = 0 THEN 1.0 ELSE 0.0 END)",
          "valueFormat": "%"
        },
        "activityKpis": [
          {
            "id": "e9b1769f-aefa-46d2-b32e-739e0b9fc8bb",
            "name": "Automation",
            "text": "AVG(CASE WHEN ISNULL(\"_CEL_PP_ACTIVITIES\".\"USER_TYPE\") = 1 THEN NULL \r\nWHEN \"_CEL_PP_ACTIVITIES\".\"USER_TYPE\" IN(<%=AutomaticUserType%>) THEN 1.0 ELSE 0.0 END)",
            "valueFormat": "%"
          }
        ],
        "connectionKpis": [],
        "edgesFormatting": {
          "colorThresholds": []
        },
        "icon": "icons/icon-percentage.svg",
        "id": "f269a2c9-5e37-4dc0-acfb-8865e0fa5815",
        "nodesFormatting": {
          "colorThresholds": [
            {
              "color": "#78B604",
              "compare": ">=",
              "formula": "0.66"
            },
            {
              "color": "#FF8B00",
              "compare": "<",
              "formula": "0.66"
            },
            {
              "color": "#D70A0A",
              "compare": "<=",
              "formula": "0.33"
            }
          ],
          "reversed": true
        },
        "title": "Automation"
      }
    ],
    "loadScript": "",
    "multiselectMode": false,
    "name": "03 - UD Lead Time",
    "palettes": [
      {
        "colors": [
          "#2D0028",
          "#C5DA00",
          "#A0C8F0",
          "#F2F3F2",
          "#3C4812"
        ],
        "custom": true,
        "id": "bd86ab47-9686-4722-b570-6c5ebea29a59",
        "type": "ordinal"
      },
      {
        "colors": [
          "#5BC6E6",
          "#003b5a",
          "#cccccc",
          "#96ba55",
          "#375c00"
        ],
        "custom": true,
        "id": "0a3b6dda-ed12-414a-99b4-1722b9a5d1c0",
        "type": "ordinal"
      },
      {
        "colors": [
          "#96ba55",
          "#003b5a",
          "#0094b7",
          "#4ec5e9",
          "#375c00",
          "#cccccc",
          "#bfe7ac"
        ],
        "custom": true,
        "id": "a98e6b58-a6ae-49d9-b3f7-75b5ba051e43",
        "type": "ordinal"
      }
    ],
    "preventVariants": false,
    "rawDataExportLimit": 20000,
    "rootCauseColumns": [
      "\"VBAK\".\"VKORG\"",
      "\"VBAK\".\"VKORG_TEXT\"",
      "\"VBAK\".\"BUKRS_TEXT\"",
      "\"VBAK\".\"AUART\"",
      "\"VBAK\".\"FKARA\"",
      "\"VBAK\".\"AUART_TEXT\"",
      "\"VBAK\".\"SPART\"",
      "\"VBAK\".\"SPART_TEXT\"",
      "\"VBAK\".\"VBTYP\"",
      "\"VBAK\".\"VBTYP_TEXT\"",
      "\"VBAK\".\"VTWEG\"",
      "\"VBAK\".\"VTWEG_TEXT\"",
      "\"VBAK\".\"BNAME\"",
      "\"VBAK\".\"BSARK\"",
      "\"VBAK\".\"LIFSK\"",
      "\"VBAK\".\"LIFSP_TEXT\"",
      "\"VBAK\".\"VPRGR\"",
      "\"VBAK\".\"KURST\"",
      "\"VBAP\".\"MATNR\"",
      "\"VBAP\".\"MATWA\"",
      "\"VBAP\".\"PMATN\"",
      "\"VBAP\".\"CHARG\"",
      "\"VBAP\".\"MATKL\"",
      "\"VBAP\".\"ARKTX\"",
      "\"VBAP\".\"PSTYV\"",
      "\"VBAP\".\"POSAR\"",
      "\"VBAP\".\"LFREL\"",
      "\"VBAP\".\"FKREL\"",
      "\"VBAP\".\"UEPOS\"",
      "\"VBAP\".\"GRPOS\"",
      "\"VBAP\".\"ABGRU\"",
      "\"VBAP\".\"PRODH\"",
      "\"VBAP\".\"ZIEME\"",
      "\"VBAP\".\"MEINS\"",
      "\"VBAP\".\"POSEX\"",
      "\"VBAP\".\"KDMAT\"",
      "\"VBAP\".\"VKGRU\"",
      "\"VBAP\".\"VKAUS\"",
      "\"VBAP\".\"GRKOR\"",
      "\"VBAP\".\"FMENG\"",
      "\"VBAP\".\"UEBTK\"",
      "\"VBAP\".\"FAKSP\"",
      "\"VBAP\".\"ATPKZ\"",
      "\"VBAP\".\"RKFKF\"",
      "\"VBAP\".\"SPART\"",
      "\"VBAP\".\"GSBER\"",
      "\"VBAP\".\"WAERK\"",
      "\"VBAP\".\"KZTLF\"",
      "\"VBAP\".\"CHSPL\"",
      "\"VBAP\".\"VRKME\"",
      "\"VBAP\".\"GEWEI\"",
      "\"VBAP\".\"VOLEH\"",
      "\"VBAP\".\"VBELV\"",
      "\"VBAP\".\"POSNV\"",
      "\"VBAP\".\"VGBEL\"",
      "\"VBAP\".\"VGPOS\"",
      "\"VBAP\".\"VOREF\"",
      "\"VBAP\".\"UPFLU\"",
      "\"VBAP\".\"ERLRE\"",
      "\"VBAP\".\"LPRIO\"",
      "\"VBAP\".\"WERKS\"",
      "\"VBAP\".\"LGORT\"",
      "\"VBAP\".\"VSTEL\"",
      "\"VBAP\".\"ROUTE\"",
      "\"VBAP\".\"STKEY\"",
      "\"VBAP\".\"STLNR\"",
      "\"VBAP\".\"AWAHR\"",
      "\"VBAP\".\"ERNAM\"",
      "\"VBAP\".\"TAXM1\"",
      "\"VBAP\".\"TAXM2\"",
      "\"VBAP\".\"TAXM3\"",
      "\"VBAP\".\"TAXM4\"",
      "\"VBAP\".\"TAXM5\"",
      "\"VBAP\".\"TAXM6\"",
      "\"VBAP\".\"TAXM7\"",
      "\"VBAP\".\"TAXM8\"",
      "\"VBAP\".\"TAXM9\"",
      "\"VBAP\".\"VGREF\"",
      "\"VBAP\".\"KMEIN\"",
      "\"VBAP\".\"SHKZG\"",
      "\"VBAP\".\"SKTOF\"",
      "\"VBAP\".\"MTVFP\"",
      "\"VBAP\".\"SUMBD\"",
      "\"VBAP\".\"KONDM\"",
      "\"VBAP\".\"KTGRM\"",
      "\"VBAP\".\"BONUS\"",
      "\"VBAP\".\"PROVG\"",
      "\"VBAP\".\"EANNR\"",
      "\"VBAP\".\"PRSOK\"",
      "\"VBAP\".\"BWTAR\"",
      "\"VBAP\".\"BWTEX\"",
      "\"VBAP\".\"XCHPF\"",
      "\"VBAP\".\"XCHAR\"",
      "\"VBAP\".\"STAFO\"",
      "\"VBAP\".\"EAN11\"",
      "\"VBAP\".\"FIXMG\"",
      "\"VBAP\".\"PRCTR\"",
      "\"VBAP\".\"MVGR1\"",
      "\"VBAP\".\"MVGR2\"",
      "\"VBAP\".\"MVGR3\"",
      "\"VBAP\".\"MVGR4\"",
      "\"VBAP\".\"MVGR5\"",
      "\"VBAP\".\"SUGRD\"",
      "\"VBAP\".\"SOBKZ\"",
      "\"VBAP\".\"VPZUO\"",
      "\"VBAP\".\"PAOBJNR\"",
      "\"VBAP\".\"PS_PSP_PNR\"",
      "\"VBAP\".\"AUFNR\"",
      "\"VBAP\".\"VPMAT\"",
      "\"VBAP\".\"VPWRK\"",
      "\"VBAP\".\"PRBME\"",
      "\"VBAP\".\"KNTTP\"",
      "\"VBAP\".\"KZVBR\"",
      "\"VBAP\".\"SERNR\"",
      "\"VBAP\".\"OBJNR\"",
      "\"VBAP\".\"ABGRS\"",
      "\"VBAP\".\"BEDAE\"",
      "\"VBAP\".\"CMTFG\"",
      "\"VBAP\".\"CMPNT\"",
      "\"VBAP\".\"CUOBJ\"",
      "\"VBAP\".\"CUOBJ_CH\"",
      "\"VBAP\".\"CEPOK\"",
      "\"VBAP\".\"KOUPD\"",
      "\"VBAP\".\"SERAIL\"",
      "\"VBAP\".\"NACHL\"",
      "\"VBAP\".\"MAGRV\"",
      "\"VBAP\".\"MPROK\"",
      "\"VBAP\".\"VGTYP\"",
      "\"VBAP\".\"PROSA\"",
      "\"VBAP\".\"UEPVW\"",
      "\"VBAP\".\"KALNR\"",
      "\"VBAP\".\"KLVAR\"",
      "\"VBAP\".\"SPOSN\"",
      "\"VBAP\".\"KOWRR\"",
      "\"VBAP\".\"EXART\"",
      "\"VBAP\".\"PREFE\"",
      "\"VBAP\".\"KNUMH\"",
      "\"VBAP\".\"CLINT\"",
      "\"VBAP\".\"CHMVS\"",
      "\"VBAP\".\"STLTY\"",
      "\"VBAP\".\"STLKN\"",
      "\"VBAP\".\"STPOZ\"",
      "\"VBAP\".\"STMAN\"",
      "\"VBAP\".\"ZSCHL_K\"",
      "\"VBAP\".\"KALSM_K\"",
      "\"VBAP\".\"KALVAR\"",
      "\"VBAP\".\"KOSCH\"",
      "\"VBAP\".\"UPMAT\"",
      "\"VBAP\".\"UKONM\"",
      "\"VBAP\".\"MFRGR\"",
      "\"VBAP\".\"PLAVO\"",
      "\"VBAP\".\"KANNR\"",
      "\"VBAP\".\"ABFOR\"",
      "\"VBAP\".\"J_1BCFOP\"",
      "\"VBAP\".\"J_1BTAXLW1\"",
      "\"VBAP\".\"J_1BTAXLW2\"",
      "\"VBAP\".\"J_1BTXSDC\"",
      "\"VBAP\".\"WKTNR\"",
      "\"VBAP\".\"WKTPS\"",
      "\"VBAP\".\"SKOPF\"",
      "\"VBAP\".\"KZBWS\"",
      "\"VBAP\".\"WGRU1\"",
      "\"VBAP\".\"WGRU2\"",
      "\"VBAP\".\"KNUMA_PI\"",
      "\"VBAP\".\"KNUMA_AG\"",
      "\"VBAP\".\"KZFME\"",
      "\"VBAP\".\"LSTANR\"",
      "\"VBAP\".\"TECHS\"",
      "\"VBAP\".\"BERID\"",
      "\"VBAP\".\"PCTRF\"",
      "\"VBAP\".\"LOGSYS_EXT\"",
      "\"VBAP\".\"J_1BTAXLW3\"",
      "\"VBAP\".\"J_1BTAXLW4\"",
      "\"VBAP\".\"J_1BTAXLW5\"",
      "\"VBAP\".\"STOCKLOC\"",
      "\"VBAP\".\"SLOCTYPE\"",
      "\"VBAP\".\"MSR_RET_REASON\"",
      "\"VBAP\".\"MSR_REFUND_CODE\"",
      "\"VBAP\".\"MSR_APPROV_BLOCK\"",
      "\"VBAP\".\"/BEV1/SRFUND\"",
      "\"VBAP\".\"AUFPL_OLC\"",
      "\"VBAP\".\"APLZL_OLC\"",
      "\"VBAP\".\"PLAUFZ\"",
      "\"VBAP\".\"PLAUEZ\"",
      "\"VBAP\".\"CONTNBR\"",
      "\"VBAP\".\"CONTITM\"",
      "\"VBAP\".\"AD01PROFNR\"",
      "\"VBAP\".\"ADMOI\"",
      "\"VBAP\".\"ADICC\"",
      "\"VBAP\".\"ADPRI\"",
      "\"VBAP\".\"SEL\"",
      "\"VBAP\".\"CCI\"",
      "\"VBAP\".\"SEN\"",
      "\"VBAP\".\"PSEL\"",
      "\"VBAP\".\"PCCI\"",
      "\"VBAP\".\"PSEN\"",
      "\"VBAP\".\"CAN\"",
      "\"VBAP\".\"ICY\"",
      "\"VBAP\".\"ITY\"",
      "\"VBAP\".\"KWD\"",
      "\"VBAP\".\"AGE\"",
      "\"VBAP\".\"SPQ\"",
      "\"VBAP\".\"PLT\"",
      "\"VBAP\".\"DMC\"",
      "\"VBAP\".\"MSQ\"",
      "\"VBAP\".\"PCA\"",
      "\"VBAP\".\"UDC\"",
      "\"VBAP\".\"SHM\"",
      "\"VBAP\".\"CAR\"",
      "\"VBAP\".\"SHF\"",
      "\"VBAP\".\"COP\"",
      "\"VBAP\".\"IPP\"",
      "\"VBAP\".\"SIN\"",
      "\"VBAP\".\"TRU\"",
      "\"VBAP\".\"AMN\"",
      "\"VBAP\".\"ECC\"",
      "\"VBAP\".\"DNO\"",
      "\"VBAP\".\"STATUS\"",
      "\"VBAP\".\"LABSG\"",
      "\"VBAP\".\"FABSG\"",
      "\"VBAP\".\"PR_L_L\"",
      "\"VBAP\".\"PR_F_F\"",
      "\"VBAP\".\"PR_F_L\"",
      "\"VBAP\".\"FERC_IND\"",
      "\"VBAP\".\"KOSTL\"",
      "\"VBAP\".\"FONDS\"",
      "\"VBAP\".\"FISTL\"",
      "\"VBAP\".\"FKBER\"",
      "\"VBAP\".\"GRANT_NBR\"",
      "\"VBAP\".\"BUDGET_PD\"",
      "\"VBAP\".\"FITLIST\"",
      "\"VBAP\".\"RULECHECK\"",
      "\"VBAP\".\"IUID_RELEVANT\"",
      "\"VBAP\".\"EQUNR\"",
      "\"VBAP\".\"EQART\"",
      "\"VBAP\".\"J_3GLVART\"",
      "\"VBAP\".\"J_3GBELNRI\"",
      "\"VBAP\".\"J_3GPOSNRI\"",
      "\"VBAP\".\"MILL_SE_GPOSN\"",
      "\"VBAP\".\"MILL_BATCH_SEL_F\"",
      "\"VBAP\".\"PRS_OBJNR\"",
      "\"VBAP\".\"SCNBR\"",
      "\"VBAP\".\"SCITEM\"",
      "\"VBAP\".\"SCMATNR\"",
      "\"VBAP\".\"PROFILE\"",
      "\"VBAP\".\"VARIANT\"",
      "\"VBAP\".\"VLCENDCU\"",
      "\"VBAP\".\"ARSNUM\"",
      "\"VBAP\".\"ARSPOS\"",
      "\"VBAP\".\"WTYSC_CLMITEM\"",
      "\"VBAP\".\"MATNR_TEXT\"",
      "\"VBAP\".\"MATKL_TEXT\"",
      "\"VBAP\".\"WERKS_TEXT\"",
      "\"VBAP\".\"LGORT_TEXT\"",
      "\"VBAP\".\"VSTEL_TEXT\"",
      "\"VBAP\".\"KTGRM_TEXT\"",
      "\"VBAP\".\"PSTYV_TEXT\"",
      "\"VBAP\".\"ABGRU_TEXT\"",
      "\"VBAP\".\"NRAB_KNUMH\"",
      "\"VBAP\".\"TRMRISK_RELEVANT\"",
      "\"VBAP\".\"SGT_RCAT\"",
      "\"VBAP\".\"HANDOVERLOC\"",
      "\"VBAP\".\"TC_AUT_DET\"",
      "\"VBAP\".\"MANUAL_TC_REASON\"",
      "\"VBAP\".\"FISCAL_INCENTIVE\"",
      "\"VBAP\".\"TAX_SUBJECT_ST\"",
      "\"VBAP\".\"FISCAL_INCENTIVE_ID\"",
      "\"VBAP\".\"SPCSTO\"",
      "\"VBAP\".\"REVACC_REFID\"",
      "\"VBAP\".\"REVACC_REFTYPE\"",
      "\"VBAP\".\"ADDNS\"",
      "\"VBAP\".\"ADACN\"",
      "\"VBAP\".\"FSH_SEASON_YEAR\"",
      "\"VBAP\".\"FSH_SEASON\"",
      "\"VBAP\".\"FSH_COLLECTION\"",
      "\"VBAP\".\"FSH_THEME\"",
      "\"VBAP\".\"FSH_CRSD\"",
      "\"VBAP\".\"FSH_SEAREF\"",
      "\"VBAP\".\"FSH_PSM_PFM_SPLIT\"",
      "\"VBAP\".\"FSH_VAS_REL\"",
      "\"VBAP\".\"FSH_VAS_PRNT_ID\"",
      "\"VBAP\".\"FSH_TRANSACTION\"",
      "\"VBAP\".\"FSH_ITEM_GROUP\"",
      "\"VBAP\".\"FSH_ITEM\"",
      "\"VBAP\".\"FSH_VASREF\"",
      "\"VBAP\".\"FSH_GRID_COND_REC\"",
      "\"VBAP\".\"FSH_PQR_UEPOS\"",
      "\"VBAP\".\"PRS_SD_SPSNR\"",
      "\"VBAP\".\"PRS_WORK_PERIOD\"",
      "\"VBAP\".\"TAS\"",
      "\"VBAP\".\"BETC\"",
      "\"VBAP\".\"MOD_ALLOW\"",
      "\"VBAP\".\"CANCEL_ALLOW\"",
      "\"VBAP\".\"PAY_METHOD\"",
      "\"VBAP\".\"BPN\"",
      "\"VBAP\".\"REP_FREQ\"",
      "\"VBAP\".\"FMFGUS_KEY\"",
      "\"VBAP\".\"PARGB\"",
      "\"VBAP\".\"AUFPL_OAA\"",
      "\"VBAP\".\"APLZL_OAA\"",
      "\"VBAP\".\"WRF_CHARSTC1\"",
      "\"VBAP\".\"WRF_CHARSTC2\"",
      "\"VBAP\".\"WRF_CHARSTC3\"",
      "\"VBAP\".\"ZZBEMOT\"",
      "\"VBAP\".\"ZEDI_POSEX\"",
      "\"VBAP\".\"ZEDI_ITMEX\"",
      "\"VBAP\".\"ZEDI_REFID\"",
      "\"KNA1\".\"NAME1\"",
      "\"KNA1\".\"VBUND\"",
      "\"VBEP\".\"ETENR\"",
      "\"VBEP\".\"LIFSP\"",
      "\"VBEP\".\"LIFSK_TEXT\"",
      "\"NAST\".\"NACHA\"",
      "\"NAST\".\"USNAM\"",
      "\"NAST\".\"NACHA_TEXT\"",
      "\"_CEL_PP_ACTIVITIES\".\"USER_NAME\"",
      "\"_CEL_PP_ACTIVITIES\".\"USER_TYPE\"",
      "\"_CEL_PP_ACTIVITIES\".\"CHANGED_TABLE\"",
      "\"_CEL_PP_ACTIVITIES\".\"CHANGED_FIELD\"",
      "\"_CEL_PP_ACTIVITIES\".\"CHANGED_FROM\"",
      "\"_CEL_PP_ACTIVITIES\".\"CHANGED_TO\"",
      "\"_CEL_PP_ACTIVITIES\".\"CHANGE_NUMBER\"",
      "\"_CEL_PP_ACTIVITIES\".\"TRANSACTION_CODE\"",
      "\"_CEL_PP_ACTIVITIES\".\"ACTIVITY_DE\"",
      "\"_CEL_PP_ACTIVITIES\".\"CHANGED_TABLE_TEXT_DE\"",
      "\"_CEL_PP_ACTIVITIES\".\"CHANGED_TABLE_TEXT_EN\"",
      "\"_CEL_PP_ACTIVITIES\".\"CHANGED_FIELD_TEXT_DE\"",
      "\"_CEL_PP_ACTIVITIES\".\"CHANGED_FIELD_TEXT_EN\""
    ],
    "showFiltersForViewers": true,
    "statelessLoadScript": "",
    "theme": "celonis_legacy",
    "translationMap": {}
  },
  "id": "c558709f-2d90-4c99-a9ee-2c2d979ea88d",
  "lastChangeDate": 1600370281411,
  "lastChangeUserId": "742fe3a6-6232-48a5-9500-ae61bb825c7f",
  "lastChangeUserName": "w.thich@celonis.com(Willy Thich)",
  "lockedUntilDate": 1600370401411,
  "sourceId": "721e70af-04c1-420a-a03d-ef4dd29c8f19",
  "title": null
}