{
  "components": [],
  "contentType": "process-explorer",
  "format": "FULLSCREEN",
  "id": "1f7118c4-751a-48db-a94b-92c37aa3dfa6",
  "name": "Process Explorer",
  "position": {
    "height": 804,
    "left": 0,
    "top": 0,
    "width": 1200
  },
  "processExplorerComponent": {
    "activityColumnRef": "\"_CEL_PP_ACTIVITIES\".\"ACTIVITY_EN\"",
    "activityConfigurations": [
      {
        "color": "#14a9d5",
        "fixedColor": "",
        "hidden": false,
        "name": "Change Scheduled Start Date"
      },
      {
        "color": "#14a9d5",
        "fixedColor": "",
        "hidden": false,
        "name": "Change Total Qty"
      },
      {
        "color": "#14a9d5",
        "fixedColor": "",
        "hidden": false,
        "name": "Create Process Order"
      },
      {
        "color": "#14a9d5",
        "fixedColor": "#FFB710",
        "hidden": false,
        "name": "Make Usage Decision"
      },
      {
        "color": "#14a9d5",
        "fixedColor": "",
        "hidden": false,
        "name": "Status: Closed"
      },
      {
        "color": "#14a9d5",
        "fixedColor": "",
        "hidden": false,
        "name": "Status: Closed (Inactive)"
      },
      {
        "color": "#14a9d5",
        "fixedColor": "",
        "hidden": false,
        "name": "Status: Confirmed"
      },
      {
        "color": "#14a9d5",
        "fixedColor": "",
        "hidden": false,
        "name": "Status: Confirmed (Inactive)"
      },
      {
        "color": "#14a9d5",
        "fixedColor": "",
        "hidden": false,
        "name": "Status: Deletion Flag"
      },
      {
        "color": "#14a9d5",
        "fixedColor": "",
        "hidden": false,
        "name": "Status: Deletion Flag (Inactive)"
      },
      {
        "color": "#14a9d5",
        "fixedColor": "#FFB710",
        "hidden": false,
        "name": "Status: Delivered"
      },
      {
        "color": "#14a9d5",
        "fixedColor": "",
        "hidden": false,
        "name": "Status: Delivered (Inactive)"
      },
      {
        "color": "#14a9d5",
        "fixedColor": "",
        "hidden": false,
        "name": "Status: Locked (Inactive)"
      },
      {
        "color": "#14a9d5",
        "fixedColor": "",
        "hidden": false,
        "name": "Status: Released"
      },
      {
        "color": "#14a9d5",
        "fixedColor": "",
        "hidden": false,
        "name": "Status: Technically completed"
      },
      {
        "color": "#14a9d5",
        "fixedColor": "",
        "hidden": false,
        "name": "Status: Technically completed (Inactive)"
      },
      {
        "color": "#14a9d5",
        "fixedColor": "",
        "hidden": false,
        "name": "Status: WIP to VAR"
      },
      {
        "color": "#14a9d5",
        "fixedColor": "",
        "hidden": false,
        "name": "Status: WIP to VAR (Inactive)"
      },
      {
        "color": "#14a9d5",
        "fixedColor": "",
        "hidden": false,
        "name": "Actual Start Time"
      },
      {
        "color": "#14a9d5",
        "fixedColor": "",
        "hidden": false,
        "name": "GI for order"
      },
      {
        "color": "#14a9d5",
        "fixedColor": "",
        "hidden": false,
        "name": "GR for acct. assgt."
      },
      {
        "color": "#14a9d5",
        "fixedColor": "",
        "hidden": false,
        "name": "Goods receipt"
      },
      {
        "color": "#14a9d5",
        "fixedColor": "",
        "hidden": false,
        "name": "Status: Locked"
      }
    ],
    "edgeSliderState": 1,
    "fullDotLayout": true,
    "groupsConfigurations": [],
    "hiddenActivities": {},
    "id": "PROCESS_EXPLORER",
    "kpiView": {
      "connectionKpi": {
        "colorEnd": "#1190b6",
        "colorStart": "#40c6ed",
        "id": "FREQUENCY",
        "name": "frequency",
        "text": "",
        "units": "",
        "valueFormat": ",f"
      },
      "connectionKpis": [
        {
          "colorEnd": "#1190b6",
          "colorStart": "#40c6ed",
          "id": "FREQUENCY",
          "name": "frequency",
          "text": "",
          "units": "",
          "valueFormat": ",f"
        }
      ],
      "icon": "icons/icon-frequency.svg",
      "id": "FREQUENCY",
      "inlineKpi": "caseCount",
      "title": "frequency"
    },
    "nodeSliderState": 0,
    "preventResize": true,
    "type": "simple_process",
    "version": 2
  },
  "sheetFilter": {
    "text": ""
  }
}