{
  "components": [
    {
      "allowDataLink": false,
      "backgroundColor": "#ffffff",
      "border": false,
      "clickToFilter": true,
      "componentFilter": "",
      "contextMenuMethods": {
        "componentFilter": true,
        "copy": true,
        "deletable": true,
        "export": true,
        "fullscreen": true,
        "layers": true,
        "settings": true
      },
      "diagramBackground": false,
      "diagramBackgroundStyle": {
        "fillColor": "",
        "opacity": 1
      },
      "diagramBorder": true,
      "diagramBorderStyle": {
        "lineColor": "#e9e9e9",
        "lineOpacity": 1,
        "lineWidth": 1
      },
      "feedbackMode": false,
      "filteringSelf": true,
      "hasBackground": true,
      "hasHoverbuttons": false,
      "height": 5,
      "id": "6c14fba3-95bf-4d5e-b366-9ea4985da2db",
      "maximized": false,
      "selection": [],
      "showHeader": true,
      "title": "",
      "titleStyle": {
        "currentFontSize": {
          "name": "x-large 17px",
          "value": 17
        },
        "fontSize": 17
      },
      "toolBorder": false,
      "type": "logo-component",
      "vertical": false,
      "width": 13,
      "x": 1,
      "y": 1,
      "zIndex": 26
    },
    {
      "allowDataLink": false,
      "backgroundColor": "#ffffff",
      "border": false,
      "clickToFilter": true,
      "componentFilter": "",
      "contextMenuMethods": {
        "componentFilter": true,
        "copy": true,
        "deletable": true,
        "export": true,
        "fullscreen": true,
        "layers": true,
        "settings": true
      },
      "diagramBackground": true,
      "diagramBackgroundStyle": {
        "fillColor": "#<%= Company_Color1 %>",
        "opacity": 1
      },
      "diagramBorder": false,
      "diagramBorderStyle": {
        "lineColor": "#e9e9e9",
        "lineOpacity": 1,
        "lineWidth": 1
      },
      "feedbackMode": false,
      "filteringSelf": true,
      "formulas": [],
      "hasBackground": true,
      "hasHoverbuttons": false,
      "height": 50,
      "id": "bf51c995-e009-4159-b316-f7c18db5bea1",
      "maximized": false,
      "selection": [],
      "showHeader": true,
      "text": "",
      "title": "",
      "titleStyle": {
        "currentFontSize": {
          "name": "x-large 17px",
          "value": 17
        },
        "fontSize": 17
      },
      "toolBorder": false,
      "type": "text",
      "vertical": false,
      "width": 15,
      "x": 0,
      "y": 0,
      "zIndex": 2
    },
    {
      "allowDataLink": false,
      "backgroundColor": "#ffffff",
      "border": false,
      "clickToFilter": true,
      "componentFilter": "",
      "contextMenuMethods": {
        "componentFilter": true,
        "copy": true,
        "deletable": true,
        "export": true,
        "fullscreen": true,
        "layers": true,
        "settings": true
      },
      "diagramBackground": false,
      "diagramBackgroundStyle": {
        "fillColor": "",
        "opacity": 1
      },
      "diagramBorder": true,
      "diagramBorderStyle": {
        "lineColor": "#e9e9e9",
        "lineOpacity": 1,
        "lineWidth": 1
      },
      "dropdownSettings": {
        "formula": {
          "text": "<%= Filter_Option1 %>"
        },
        "isMultiSelect": true
      },
      "dropdownText": "#{<%=Filter_Option1_Text%>}",
      "feedbackMode": false,
      "filteringSelf": true,
      "hasBackground": true,
      "hasHoverbuttons": false,
      "height": 2,
      "id": "900dedd3-fe7b-4b91-9a61-d9c87b84ef0c",
      "maximized": false,
      "selection": [],
      "showHeader": true,
      "title": "",
      "titleStyle": {
        "currentFontSize": {
          "name": "x-large 17px",
          "value": 17
        },
        "fontSize": 17
      },
      "toolBorder": false,
      "type": "dropdown",
      "vertical": false,
      "width": 13,
      "x": 1,
      "y": 21,
      "zIndex": 18
    },
    {
      "allowDataLink": false,
      "backgroundColor": "#ffffff",
      "border": false,
      "clickToFilter": true,
      "componentFilter": "",
      "contextMenuMethods": {
        "componentFilter": true,
        "copy": true,
        "deletable": true,
        "export": true,
        "fullscreen": true,
        "layers": true,
        "settings": true
      },
      "diagramBackground": false,
      "diagramBackgroundStyle": {
        "fillColor": "",
        "opacity": 1
      },
      "diagramBorder": true,
      "diagramBorderStyle": {
        "lineColor": "#e9e9e9",
        "lineOpacity": 1,
        "lineWidth": 1
      },
      "dropdownSettings": {
        "formula": {
          "text": "<%=Filter_Option2%>"
        },
        "isMultiSelect": true
      },
      "dropdownText": "<%=Filter_Option2_Text%>",
      "feedbackMode": false,
      "filteringSelf": true,
      "hasBackground": true,
      "hasHoverbuttons": false,
      "height": 2,
      "id": "1fa72aa7-d81c-4e00-8cba-580c3e804c41",
      "maximized": false,
      "selection": [],
      "showHeader": true,
      "title": "",
      "titleStyle": {
        "currentFontSize": {
          "name": "x-large 17px",
          "value": 17
        },
        "fontSize": 17
      },
      "toolBorder": false,
      "type": "dropdown",
      "vertical": false,
      "width": 13,
      "x": 1,
      "y": 36,
      "zIndex": 18
    },
    {
      "allowDataLink": false,
      "backgroundColor": "#ffffff",
      "border": false,
      "clickToFilter": true,
      "componentFilter": "",
      "contextMenuMethods": {
        "componentFilter": true,
        "copy": true,
        "deletable": true,
        "export": true,
        "fullscreen": true,
        "layers": true,
        "settings": true
      },
      "diagramBackground": false,
      "diagramBackgroundStyle": {
        "fillColor": "",
        "opacity": 1
      },
      "diagramBorder": true,
      "diagramBorderStyle": {
        "lineColor": "#e9e9e9",
        "lineOpacity": 1,
        "lineWidth": 1
      },
      "dropdownSettings": {
        "formula": {
          "text": "<%=Filter_Option3%>"
        },
        "isMultiSelect": true
      },
      "dropdownText": "<%=Filter_Option3_Text%>",
      "feedbackMode": false,
      "filteringSelf": true,
      "hasBackground": true,
      "hasHoverbuttons": false,
      "height": 2,
      "id": "41e9f1d1-4948-4452-98c4-07f79b00a8ab",
      "maximized": false,
      "selection": [],
      "showHeader": true,
      "title": "",
      "titleStyle": {
        "currentFontSize": {
          "name": "x-large 17px",
          "value": 17
        },
        "fontSize": 17
      },
      "toolBorder": false,
      "type": "dropdown",
      "vertical": false,
      "width": 13,
      "x": 1,
      "y": 40,
      "zIndex": 18
    },
    {
      "allowDataLink": false,
      "backgroundColor": "#ffffff",
      "border": false,
      "clickToFilter": true,
      "componentFilter": "",
      "contextMenuMethods": {
        "componentFilter": true,
        "copy": true,
        "deletable": true,
        "export": true,
        "fullscreen": true,
        "layers": true,
        "settings": true
      },
      "diagramBackground": false,
      "diagramBackgroundStyle": {
        "fillColor": "",
        "opacity": 1
      },
      "diagramBorder": false,
      "diagramBorderStyle": {
        "lineColor": "#e9e9e9",
        "lineOpacity": 1,
        "lineWidth": 1
      },
      "feedbackMode": false,
      "filteringSelf": true,
      "formulas": [],
      "hasBackground": true,
      "hasHoverbuttons": false,
      "height": 2,
      "id": "a3b0713d-5be1-44c7-bd4d-1487fed92f12",
      "maximized": false,
      "selection": [],
      "showHeader": true,
      "text": "[b][color=#<%= Company_Color2 %>]Filter by:[/color][/b]",
      "title": "",
      "titleStyle": {
        "currentFontSize": {
          "name": "x-large 17px",
          "value": 17
        },
        "fontSize": 17
      },
      "toolBorder": false,
      "type": "text",
      "vertical": false,
      "width": 13,
      "x": 1,
      "y": 11,
      "zIndex": 8
    },
    {
      "allowDataLink": false,
      "backgroundColor": "#ffffff",
      "border": false,
      "clickToFilter": true,
      "componentFilter": "",
      "contextMenuMethods": {
        "componentFilter": true,
        "copy": true,
        "deletable": true,
        "export": true,
        "fullscreen": true,
        "layers": true,
        "settings": true
      },
      "diagramBackground": false,
      "diagramBackgroundStyle": {
        "fillColor": "",
        "opacity": 1
      },
      "diagramBorder": false,
      "diagramBorderStyle": {
        "lineColor": "#e9e9e9",
        "lineOpacity": 1,
        "lineWidth": 1
      },
      "feedbackMode": false,
      "filteringSelf": true,
      "formulas": [],
      "hasBackground": true,
      "hasHoverbuttons": false,
      "height": 3,
      "id": "67cc7a55-6f16-4e27-8638-3d5f27a8c9b0",
      "maximized": false,
      "selection": [],
      "showHeader": true,
      "text": "[center][b][size=19][color=#<%= Company_Color2 %>]Scheduled Dates Change[/color][/size][/b][/center]",
      "title": "",
      "titleStyle": {
        "currentFontSize": {
          "name": "x-large 17px",
          "value": 17
        },
        "fontSize": 17
      },
      "toolBorder": false,
      "type": "text",
      "vertical": false,
      "width": 13,
      "x": 1,
      "y": 8,
      "zIndex": 24
    },
    {
      "allowDataLink": false,
      "backgroundColor": "#ffffff",
      "border": false,
      "clickToFilter": true,
      "componentFilter": "",
      "contextMenuMethods": {
        "componentFilter": true,
        "copy": true,
        "deletable": true,
        "export": true,
        "fullscreen": true,
        "layers": true,
        "settings": true
      },
      "diagramBackground": false,
      "diagramBackgroundStyle": {
        "fillColor": "",
        "opacity": 1
      },
      "diagramBorder": true,
      "diagramBorderStyle": {
        "lineColor": "#e9e9e9",
        "lineOpacity": 1,
        "lineWidth": 1
      },
      "dropdownSettings": {
        "formula": {
          "text": "<%=Filter_Option04%>"
        },
        "isMultiSelect": true
      },
      "dropdownText": "#{<%=Filter_Option04_Text%>}",
      "feedbackMode": false,
      "filteringSelf": true,
      "hasBackground": true,
      "hasHoverbuttons": false,
      "height": 2,
      "id": "71a04d60-5c48-4b94-aae9-ac5d5826c059",
      "maximized": false,
      "selection": [],
      "showHeader": true,
      "title": "",
      "titleStyle": {
        "currentFontSize": {
          "name": "x-large 17px",
          "value": 17
        },
        "fontSize": 17
      },
      "toolBorder": false,
      "type": "dropdown",
      "vertical": false,
      "width": 13,
      "x": 1,
      "y": 32,
      "zIndex": 24
    },
    {
      "allowDataLink": false,
      "backgroundColor": "#ffffff",
      "border": false,
      "clickToFilter": true,
      "componentFilter": "",
      "contextMenuMethods": {
        "componentFilter": true,
        "copy": true,
        "deletable": true,
        "export": true,
        "fullscreen": true,
        "layers": true,
        "settings": true
      },
      "diagramBackground": false,
      "diagramBackgroundStyle": {
        "fillColor": "",
        "opacity": 1
      },
      "diagramBorder": true,
      "diagramBorderStyle": {
        "lineColor": "#e9e9e9",
        "lineOpacity": 1,
        "lineWidth": 1
      },
      "dropdownSettings": {
        "formula": {
          "text": "<%=Filter_Option05%>"
        },
        "isMultiSelect": true
      },
      "dropdownText": "#{<%=Filter_Option05_Text%>}",
      "feedbackMode": false,
      "filteringSelf": true,
      "hasBackground": true,
      "hasHoverbuttons": false,
      "height": 2,
      "id": "81b4f1ac-f425-4854-97f5-43364732d896",
      "maximized": false,
      "selection": [],
      "showHeader": true,
      "title": "",
      "titleStyle": {
        "currentFontSize": {
          "name": "x-large 17px",
          "value": 17
        },
        "fontSize": 17
      },
      "toolBorder": false,
      "type": "dropdown",
      "vertical": false,
      "width": 13,
      "x": 1,
      "y": 34,
      "zIndex": 19
    },
    {
      "allowDataLink": false,
      "backgroundColor": "#ffffff",
      "border": false,
      "clickToFilter": true,
      "componentFilter": "",
      "contextMenuMethods": {
        "componentFilter": true,
        "copy": true,
        "deletable": true,
        "export": true,
        "fullscreen": true,
        "layers": true,
        "settings": true
      },
      "diagramBackground": false,
      "diagramBackgroundStyle": {
        "fillColor": "",
        "opacity": 1
      },
      "diagramBorder": true,
      "diagramBorderStyle": {
        "lineColor": "#e9e9e9",
        "lineOpacity": 1,
        "lineWidth": 1
      },
      "dropdownSettings": {
        "formula": {
          "text": "<%=Filter_Option06%>"
        },
        "isMultiSelect": true
      },
      "dropdownText": "#{<%=Filter_Option06_Text%>}",
      "feedbackMode": false,
      "filteringSelf": true,
      "hasBackground": true,
      "hasHoverbuttons": false,
      "height": 2,
      "id": "031601b7-941a-4948-841a-a7f8b7932ee0",
      "maximized": false,
      "selection": [],
      "showHeader": true,
      "title": "",
      "titleStyle": {
        "currentFontSize": {
          "name": "x-large 17px",
          "value": 17
        },
        "fontSize": 17
      },
      "toolBorder": false,
      "type": "dropdown",
      "vertical": false,
      "width": 13,
      "x": 1,
      "y": 23,
      "zIndex": 19
    },
    {
      "allowDataLink": false,
      "backgroundColor": "#ffffff",
      "border": false,
      "clickToFilter": true,
      "componentFilter": "",
      "contextMenuMethods": {
        "componentFilter": true,
        "copy": true,
        "deletable": true,
        "export": true,
        "fullscreen": true,
        "layers": true,
        "settings": true
      },
      "diagramBackground": false,
      "diagramBackgroundStyle": {
        "fillColor": "",
        "opacity": 1
      },
      "diagramBorder": true,
      "diagramBorderStyle": {
        "lineColor": "#e9e9e9",
        "lineOpacity": 1,
        "lineWidth": 1
      },
      "dropdownSettings": {
        "formula": {
          "text": "<%=Filter_Option07%>"
        },
        "isMultiSelect": true
      },
      "dropdownText": "#{<%=Filter_Option07_Text%>}",
      "feedbackMode": false,
      "filteringSelf": true,
      "hasBackground": true,
      "hasHoverbuttons": false,
      "height": 2,
      "id": "458eb41f-36f6-40a6-b581-795a19501862",
      "maximized": false,
      "selection": [],
      "showHeader": true,
      "title": "",
      "titleStyle": {
        "currentFontSize": {
          "name": "x-large 17px",
          "value": 17
        },
        "fontSize": 17
      },
      "toolBorder": false,
      "type": "dropdown",
      "vertical": false,
      "width": 13,
      "x": 1,
      "y": 27,
      "zIndex": 19
    },
    {
      "allowDataLink": false,
      "backgroundColor": "#ffffff",
      "border": false,
      "clickToFilter": true,
      "componentFilter": "",
      "contextMenuMethods": {
        "componentFilter": true,
        "copy": true,
        "deletable": true,
        "export": true,
        "fullscreen": true,
        "layers": true,
        "settings": true
      },
      "diagramBackground": false,
      "diagramBackgroundStyle": {
        "fillColor": "",
        "opacity": 1
      },
      "diagramBorder": true,
      "diagramBorderStyle": {
        "lineColor": "#e9e9e9",
        "lineOpacity": 1,
        "lineWidth": 1
      },
      "dropdownSettings": {
        "formula": {
          "text": "<%=Filter_Option08%>"
        },
        "isMultiSelect": true
      },
      "dropdownText": "#{<%=Filter_Option08_Text%>}",
      "feedbackMode": false,
      "filteringSelf": true,
      "hasBackground": true,
      "hasHoverbuttons": false,
      "height": 2,
      "id": "c2ace631-e4c2-40f3-b735-b998f7b917bd",
      "maximized": false,
      "selection": [],
      "showHeader": true,
      "title": "",
      "titleStyle": {
        "currentFontSize": {
          "name": "x-large 17px",
          "value": 17
        },
        "fontSize": 17
      },
      "toolBorder": false,
      "type": "dropdown",
      "vertical": false,
      "width": 13,
      "x": 1,
      "y": 29,
      "zIndex": 25
    },
    {
      "allowDataLink": false,
      "backgroundColor": "#ffffff",
      "border": false,
      "clickToFilter": true,
      "componentFilter": "",
      "contextMenuMethods": {
        "componentFilter": true,
        "copy": true,
        "deletable": true,
        "export": true,
        "fullscreen": true,
        "layers": true,
        "settings": true
      },
      "diagramBackground": false,
      "diagramBackgroundStyle": {
        "fillColor": "",
        "opacity": 1
      },
      "diagramBorder": true,
      "diagramBorderStyle": {
        "lineColor": "#e9e9e9",
        "lineOpacity": 1,
        "lineWidth": 1
      },
      "dropdownSettings": {
        "formula": {
          "text": "<%=Filter_Option10%>"
        },
        "isMultiSelect": true
      },
      "dropdownText": "#{<%=Filter_Option10_Text%>}",
      "feedbackMode": false,
      "filteringSelf": true,
      "hasBackground": true,
      "hasHoverbuttons": false,
      "height": 2,
      "id": "642483b0-cb1d-4a25-bea6-1a99916bfb5f",
      "maximized": false,
      "selection": [],
      "showHeader": true,
      "title": "",
      "titleStyle": {
        "currentFontSize": {
          "name": "x-large 17px",
          "value": 17
        },
        "fontSize": 17
      },
      "toolBorder": false,
      "type": "dropdown",
      "vertical": false,
      "width": 13,
      "x": 1,
      "y": 45,
      "zIndex": 26
    },
    {
      "allowDataLink": false,
      "backgroundColor": "#ffffff",
      "border": false,
      "clickToFilter": true,
      "componentFilter": "",
      "contextMenuMethods": {
        "componentFilter": true,
        "copy": true,
        "deletable": true,
        "export": true,
        "fullscreen": true,
        "layers": true,
        "settings": true
      },
      "diagramBackground": false,
      "diagramBackgroundStyle": {
        "fillColor": "",
        "opacity": 1
      },
      "diagramBorder": true,
      "diagramBorderStyle": {
        "lineColor": "#e9e9e9",
        "lineOpacity": 1,
        "lineWidth": 1
      },
      "dropdownSettings": {
        "formula": {
          "text": "<%=Filter_Option09%>"
        },
        "isMultiSelect": true
      },
      "dropdownText": "#{<%=Filter_Option09_Text%>}",
      "feedbackMode": false,
      "filteringSelf": true,
      "hasBackground": true,
      "hasHoverbuttons": false,
      "height": 2,
      "id": "4c532d7a-6fc7-42e2-ab4d-9dfbc03e0118",
      "maximized": false,
      "selection": [],
      "showHeader": true,
      "title": "",
      "titleStyle": {
        "currentFontSize": {
          "name": "x-large 17px",
          "value": 17
        },
        "fontSize": 17
      },
      "toolBorder": false,
      "type": "dropdown",
      "vertical": false,
      "width": 13,
      "x": 1,
      "y": 43,
      "zIndex": 20
    },
    {
      "allowDataLink": false,
      "backgroundColor": "#ffffff",
      "border": false,
      "clickToFilter": true,
      "componentFilter": "",
      "contextMenuMethods": {
        "componentFilter": true,
        "copy": true,
        "deletable": true,
        "export": true,
        "fullscreen": true,
        "layers": true,
        "settings": true
      },
      "diagramBackground": false,
      "diagramBackgroundStyle": {
        "fillColor": "",
        "opacity": 1
      },
      "diagramBorder": true,
      "diagramBorderStyle": {
        "lineColor": "#e9e9e9",
        "lineOpacity": 1,
        "lineWidth": 1
      },
      "dropdownSettings": {
        "formula": {
          "text": "<%=Filter_Option12%>"
        },
        "isMultiSelect": true
      },
      "dropdownText": "#{<%=Filter_Option12_Text%>}",
      "feedbackMode": false,
      "filteringSelf": true,
      "hasBackground": true,
      "hasHoverbuttons": false,
      "height": 2,
      "id": "0e751ba8-765b-4fb2-95f3-468b6d2285a2",
      "maximized": false,
      "selection": [],
      "showHeader": true,
      "title": "",
      "titleStyle": {
        "currentFontSize": {
          "name": "x-large 17px",
          "value": 17
        },
        "fontSize": 17
      },
      "toolBorder": false,
      "type": "dropdown",
      "vertical": false,
      "width": 13,
      "x": 1,
      "y": 38,
      "zIndex": 19
    },
    {
      "alignment": "vertical",
      "allowDataLink": false,
      "backgroundColor": "#ffffff",
      "border": false,
      "clickToFilter": true,
      "componentFilter": "",
      "contextMenuMethods": {
        "componentFilter": true,
        "copy": true,
        "deletable": true,
        "export": true,
        "fullscreen": true,
        "layers": true,
        "settings": true
      },
      "datepickerSettings": {
        "formula": {
          "name": "",
          "text": "PU_FIRST(\"AFPO\", \"_CEL_PP_ACTIVITIES\".\"EVENTTIME\", \"_CEL_PP_ACTIVITIES\".\"ACTIVITY_EN\" = 'Create Process Order')",
          "translatedName": ""
        }
      },
      "diagramBackground": false,
      "diagramBackgroundStyle": {
        "fillColor": "",
        "opacity": 1
      },
      "diagramBorder": true,
      "diagramBorderStyle": {
        "lineColor": "#e9e9e9",
        "lineOpacity": 1,
        "lineWidth": 1
      },
      "feedbackMode": false,
      "filteringSelf": true,
      "hasBackground": true,
      "hasHoverbuttons": false,
      "height": 5,
      "id": "d4fc6aef-2caf-4fee-bb2d-92638df6464d",
      "maximized": false,
      "selection": [],
      "showHeader": true,
      "title": "PO Creation Date",
      "titleStyle": {
        "backgroundColor": "",
        "bold": false,
        "borderColor": "",
        "currentFontSize": {
          "name": "large 15px",
          "value": 15
        },
        "fontColor": "#<%= Company_Color2 %>",
        "fontSize": 15
      },
      "toolBorder": false,
      "type": "date_picker",
      "vertical": false,
      "width": 13,
      "x": 1,
      "y": 13,
      "zIndex": 27
    },
    {
      "axis0": [
        {
          "flex": 1,
          "name": "#{<%= Dropdown_Option01_Text %>}",
          "notIncluded": false,
          "ratioFormula": {},
          "secondaryAxis": false,
          "seriesColor": "",
          "seriesColorMapping": "",
          "text": "<%= Dropdown_Option01 %>",
          "textColor": "",
          "textColorMapping": "",
          "translatedName": "<%= Dropdown_Option01_Text %>",
          "type": "dimension",
          "units": " ",
          "width": 243
        }
      ],
      "axis0Config": {
        "autoTickCount": true,
        "axisLabelStyle": {
          "backgroundColor": "",
          "borderColor": "",
          "fontColor": ""
        },
        "axisLineStyle": {},
        "axisTitleStyle": {
          "backgroundColor": "",
          "borderColor": "",
          "fontColor": ""
        },
        "gridlineStyle": {},
        "showAxis": true,
        "showAxisLabels": true,
        "showTickLines": true
      },
      "axis1": [],
      "axis1Config": {
        "autoTickCount": true,
        "axisLabelStyle": {
          "backgroundColor": "",
          "borderColor": "",
          "fontColor": ""
        },
        "axisLineStyle": {},
        "axisTitleStyle": {
          "backgroundColor": "",
          "borderColor": "",
          "fontColor": ""
        },
        "boundsMode": "AUTO",
        "gridlineStyle": {},
        "showAxis": true,
        "showAxisLabels": true,
        "showTickLines": true
      },
      "axis2": [
        {
          "dataLabelStyle": {
            "fontSize": 9
          },
          "dataLabelsPosition": "top",
          "fillStyle": {
            "opacity": 1
          },
          "flex": 0.6049,
          "ignoreSeriesPalettes": true,
          "name": "#{# Process Orders}",
          "notIncluded": false,
          "ratioFormula": {},
          "secondaryAxis": false,
          "seriesColor": "#eeeeee",
          "seriesColorMapping": "",
          "seriesPalette": "",
          "showDataLabels": false,
          "text": "COUNT_TABLE(\"AFPO\")",
          "textColor": "",
          "textColorMapping": "",
          "translatedName": "# Process Orders",
          "units": " ",
          "valueFormat": ",f",
          "width": 147
        },
        {
          "dataLabelStyle": {},
          "dataLabelsPosition": "custom",
          "fillStyle": {
            "opacity": 1
          },
          "flex": 0.8919,
          "ignoreSeriesPalettes": true,
          "name": "Overall Automation Rate",
          "notIncluded": true,
          "ratioFormula": {},
          "seriesColor": "#FFB710",
          "seriesColorMapping": "d41ea015-14ca-4e79-a593-bc8f55cee966",
          "seriesPalette": "",
          "showDataLabels": false,
          "text": "AVG(PU_SUM(\"AFPO\", CASE WHEN \"_CEL_PP_ACTIVITIES\".\"USER_TYPE\" IN (<%=AutomaticUserType%>)\n         THEN 1.0\n         ELSE 0.0\n    END)\n/ (PU_SUM(\"AFPO\", CASE WHEN \"_CEL_PP_ACTIVITIES\".\"USER_TYPE\" IN (<%=AutomaticUserType%>)\n           THEN 1.0\n           ELSE 0.0\n      END)\n+ PU_SUM(\"AFPO\", CASE WHEN \"_CEL_PP_ACTIVITIES\".\"USER_TYPE\" IN (<%=ManualUserType%>)\n           THEN 1.0\n           ELSE 0.0\n      END)\n)\n)",
          "textColor": "#ffffff",
          "textColorMapping": "",
          "translatedName": "Overall Automation Rate",
          "units": "",
          "valueFormat": "%",
          "width": 165
        },
        {
          "dataLabelStyle": {},
          "dataLabelsPosition": "custom",
          "fillStyle": {
            "opacity": 1
          },
          "flex": 0.5103,
          "ignoreSeriesPalettes": true,
          "name": "#{Lead Time}",
          "ratioFormula": {},
          "seriesColor": "#ffffff",
          "seriesColorMapping": "",
          "seriesPalette": "",
          "showDataLabels": false,
          "sorting": "DESC",
          "sortingIndex": 0,
          "text": "<%= statistic %>(KPI(\"Lead Time\", VARIABLE(<%= unit %>), VARIABLE(<%= LeadTime_From %>), VARIABLE(<%= LeadTime_To %>), VARIABLE(FIRST), VARIABLE(LAST)))",
          "textColor": "",
          "textColorMapping": "",
          "translatedName": "Lead Time",
          "units": " <%= unit_unit %>",
          "valueFormat": ",.1f",
          "width": 124
        },
        {
          "dataLabelStyle": {},
          "dataLabelsPosition": "custom",
          "fillStyle": {
            "opacity": 1
          },
          "flex": 0.5556,
          "ignoreSeriesPalettes": true,
          "name": "#{GR --> UD}",
          "notIncluded": true,
          "ratioFormula": {},
          "seriesColor": "#c4d7f7",
          "seriesColorMapping": "",
          "seriesPalette": "",
          "showDataLabels": false,
          "text": "<%= statistic %>(KPI(\"Lead Time\", VARIABLE(<%= unit %>), VARIABLE('Status: Delivered'), VARIABLE('Make Usage Decision'), VARIABLE(LAST), VARIABLE(FIRST))) ",
          "textColor": "",
          "textColorMapping": "",
          "translatedName": "GR --> UD",
          "units": " <%= unit_unit %>",
          "valueFormat": ",.1f",
          "width": 135
        },
        {
          "dataLabelStyle": {},
          "dataLabelsPosition": "custom",
          "fillStyle": {
            "opacity": 1
          },
          "flex": 0.6379,
          "ignoreSeriesPalettes": true,
          "name": "#{GR --> Finance}",
          "notIncluded": true,
          "ratioFormula": {},
          "seriesColor": "#d5f1fa",
          "seriesColorMapping": "",
          "seriesPalette": "",
          "showDataLabels": false,
          "text": "<%= statistic %>(KPI(\"Lead Time\", VARIABLE(<%= unit %>), VARIABLE('Status: Delivered'), VARIABLE('Status: User Status to Finance'), VARIABLE(LAST), VARIABLE(FIRST))) ",
          "textColor": "",
          "textColorMapping": "",
          "translatedName": "GR --> Finance",
          "units": " <%= unit_unit %>",
          "valueFormat": ",.1f",
          "width": 155
        },
        {
          "dataLabelStyle": {},
          "dataLabelsPosition": "custom",
          "fillStyle": {
            "opacity": 1
          },
          "flex": 0.8724,
          "ignoreSeriesPalettes": true,
          "name": "#{Change Ratio (Scheduled Start)}",
          "ratioFormula": {},
          "seriesColor": "#d8f6ff",
          "seriesColorMapping": "",
          "seriesPalette": "",
          "showDataLabels": false,
          "text": "KPI(\"Change Rate\", 'Change Scheduled Start Date')",
          "textColor": "",
          "textColorMapping": "",
          "translatedName": "Change Ratio (Scheduled Start)",
          "valueFormat": "%",
          "width": 212
        },
        {
          "dataLabelStyle": {},
          "dataLabelsPosition": "custom",
          "fillStyle": {
            "opacity": 1
          },
          "ignoreSeriesPalettes": true,
          "name": "#{Delta First to Last Sched. Start (Median)}",
          "ratioFormula": {},
          "seriesColor": "#d8f6ff",
          "seriesColorMapping": "",
          "seriesPalette": "",
          "showDataLabels": false,
          "text": "MEDIAN(KPI(\"int_kpi_delta_schedule\", 'Change Scheduled Start Date'))",
          "textColor": "",
          "textColorMapping": "",
          "translatedName": "Delta First to Last Sched. Start (Median)",
          "units": " d",
          "valueFormat": ",f"
        },
        {
          "dataLabelStyle": {},
          "dataLabelsPosition": "custom",
          "fillStyle": {
            "opacity": 1
          },
          "flex": 0.9053,
          "ignoreSeriesPalettes": true,
          "name": "#{Change Ratio (Scheduled Finish)}",
          "ratioFormula": {},
          "seriesColor": "#ffd9ab",
          "seriesColorMapping": "",
          "seriesPalette": "",
          "showDataLabels": false,
          "text": "KPI(\"Change Rate\", 'Change Scheduled Finish Date')",
          "textColor": "",
          "textColorMapping": "",
          "translatedName": "Change Ratio (Scheduled Finish)",
          "valueFormat": "%",
          "width": 220
        },
        {
          "dataLabelStyle": {},
          "dataLabelsPosition": "custom",
          "fillStyle": {
            "opacity": 1
          },
          "ignoreSeriesPalettes": true,
          "name": "#{Delta First to Last Sched. Finish (Median)}",
          "ratioFormula": {},
          "seriesColor": "#ffd9ab",
          "seriesColorMapping": "",
          "seriesPalette": "",
          "showDataLabels": false,
          "text": "MEDIAN(KPI(\"int_kpi_delta_schedule\", 'Change Scheduled Finish Date'))",
          "textColor": "",
          "textColorMapping": "",
          "translatedName": "Delta First to Last Sched. Start (Median)",
          "units": " d",
          "valueFormat": ""
        }
      ],
      "axis2Config": {
        "autoTickCount": true,
        "axisLabelStyle": {
          "backgroundColor": "",
          "borderColor": "",
          "fontColor": ""
        },
        "axisLineStyle": {},
        "axisTitleStyle": {
          "backgroundColor": "",
          "borderColor": "",
          "fontColor": ""
        },
        "boundsMode": "AUTO",
        "gridlineStyle": {},
        "showAxis": true,
        "showAxisLabels": true,
        "showTickLines": true
      },
      "backgroundColor": "#ffffff",
      "border": false,
      "chartType": "table",
      "clickToFilter": true,
      "componentFilter": "FILTER ISNULL(<%= Dropdown_Option01 %>)=0 ",
      "dataLabelsPositions": [
        "top",
        "middle",
        "bottom",
        "custom"
      ],
      "diagramBackgroundStyle": {
        "fillColor": "",
        "opacity": 1
      },
      "diagramBorder": true,
      "diagramBorderStyle": {
        "color": "#6FA7D1",
        "lineColor": "#e9e9e9",
        "lineOpacity": 1,
        "lineWidth": 1,
        "opacityInDec": 100
      },
      "feedbackMode": false,
      "filteringSelf": true,
      "hasBackground": true,
      "height": 22,
      "hoverButtonFixed": false,
      "hoverButtonPosition": "LEFT",
      "id": "2250ff8e-9466-4eeb-a173-db052f21f643",
      "legendPosition": "bc",
      "legendShow": true,
      "limitMode": "NO_LIMIT",
      "maximized": false,
      "selection": [],
      "seriesColor": "",
      "showHeader": true,
      "showOthers": false,
      "showTitle": true,
      "technicalNames": false,
      "textColor": "",
      "textStyle": {
        "backgroundColor": "",
        "borderColor": "",
        "currentFontSize": {
          "name": "x-small 11px",
          "value": 11
        },
        "fontColor": "",
        "fontSize": 11
      },
      "title": "#{Drilldown by  <%= Dropdown_Option01_Text %>}",
      "titleStyle": {
        "backgroundColor": "#eaeaea",
        "bold": true,
        "borderColor": "",
        "currentFontSize": {
          "name": "medium 14px",
          "value": 14
        },
        "fontColor": "#<%= Company_Color1 %>",
        "fontSize": 14
      },
      "toolBorder": false,
      "tooltips": true,
      "type": "pql-table",
      "width": 83,
      "x": 16,
      "y": 28,
      "zIndex": 22
    },
    {
      "allowDataLink": false,
      "backgroundColor": "#ffffff",
      "border": false,
      "buttonTitle": "<%= Dropdown_Option01_Text %>",
      "buttons": [
        {
          "action": "setVariable",
          "backgroundColor": "",
          "buttonTitle": "Plant",
          "titleStyle": {
            "fontColor": ""
          },
          "variableName": "Dropdown_Option01",
          "variableValue": "\"AUFK\".\"WERKS\" || ' - ' || \"AUFK\".\"WERKS_TEXT\"",
          "variables": [
            {
              "title": "Dropdown_Option01",
              "variableName": "Dropdown_Option01",
              "variableValue": "\"AUFK\".\"WERKS\" || ' - ' || \"AUFK\".\"WERKS_TEXT\""
            },
            {
              "title": "Dropdown_Option01_Text",
              "variableName": "Dropdown_Option01_Text",
              "variableValue": "Plant"
            }
          ]
        },
        {
          "action": "setVariable",
          "backgroundColor": "",
          "buttonTitle": "Process Order Type",
          "titleStyle": {
            "fontColor": ""
          },
          "variableName": "Dropdown_Option01",
          "variableValue": "\"AUFK\".\"AUART\"",
          "variables": [
            {
              "title": "Dropdown_Option01",
              "variableName": "Dropdown_Option01",
              "variableValue": "\"AUFK\".\"AUART\""
            },
            {
              "title": "Dropdown_Option01_Text",
              "variableName": "Dropdown_Option01_Text",
              "variableValue": "Process Order Type"
            }
          ]
        },
        {
          "action": "setVariable",
          "backgroundColor": "",
          "buttonTitle": "Production Scheduler",
          "titleStyle": {
            "fontColor": ""
          },
          "variableName": "Dropdown_Option01",
          "variableValue": "\"AFKO\".\"FEVOR\" || ' - ' || \"AFKO\".\"FEVOR_TEXT\"",
          "variables": [
            {
              "title": "Dropdown_Option01",
              "variableName": "Dropdown_Option01",
              "variableValue": "\"AFKO\".\"FEVOR\" || ' - ' || \"AFKO\".\"FEVOR_TEXT\""
            },
            {
              "title": "Dropdown_Option01_Text",
              "variableName": "Dropdown_Option01_Text",
              "variableValue": "Production Scheduler"
            }
          ]
        },
        {
          "action": "setVariable",
          "backgroundColor": "",
          "buttonTitle": "MRP Controller",
          "titleStyle": {
            "fontColor": ""
          },
          "variableName": "Dropdown_Option01",
          "variableValue": "\"MARC\".\"DISPO\" || ' - ' || \"MARC\".\"DISPO_TEXT\"",
          "variables": [
            {
              "title": "Dropdown_Option01",
              "variableName": "Dropdown_Option01",
              "variableValue": "\"MARC\".\"DISPO\" || ' - ' || \"MARC\".\"DISPO_TEXT\""
            },
            {
              "title": "Dropdown_Option01_Text",
              "variableName": "Dropdown_Option01_Text",
              "variableValue": "MRP Controller"
            }
          ]
        },
        {
          "action": "setVariable",
          "backgroundColor": "",
          "buttonTitle": "Work Center",
          "titleStyle": {
            "fontColor": ""
          },
          "variableName": "Dropdown_Option01",
          "variableValue": "\"_CEL_PP_ACTIVITIES\".\"WORK_CENTRE\" || ' -' ||\"_CEL_PP_ACTIVITIES\".\"WORK_CENTRE_TEXT\"",
          "variables": [
            {
              "title": "Dropdown_Option01",
              "variableName": "Dropdown_Option01",
              "variableValue": "\"_CEL_PP_ACTIVITIES\".\"WORK_CENTRE\" || ' -' ||\"_CEL_PP_ACTIVITIES\".\"WORK_CENTRE_TEXT\""
            },
            {
              "title": "Dropdown_Option01_Text",
              "variableName": "Dropdown_Option01_Text",
              "variableValue": "Work Center"
            }
          ]
        },
        {
          "action": "setVariable",
          "backgroundColor": "",
          "buttonTitle": "Material Type",
          "titleStyle": {
            "fontColor": ""
          },
          "variableName": "Dropdown_Option01_Text",
          "variableValue": "Material Type",
          "variables": [
            {
              "title": "Dropdown_Option01_Text",
              "variableName": "Dropdown_Option01_Text",
              "variableValue": "Material Type"
            },
            {
              "title": "Dropdown_Option01",
              "variableName": "Dropdown_Option01",
              "variableValue": "\"MARA\".\"MTART\" || ' - ' || \"MARA\".\"MTART_TEXT\""
            }
          ]
        },
        {
          "action": "setVariable",
          "backgroundColor": "",
          "buttonTitle": "Material Group",
          "titleStyle": {
            "fontColor": ""
          },
          "variableName": "Dropdown_Option01_Text",
          "variableValue": "Material Group",
          "variables": [
            {
              "title": "Dropdown_Option01_Text",
              "variableName": "Dropdown_Option01_Text",
              "variableValue": "Material Group"
            },
            {
              "title": "Dropdown_Option01",
              "variableName": "Dropdown_Option01",
              "variableValue": "\"MARA\".\"MATKL\" || ' - '  || \"MARA\".\"MATKL_TEXT\""
            }
          ]
        },
        {
          "action": "setVariable",
          "backgroundColor": "",
          "buttonTitle": "Material",
          "titleStyle": {
            "fontColor": ""
          },
          "variableName": "Dropdown_Option01_Text",
          "variableValue": "Material",
          "variables": [
            {
              "title": "Dropdown_Option01_Text",
              "variableName": "Dropdown_Option01_Text",
              "variableValue": "Material"
            },
            {
              "title": "Dropdown_Option01",
              "variableName": "Dropdown_Option01",
              "variableValue": "\"AFPO\".\"MATNR2\" || ' - ' || \"AFPO\".\"MATNR_TEXT\""
            }
          ]
        },
        {
          "action": "setVariable",
          "backgroundColor": "",
          "buttonTitle": "Basic Material",
          "titleStyle": {
            "fontColor": ""
          },
          "variableName": "Dropdown_Option01_Text",
          "variableValue": "Basic Material",
          "variables": [
            {
              "title": "Dropdown_Option01_Text",
              "variableName": "Dropdown_Option01_Text",
              "variableValue": "Basic Material"
            },
            {
              "title": "Dropdown_Option01",
              "variableName": "Dropdown_Option01",
              "variableValue": "\"MARA\".\"WRKST\""
            }
          ]
        }
      ],
      "clickToFilter": true,
      "componentFilter": "",
      "contextMenuMethods": {
        "componentFilter": true,
        "copy": true,
        "deletable": true,
        "export": true,
        "fullscreen": true,
        "layers": true,
        "settings": true
      },
      "diagramBackground": false,
      "diagramBackgroundStyle": {
        "fillColor": "",
        "opacity": 1
      },
      "diagramBorder": true,
      "diagramBorderStyle": {
        "lineColor": "#e9e9e9",
        "lineOpacity": 1,
        "lineWidth": 1
      },
      "feedbackMode": false,
      "filteringSelf": true,
      "hasBackground": true,
      "hasHoverbuttons": false,
      "height": 2,
      "id": "0b12f190-1832-49f1-9341-06514481b9e1",
      "inputType": "Manual Input",
      "loadEntries": {
        "formula": {
          "text": ""
        },
        "isMultiSelect": true,
        "preview": "Value1 Value2"
      },
      "maximized": false,
      "selection": [],
      "showHeader": true,
      "title": "",
      "titleStyle": {
        "currentFontSize": {
          "name": "x-large 17px",
          "value": 17
        },
        "fontSize": 17
      },
      "toolBorder": false,
      "type": "button_dropdown",
      "vertical": false,
      "width": 16,
      "x": 83,
      "y": 28,
      "zIndex": 26
    },
    {
      "allowDataLink": false,
      "axis0": [
        {
          "fillStyle": {
            "opacity": 1
          },
          "legendMarkerColor": "#ffd062",
          "name": "#{Distribution #Changes per Order}",
          "ratioFormula": {},
          "seriesColor": "#ffd062",
          "seriesColorMapping": "",
          "seriesPalette": "",
          "text": "PU_COUNT(AFPO, \"_CEL_PP_ACTIVITIES\".\"ACTIVITY_EN\", \"_CEL_PP_ACTIVITIES\".\"ACTIVITY_EN\" = 'Change Scheduled Start Date')",
          "translatedName": "Distribution #Changes per Order",
          "type": "dimension",
          "units": "",
          "valueFormat": ",f"
        }
      ],
      "axis0Config": {
        "autoTickCount": true,
        "axisLabelStyle": {
          "backgroundColor": "",
          "borderColor": "",
          "currentFontSize": {
            "name": "x-small 11px",
            "value": 11
          },
          "fontColor": "",
          "fontSize": 11
        },
        "axisLineStyle": {
          "lineOpacity": 1
        },
        "axisTitleStyle": {
          "backgroundColor": "",
          "borderColor": "",
          "currentFontSize": {
            "name": "small 13px",
            "value": 13
          },
          "fontColor": "",
          "fontSize": 13
        },
        "gapWidth": 0.45,
        "gridlineStyle": {
          "lineOpacity": 1
        },
        "seriesOverlap": 0.45,
        "showAxis": true,
        "showAxisLabels": true,
        "showAxisTitle": false,
        "showTickLines": true,
        "title": "distribution"
      },
      "axis1": [
        {
          "fillStyle": {
            "opacity": 1
          },
          "name": "#{# Process Orders}",
          "noExpression": true,
          "ratioFormula": {},
          "seriesColor": "#14A9D5",
          "seriesColorMapping": "",
          "seriesPalette": "",
          "valueFormat": ",f"
        }
      ],
      "axis1Config": {
        "autoTickCount": true,
        "axisLabelStyle": {
          "backgroundColor": "",
          "borderColor": "",
          "currentFontSize": {
            "name": "x-small 11px",
            "value": 11
          },
          "fontColor": "",
          "fontSize": 11
        },
        "axisLineStyle": {
          "color": "#6FA7D1",
          "lineColor": "",
          "lineOpacity": 1,
          "lineWidth": 1,
          "opacityInDec": 100
        },
        "axisTitleStyle": {
          "backgroundColor": "",
          "borderColor": "",
          "currentFontSize": {
            "name": "small 13px",
            "value": 13
          },
          "fontColor": "",
          "fontSize": 13
        },
        "boundsMode": "AUTO",
        "gridlineStyle": {
          "color": "#6FA7D1",
          "lineColor": "#e4e4e4",
          "lineOpacity": 1,
          "lineWidth": 1,
          "opacityInDec": 100
        },
        "ratioFormula": {},
        "seriesColor": "",
        "showAxis": true,
        "showAxisLabels": true,
        "showAxisTitle": false,
        "showGridlines": true,
        "showTickLines": true,
        "title": "number_of_occurrences"
      },
      "axis2": [],
      "axis2Config": {
        "autoTickCount": true,
        "axisLabelStyle": {
          "backgroundColor": "",
          "borderColor": "",
          "fontColor": ""
        },
        "axisLineStyle": {},
        "axisTitleStyle": {
          "backgroundColor": "",
          "borderColor": "",
          "currentFontSize": {
            "name": "small 13px",
            "value": 13
          },
          "fontColor": "",
          "fontSize": 13
        },
        "boundsMode": "AUTO",
        "gridlineStyle": {},
        "showAxis": true,
        "showAxisLabels": true,
        "showTickLines": true
      },
      "backgroundColor": "#ffffff",
      "border": false,
      "chartType": "histogram",
      "clickToFilter": true,
      "componentFilter": "",
      "contextMenuMethods": {
        "componentFilter": true,
        "copy": true,
        "deletable": true,
        "export": true,
        "fullscreen": true,
        "layers": true,
        "settings": true
      },
      "dataLabelsPositions": [
        "top",
        "middle",
        "bottom",
        "custom"
      ],
      "dataType": "int",
      "diagramBackground": false,
      "diagramBackgroundStyle": {
        "fillColor": "",
        "opacity": 1
      },
      "diagramBorder": true,
      "diagramBorderStyle": {
        "color": "#6FA7D1",
        "lineColor": "#e9e9e9",
        "lineOpacity": 1,
        "lineWidth": 1,
        "opacityInDec": 100
      },
      "feedbackMode": false,
      "filteringSelf": true,
      "hasBackground": true,
      "hasHoverbuttons": false,
      "height": 19,
      "histogram": {
        "boundaries": [
          {
            "value": 0
          },
          {
            "value": 5
          },
          {
            "value": 10
          },
          {
            "value": 15
          },
          {
            "value": 20
          },
          {
            "value": 25
          },
          {
            "value": 30
          },
          {
            "value": 35
          }
        ],
        "bucketCount": 10,
        "noLowerBound": true,
        "noUpperBound": true,
        "partitionRule": "SPECIFIC_BUCKET_COUNT",
        "widthSize": 10
      },
      "hoverButtonFixed": false,
      "hoverButtonPosition": "RIGHT",
      "id": "ce9a451d-da0a-43c3-bc46-074ff03801a2",
      "legendFontStyle": {
        "backgroundColor": "",
        "borderColor": "",
        "currentFontSize": {
          "name": "x-small 11px",
          "value": 11
        },
        "fontColor": "",
        "fontSize": 11
      },
      "legendOverlay": false,
      "legendPosition": "bc",
      "legendShow": false,
      "limitMode": "SCROLL",
      "maximized": false,
      "selection": [],
      "showHeader": true,
      "showTitle": true,
      "textStyle": {
        "currentFontSize": {
          "name": "medium 14px",
          "value": 14
        },
        "fontSize": 14
      },
      "title": "#{#Changes per Order (Sched. Start Date)}",
      "titleStyle": {
        "backgroundColor": "#eaeaea",
        "bold": true,
        "borderColor": "",
        "currentFontSize": {
          "name": "medium 14px",
          "value": 14
        },
        "fontColor": "#<%= Company_Color1 %>",
        "fontSize": 14
      },
      "toolBorder": false,
      "type": "histogram-chart",
      "vertical": false,
      "width": 22,
      "x": 54,
      "y": 8,
      "zIndex": 28
    },
    {
      "allowDataLink": false,
      "axis0": [
        {
          "fillStyle": {
            "opacity": 1
          },
          "legendMarkerColor": "#ffd062",
          "name": "#{Distribution #Changes per Order}",
          "ratioFormula": {},
          "seriesColor": "#ffd062",
          "seriesColorMapping": "",
          "seriesPalette": "",
          "text": "PU_COUNT(AFPO, \"_CEL_PP_ACTIVITIES\".\"ACTIVITY_EN\", \"_CEL_PP_ACTIVITIES\".\"ACTIVITY_EN\" = 'Change Scheduled Finish Date')",
          "translatedName": "Distribution #Changes per Order",
          "type": "dimension",
          "units": "",
          "valueFormat": ",f"
        }
      ],
      "axis0Config": {
        "autoTickCount": true,
        "axisLabelStyle": {
          "backgroundColor": "",
          "borderColor": "",
          "currentFontSize": {
            "name": "x-small 11px",
            "value": 11
          },
          "fontColor": "",
          "fontSize": 11
        },
        "axisLineStyle": {
          "lineOpacity": 1
        },
        "axisTitleStyle": {
          "backgroundColor": "",
          "borderColor": "",
          "currentFontSize": {
            "name": "small 13px",
            "value": 13
          },
          "fontColor": "",
          "fontSize": 13
        },
        "gapWidth": 0.45,
        "gridlineStyle": {
          "lineOpacity": 1
        },
        "seriesOverlap": 0.45,
        "showAxis": true,
        "showAxisLabels": true,
        "showAxisTitle": false,
        "showTickLines": true,
        "title": "distribution"
      },
      "axis1": [
        {
          "fillStyle": {
            "opacity": 1
          },
          "name": "#{# Process Orders}",
          "noExpression": true,
          "ratioFormula": {},
          "seriesColor": "#FFB710",
          "seriesColorMapping": "",
          "seriesPalette": "",
          "valueFormat": ",f"
        }
      ],
      "axis1Config": {
        "autoTickCount": true,
        "axisLabelStyle": {
          "backgroundColor": "",
          "borderColor": "",
          "currentFontSize": {
            "name": "x-small 11px",
            "value": 11
          },
          "fontColor": "",
          "fontSize": 11
        },
        "axisLineStyle": {
          "color": "#6FA7D1",
          "lineColor": "",
          "lineOpacity": 1,
          "lineWidth": 1,
          "opacityInDec": 100
        },
        "axisTitleStyle": {
          "backgroundColor": "",
          "borderColor": "",
          "currentFontSize": {
            "name": "small 13px",
            "value": 13
          },
          "fontColor": "",
          "fontSize": 13
        },
        "boundsMode": "AUTO",
        "gridlineStyle": {
          "color": "#6FA7D1",
          "lineColor": "#e4e4e4",
          "lineOpacity": 1,
          "lineWidth": 1,
          "opacityInDec": 100
        },
        "ratioFormula": {},
        "seriesColor": "",
        "showAxis": true,
        "showAxisLabels": true,
        "showAxisTitle": false,
        "showGridlines": true,
        "showTickLines": true,
        "title": "number_of_occurrences"
      },
      "axis2": [],
      "axis2Config": {
        "autoTickCount": true,
        "axisLabelStyle": {
          "backgroundColor": "",
          "borderColor": "",
          "fontColor": ""
        },
        "axisLineStyle": {},
        "axisTitleStyle": {
          "backgroundColor": "",
          "borderColor": "",
          "currentFontSize": {
            "name": "small 13px",
            "value": 13
          },
          "fontColor": "",
          "fontSize": 13
        },
        "boundsMode": "AUTO",
        "gridlineStyle": {},
        "showAxis": true,
        "showAxisLabels": true,
        "showTickLines": true
      },
      "backgroundColor": "#ffffff",
      "border": false,
      "chartType": "histogram",
      "clickToFilter": true,
      "componentFilter": "",
      "contextMenuMethods": {
        "componentFilter": true,
        "copy": true,
        "deletable": true,
        "export": true,
        "fullscreen": true,
        "layers": true,
        "settings": true
      },
      "dataLabelsPositions": [
        "top",
        "middle",
        "bottom",
        "custom"
      ],
      "dataType": "int",
      "diagramBackground": false,
      "diagramBackgroundStyle": {
        "fillColor": "",
        "opacity": 1
      },
      "diagramBorder": true,
      "diagramBorderStyle": {
        "color": "#6FA7D1",
        "lineColor": "#e9e9e9",
        "lineOpacity": 1,
        "lineWidth": 1,
        "opacityInDec": 100
      },
      "feedbackMode": false,
      "filteringSelf": true,
      "hasBackground": true,
      "hasHoverbuttons": false,
      "height": 19,
      "histogram": {
        "boundaries": [
          {
            "value": 0
          },
          {
            "value": 5
          },
          {
            "value": 10
          },
          {
            "value": 15
          },
          {
            "value": 20
          },
          {
            "value": 25
          },
          {
            "value": 30
          },
          {
            "value": 35
          }
        ],
        "bucketCount": 10,
        "noLowerBound": true,
        "noUpperBound": true,
        "partitionRule": "SPECIFIC_BUCKET_COUNT",
        "widthSize": 10
      },
      "hoverButtonFixed": false,
      "hoverButtonPosition": "LEFT",
      "id": "68cebb1b-9f23-4b58-8635-5ad8b89b4a2b",
      "legendFontStyle": {
        "backgroundColor": "",
        "borderColor": "",
        "currentFontSize": {
          "name": "x-small 11px",
          "value": 11
        },
        "fontColor": "",
        "fontSize": 11
      },
      "legendOverlay": false,
      "legendPosition": "bc",
      "legendShow": false,
      "limitMode": "SCROLL",
      "maximized": false,
      "selection": [],
      "showHeader": true,
      "showTitle": true,
      "textStyle": {
        "currentFontSize": {
          "name": "medium 14px",
          "value": 14
        },
        "fontSize": 14
      },
      "title": "#{#Changes per Order (Sched. Finish Date)}",
      "titleStyle": {
        "backgroundColor": "#eaeaea",
        "bold": true,
        "borderColor": "",
        "currentFontSize": {
          "name": "medium 14px",
          "value": 14
        },
        "fontColor": "#<%= Company_Color1 %>",
        "fontSize": 14
      },
      "toolBorder": false,
      "type": "histogram-chart",
      "vertical": false,
      "width": 22,
      "x": 77,
      "y": 8,
      "zIndex": 29
    },
    {
      "allowDataLink": false,
      "axis0": [
        {
          "function": {
            "DATE": true,
            "displayName": "Round Day",
            "example": "2015-02-22",
            "name": "Round_Day",
            "valueFormat": "%Y-%m-%d"
          },
          "meta": {
            "columnName": "#{Creation Date}",
            "columnType": "string",
            "expressionLhs": "YEAR ( \"AUFK\".\"ERDAT\" ) || '-' || RIGHT ( '0' || MONTH ( \"AUFK\".\"ERDAT\" ) , 2 ) AS \"#{Creation Date}\" FORMAT \"%Y-%m-%d\"",
            "format": "%Y-%m-%d"
          },
          "name": "#{Creation Date}",
          "sorting": "ASC",
          "sortingIndex": 0,
          "text": "KPI(<%= dat_dim_overview %>, \"AUFK\".\"ERDAT\")",
          "translatedName": "Creation Date",
          "type": "dimension",
          "valueFormat": "%Y-%m-%d"
        }
      ],
      "axis0Config": {
        "autoTickCount": true,
        "axisLabelStyle": {
          "backgroundColor": "",
          "borderColor": "",
          "currentFontSize": {
            "name": "x-small 11px",
            "value": 11
          },
          "fontColor": "",
          "fontSize": 11
        },
        "axisLineStyle": {
          "color": "#6FA7D1",
          "lineColor": "",
          "lineOpacity": 1,
          "lineWidth": 1,
          "opacityInDec": 100
        },
        "axisTitleStyle": {
          "backgroundColor": "",
          "borderColor": "",
          "currentFontSize": {
            "name": "small 13px",
            "value": 13
          },
          "fontColor": "",
          "fontSize": 13
        },
        "gapWidth": 0.45,
        "gridlineStyle": {
          "color": "#6FA7D1",
          "lineColor": "",
          "lineOpacity": 1,
          "lineWidth": 1,
          "opacityInDec": 100
        },
        "seriesOverlap": 0.45,
        "showAxis": true,
        "showAxisLabels": true,
        "showTickLines": true
      },
      "axis1": [],
      "axis1Config": {
        "autoTickCount": true,
        "axisLabelStyle": {
          "backgroundColor": "",
          "borderColor": "",
          "currentFontSize": {
            "name": "x-small 11px",
            "value": 11
          },
          "fontColor": "",
          "fontSize": 11
        },
        "axisLineStyle": {
          "color": "#6FA7D1",
          "lineColor": "",
          "lineOpacity": 0.8,
          "lineWidth": 1,
          "opacityInDec": 80
        },
        "axisTitleStyle": {
          "backgroundColor": "",
          "borderColor": "",
          "currentFontSize": {
            "name": "small 13px",
            "value": 13
          },
          "fontColor": "",
          "fontSize": 13
        },
        "boundsMode": "MANUAL",
        "fillStyle": {
          "opacity": 1
        },
        "gridlineStyle": {
          "color": "#6FA7D1",
          "lineColor": "#e4e4e4",
          "lineOpacity": 1,
          "lineWidth": 1,
          "opacityInDec": 100
        },
        "seriesColor": "",
        "seriesPalette": "",
        "showAxis": true,
        "showAxisLabels": true,
        "showGridlines": true,
        "showTickLines": true
      },
      "axis2": [
        {
          "alternativeType": "column",
          "dataLabelStyle": {},
          "dataLabelsPosition": "custom",
          "fillStyle": {
            "opacity": 1
          },
          "function": {
            "name": "COUNT_TABLE"
          },
          "ignoreSeriesPalettes": false,
          "legendMarkerColor": "#C5DA00",
          "lineStyle": {
            "lineOpacity": 1,
            "lineWidth": 4,
            "opacityInDec": 100
          },
          "meta": {
            "columnName": "#{# Process Orders}",
            "columnType": "int",
            "expressionLhs": null,
            "format": ""
          },
          "name": "#{# Process Orders}",
          "noFunction": true,
          "ratioFormula": {},
          "secondaryAxis": false,
          "seriesColor": "#<%= Company_Color2 %>",
          "seriesColorMapping": "",
          "seriesPalette": "",
          "showDataLabels": false,
          "showMarkers": true,
          "spline": false,
          "styles": {
            "left": "0px",
            "position": "absolute",
            "right": "4px",
            "top": "0px"
          },
          "text": "COUNT_TABLE(\"AFPO\")",
          "textColor": "",
          "textColorMapping": "",
          "translatedName": "# Process Orders",
          "type": "INTEGER",
          "valueFormat": ""
        },
        {
          "alternativeType": "line",
          "dataLabelStyle": {
            "backgroundColor": "",
            "borderColor": "",
            "fontColor": ""
          },
          "dataLabelsPosition": "custom",
          "fillStyle": {
            "opacity": 1
          },
          "ignoreSeriesPalettes": false,
          "legendMarkerColor": "#2D0028",
          "lineStyle": {
            "color": "#6FA7D1",
            "lineOpacity": 1,
            "lineWidth": 1,
            "opacityInDec": 100
          },
          "meta": {
            "columnName": "#{Change Rate}",
            "columnType": "float",
            "expressionLhs": null,
            "format": ".1%"
          },
          "name": "#{Change Rate}",
          "pqlBuilder": true,
          "ratioFormula": {},
          "secondaryAxis": true,
          "seriesColor": "#<%= Company_Color1 %>",
          "seriesColorMapping": "",
          "seriesPalette": "",
          "showDataLabels": true,
          "showMarkers": true,
          "styles": {
            "left": "0px",
            "position": "absolute",
            "right": "4px",
            "top": "440px"
          },
          "text": "AVG(\nCASE\n     WHEN PU_COUNT(\"AFPO\", \"_CEL_PP_ACTIVITIES\".\"ACTIVITY_EN\", \"_CEL_PP_ACTIVITIES\".\"ACTIVITY_EN\" IN ('Change Scheduled Start Date', 'Change Scheduled Finish Date')) > 0 THEN 1.0\n     ELSE 0.0\nEND)\n",
          "textColor": "",
          "textColorMapping": "",
          "translatedName": "Change Rate",
          "units": "",
          "valueFormat": ".1%"
        }
      ],
      "axis2Config": {
        "autoTickCount": false,
        "axisLabelStyle": {
          "backgroundColor": "",
          "borderColor": "",
          "fontColor": ""
        },
        "axisLineStyle": {
          "color": "#6FA7D1",
          "lineColor": "",
          "lineOpacity": 1,
          "lineWidth": 1,
          "opacityInDec": 100
        },
        "axisTitleStyle": {
          "backgroundColor": "",
          "borderColor": "",
          "currentFontSize": {
            "name": "small 13px",
            "value": 13
          },
          "fontColor": "",
          "fontSize": 13
        },
        "boundsMax": 0.6,
        "boundsMin": 0,
        "boundsMode": "AUTO",
        "fillStyle": {
          "opacity": 1
        },
        "gridlineStyle": {
          "color": "#6FA7D1",
          "lineColor": "",
          "lineOpacity": 1,
          "lineWidth": 1,
          "opacityInDec": 100
        },
        "seriesColor": "",
        "showAxis": true,
        "showAxisLabels": true,
        "showAxisTitle": false,
        "showTickLines": false
      },
      "backgroundColor": "#ffffff",
      "border": false,
      "chartType": "column",
      "clickToFilter": true,
      "componentFilter": "FILTER \"_CEL_PP_ACTIVITIES\".\"ACTIVITY_EN\" IN (<%=FocusActivity%>);\nFILTER YEAR(_CEL_PP_ACTIVITIES.EVENTTIME)=2019;",
      "contextMenuMethods": {
        "componentFilter": true,
        "copy": true,
        "deletable": true,
        "export": true,
        "fullscreen": true,
        "layers": true,
        "settings": true
      },
      "dataLabelsPositions": [
        "top",
        "middle",
        "bottom",
        "custom"
      ],
      "diagramBackground": false,
      "diagramBackgroundStyle": {
        "fillColor": "",
        "opacity": 1
      },
      "diagramBorder": true,
      "diagramBorderStyle": {
        "color": "#6FA7D1",
        "lineColor": "#e9e9e9",
        "lineOpacity": 1,
        "lineWidth": 1,
        "opacityInDec": 100
      },
      "distinct": true,
      "feedbackMode": false,
      "filteringSelf": true,
      "hasBackground": true,
      "hasHoverbuttons": false,
      "height": 19,
      "hoverButtonFixed": false,
      "hoverButtonPosition": "RIGHT",
      "id": "6749c412-972b-422b-a1cb-92301621281d",
      "legendFontStyle": {
        "backgroundColor": "",
        "borderColor": "",
        "currentFontSize": {
          "name": "x-small 11px",
          "value": 11
        },
        "fontColor": "",
        "fontSize": 11
      },
      "legendOverlay": false,
      "legendPosition": "bc",
      "legendShow": true,
      "limitMode": "SCROLL",
      "limitNumber": 12,
      "maximized": false,
      "multisort": true,
      "pinScrollbarRight": true,
      "positionLines": [
        {
          "formula": {
            "text": ""
          },
          "isSecondary": false,
          "labelPosition": 1,
          "lineConfig": {},
          "name": "Position Line",
          "positionLineFormat": {
            "color": "#6FA7D1",
            "lineColor": "#777",
            "lineOpacity": 1,
            "lineStyle": "dotted",
            "lineWidth": 1,
            "opacityInDec": 100
          }
        }
      ],
      "selection": [],
      "seriesColor": "",
      "showHeader": true,
      "showOthers": false,
      "showTitle": true,
      "textStyle": {
        "currentFontSize": {
          "name": "medium 14px",
          "value": 14
        },
        "fontSize": 14
      },
      "title": "Development of Change Rate by PO Creation Date",
      "titleStyle": {
        "backgroundColor": "#eaeaea",
        "bold": true,
        "borderColor": "",
        "currentFontSize": {
          "name": "medium 14px",
          "value": 14
        },
        "fontColor": "#<%= Company_Color1 %>",
        "fontSize": 14
      },
      "toolBorder": false,
      "tooltips": true,
      "type": "pql-table",
      "unfilteredInput": false,
      "vertical": false,
      "width": 37,
      "x": 16,
      "y": 8,
      "zIndex": 16
    },
    {
      "allowDataLink": false,
      "backgroundColor": "#ffffff",
      "border": false,
      "buttonTitle": "Select Time Unit: <%= dat_dim_overview %>",
      "buttons": [
        {
          "action": "setVariable",
          "backgroundColor": "",
          "buttonTitle": "Daily",
          "titleStyle": {
            "fontColor": ""
          },
          "variableName": "dat_dim_overview",
          "variableValue": "Daily",
          "variables": [
            {
              "title": "dat_dim_overview",
              "variableName": "dat_dim_overview",
              "variableValue": "Daily"
            }
          ]
        },
        {
          "action": "setVariable",
          "backgroundColor": "",
          "buttonTitle": "Weekly (CW)",
          "titleStyle": {
            "fontColor": ""
          },
          "variableName": "dat_dim_overview",
          "variableValue": "Weekly",
          "variables": [
            {
              "title": "dat_dim_overview",
              "variableName": "dat_dim_overview",
              "variableValue": "Weekly"
            }
          ]
        },
        {
          "action": "setVariable",
          "backgroundColor": "",
          "buttonTitle": "Monthly",
          "titleStyle": {
            "fontColor": ""
          },
          "variableName": "dat_dim_overview",
          "variableValue": "Monthly",
          "variables": [
            {
              "title": "dat_dim_overview",
              "variableName": "dat_dim_overview",
              "variableValue": "Monthly"
            }
          ]
        }
      ],
      "clickToFilter": true,
      "componentFilter": "",
      "contextMenuMethods": {
        "componentFilter": true,
        "copy": true,
        "deletable": true,
        "export": true,
        "fullscreen": true,
        "layers": true,
        "settings": true
      },
      "diagramBackground": false,
      "diagramBackgroundStyle": {
        "fillColor": "",
        "opacity": 1
      },
      "diagramBorder": true,
      "diagramBorderStyle": {
        "lineColor": "#e9e9e9",
        "lineOpacity": 1,
        "lineWidth": 1
      },
      "feedbackMode": false,
      "filteringSelf": true,
      "hasBackground": true,
      "hasHoverbuttons": false,
      "height": 2,
      "id": "35cfad8e-5c65-4820-89ad-96b07c3dc591",
      "inputType": "Manual Input",
      "loadEntries": {
        "formula": {
          "text": ""
        },
        "isMultiSelect": true,
        "preview": "Value1 Value2"
      },
      "maximized": false,
      "selection": [],
      "showHeader": true,
      "title": "",
      "titleStyle": {
        "currentFontSize": {
          "name": "x-large 17px",
          "value": 17
        },
        "fontSize": 17
      },
      "toolBorder": false,
      "type": "button_dropdown",
      "vertical": false,
      "width": 14,
      "x": 39,
      "y": 8,
      "zIndex": 28
    },
    {
      "allowDataLink": false,
      "backgroundColor": "#ffffff",
      "border": false,
      "clickToFilter": true,
      "componentFilter": "",
      "contextMenuMethods": {
        "componentFilter": true,
        "copy": true,
        "deletable": true,
        "export": true,
        "fullscreen": true,
        "layers": true,
        "settings": true
      },
      "diagramBackground": false,
      "diagramBackgroundStyle": {
        "fillColor": "",
        "opacity": 1
      },
      "diagramBorder": true,
      "diagramBorderStyle": {
        "color": "#6FA7D1",
        "lineColor": "#e9e9e9",
        "lineOpacity": 1,
        "lineWidth": 1,
        "opacityInDec": 100
      },
      "feedbackMode": false,
      "filteredThresholds": false,
      "filteringSelf": true,
      "formula": {
        "name": "Single KPI",
        "text": "COUNT_TABLE(\"AFPO\")",
        "translatedName": "Single KPI",
        "valueFormat": ".3s"
      },
      "hasBackground": true,
      "hasHoverbuttons": false,
      "height": 5,
      "hoverButtonFixed": false,
      "hoverButtonPosition": "RIGHT",
      "id": "436bed25-4692-4193-bfe7-b50edee891c5",
      "initThresholdsCount": 1,
      "kpiValue": 44832,
      "maximized": false,
      "minHeight": 2,
      "minWidth": 2,
      "segmentsInput": [
        {
          "color": "#1f77b4",
          "formula": {
            "text": "1500"
          },
          "value": 1500
        },
        {
          "color": "#1f77b4",
          "formula": {
            "text": "1500"
          },
          "value": 1500
        }
      ],
      "selection": [],
      "settings": {
        "fixedTextSize": true,
        "initThresholdsCount": 1,
        "singleColor": "#<%= Company_Color1 %>",
        "singleColorEnabled": true,
        "subtitlePosition": "left",
        "viewType": "number"
      },
      "showHeader": true,
      "thresholds": [
        {
          "color": "#<%= Company_Color1 %>",
          "formula": {
            "text": "1500"
          },
          "value": 1500
        }
      ],
      "title": "# Process Orders",
      "titleStyle": {
        "backgroundColor": "#eaeaea",
        "bold": true,
        "borderColor": "",
        "currentFontSize": {
          "name": "medium 14px",
          "value": 14
        },
        "fontColor": "#<%= Company_Color1 %>",
        "fontSize": 14
      },
      "toolBorder": false,
      "type": "single-kpi",
      "version": 1,
      "vertical": false,
      "viewType": "number",
      "width": 9,
      "x": 16,
      "y": 1,
      "zIndex": 26
    },
    {
      "allowDataLink": false,
      "backgroundColor": "#ffffff",
      "border": false,
      "clickToFilter": true,
      "componentFilter": "",
      "contextMenuMethods": {
        "componentFilter": true,
        "copy": true,
        "deletable": true,
        "export": true,
        "fullscreen": true,
        "layers": true,
        "settings": true
      },
      "diagramBackground": false,
      "diagramBackgroundStyle": {
        "fillColor": "",
        "opacity": 1
      },
      "diagramBorder": true,
      "diagramBorderStyle": {
        "color": "#6FA7D1",
        "lineColor": "#e9e9e9",
        "lineOpacity": 1,
        "lineWidth": 1,
        "opacityInDec": 100
      },
      "feedbackMode": false,
      "filteredThresholds": false,
      "filteringSelf": true,
      "formula": {
        "name": "Single KPI",
        "text": "<%= statistic %>(KPI(\"Lead Time\", VARIABLE(<%= unit %>), VARIABLE(<%= LeadTime_From %>), VARIABLE(<%= LeadTime_To %>), VARIABLE(FIRST), VARIABLE(LAST)))",
        "translatedName": "Single KPI",
        "units": "<%= unit_unit %>",
        "valueFormat": ",.1f"
      },
      "hasBackground": true,
      "hasHoverbuttons": false,
      "height": 5,
      "hoverButtonFixed": false,
      "hoverButtonPosition": "RIGHT",
      "id": "0b2b7b3a-0242-44b0-932f-608f7ebfd6dd",
      "initThresholdsCount": 1,
      "kpiValue": null,
      "maximized": false,
      "minHeight": 2,
      "minWidth": 2,
      "segmentsInput": [
        {
          "color": "#1f77b4",
          "formula": {
            "text": "1500"
          },
          "value": 1500
        },
        {
          "color": "#1f77b4",
          "formula": {
            "text": "1500"
          },
          "value": 1500
        }
      ],
      "selection": [],
      "settings": {
        "fixedTextSize": false,
        "initThresholdsCount": 1,
        "singleColor": "#<%= Company_Color1 %>",
        "singleColorEnabled": true,
        "subtitlePosition": "left",
        "viewType": "number"
      },
      "showHeader": true,
      "thresholds": [
        {
          "color": "#<%= Company_Color1 %>",
          "formula": {
            "text": "1500"
          },
          "value": 1500
        }
      ],
      "title": "Lead Time (<%= LeadTime_Text %>)",
      "titleStyle": {
        "backgroundColor": "#eaeaea",
        "bold": true,
        "borderColor": "",
        "currentFontSize": {
          "name": "medium 14px",
          "value": 14
        },
        "fontColor": "#<%= Company_Color1 %>",
        "fontSize": 14
      },
      "toolBorder": false,
      "type": "single-kpi",
      "version": 1,
      "vertical": false,
      "viewType": "number",
      "width": 14,
      "x": 26,
      "y": 1,
      "zIndex": 20
    },
    {
      "allowDataLink": false,
      "backgroundColor": "#ffffff",
      "border": false,
      "clickToFilter": true,
      "componentFilter": "",
      "contextMenuMethods": {
        "componentFilter": true,
        "copy": true,
        "deletable": true,
        "export": true,
        "fullscreen": true,
        "layers": true,
        "settings": true
      },
      "diagramBackground": false,
      "diagramBackgroundStyle": {
        "fillColor": "",
        "opacity": 1
      },
      "diagramBorder": true,
      "diagramBorderStyle": {
        "lineColor": "#e9e9e9",
        "lineOpacity": 1,
        "lineWidth": 1
      },
      "dropdownSettings": {
        "formula": {
          "text": "<%=Filter_Option11%>"
        },
        "isMultiSelect": true
      },
      "dropdownText": "#{<%=Filter_Option11_Text%>}",
      "feedbackMode": false,
      "filteringSelf": true,
      "hasBackground": true,
      "hasHoverbuttons": false,
      "height": 2,
      "id": "2b44c9c2-3c41-4890-a4ca-6af32da4ddd1",
      "maximized": false,
      "selection": [],
      "showHeader": true,
      "title": "",
      "titleStyle": {
        "currentFontSize": {
          "name": "x-large 17px",
          "value": 17
        },
        "fontSize": 17
      },
      "toolBorder": false,
      "type": "dropdown",
      "vertical": false,
      "width": 13,
      "x": 1,
      "y": 25,
      "zIndex": 28
    },
    {
      "backgroundColor": "#ffffff",
      "border": false,
      "clickToFilter": true,
      "componentFilter": "",
      "contextMenuMethods": {
        "componentFilter": true,
        "copy": true,
        "deletable": true,
        "export": true,
        "fullscreen": true,
        "layers": true,
        "settings": true
      },
      "diagramBackground": false,
      "diagramBackgroundStyle": {
        "fillColor": "",
        "opacity": 1
      },
      "diagramBorder": true,
      "diagramBorderStyle": {
        "color": "#6FA7D1",
        "lineColor": "#e9e9e9",
        "lineOpacity": 1,
        "lineWidth": 1,
        "opacityInDec": 100
      },
      "feedbackMode": false,
      "filteredThresholds": false,
      "filteringSelf": true,
      "formula": {
        "name": "#{% Process Orders w/ Rework}",
        "text": "KPI(\"Change Rate\", 'Change Scheduled Finish Date')",
        "translatedName": "% Process Orders w/ Rework",
        "units": "",
        "valueFormat": ",.1%"
      },
      "hasBackground": true,
      "hasHoverbuttons": false,
      "height": 5,
      "hoverButtonFixed": false,
      "hoverButtonPosition": "RIGHT",
      "id": "e8a40a5e-5000-4496-badb-f9603ead2937",
      "kpiValue": null,
      "maximized": false,
      "minHeight": 2,
      "minWidth": 2,
      "segmentsInput": [
        {
          "color": "#3182bd",
          "formula": {
            "text": "0"
          },
          "value": 0
        },
        {
          "color": "#76d1bb",
          "formula": {
            "text": "500"
          },
          "value": 500
        },
        {
          "color": "#ffd062",
          "formula": {
            "text": "1000"
          },
          "value": 1000
        },
        {
          "color": "#ff8884",
          "formula": {
            "text": "1500"
          },
          "value": 1500
        }
      ],
      "segmentsResult": [
        {
          "color": "#3182bd",
          "openPopup": false,
          "relatedFormula": {
            "color": "#3182bd",
            "formula": {
              "text": "0"
            }
          },
          "value": 0
        },
        {
          "color": "#76d1bb",
          "openPopup": false,
          "relatedFormula": {
            "color": "#76d1bb",
            "formula": {
              "text": "500"
            }
          },
          "value": 500
        },
        {
          "color": "#ffd062",
          "openPopup": false,
          "relatedFormula": {
            "color": "#ffd062",
            "formula": {
              "text": "1000"
            }
          },
          "value": 1000
        },
        {
          "color": "#ff8884",
          "openPopup": false,
          "relatedFormula": {
            "color": "#ff8884",
            "formula": {
              "text": "1500"
            }
          },
          "value": 1500
        }
      ],
      "selection": [],
      "settings": {
        "fixedTextSize": false,
        "maxValue": 1500,
        "minValue": 0,
        "singleColor": "#1b1b1b",
        "singleColorEnabled": true,
        "subtitlePosition": "left",
        "viewType": "number"
      },
      "showHeader": true,
      "thresholds": [
        {
          "color": "#1b1b1b",
          "formula": {
            "text": "0"
          },
          "value": 0
        }
      ],
      "title": "Ratio Orders (Sched. Fin. Change)",
      "titleStyle": {
        "alignment": "center",
        "backgroundColor": "#<%= Company_Color2 %>",
        "bold": true,
        "borderColor": "",
        "currentFontSize": {
          "name": "medium 14px",
          "value": 14
        },
        "fontColor": "#<%= Company_Color1 %>",
        "fontSize": 14
      },
      "toolBorder": false,
      "type": "single-kpi",
      "version": 1,
      "vertical": false,
      "width": 15,
      "x": 68,
      "y": 1,
      "zIndex": 8
    },
    {
      "backgroundColor": "#ffffff",
      "border": false,
      "clickToFilter": true,
      "componentFilter": "",
      "contextMenuMethods": {
        "componentFilter": true,
        "copy": true,
        "deletable": true,
        "export": true,
        "fullscreen": true,
        "layers": true,
        "settings": true
      },
      "diagramBackground": false,
      "diagramBackgroundStyle": {
        "fillColor": "",
        "opacity": 1
      },
      "diagramBorder": true,
      "diagramBorderStyle": {
        "color": "#6FA7D1",
        "lineColor": "#e9e9e9",
        "lineOpacity": 1,
        "lineWidth": 1,
        "opacityInDec": 100
      },
      "feedbackMode": false,
      "filteredThresholds": false,
      "filteringSelf": true,
      "formula": {
        "name": "#{% Process Orders w/ Rework}",
        "text": "KPI(\"Change Rate\", 'Change Scheduled Start Date')",
        "translatedName": "% Process Orders w/ Rework",
        "units": "",
        "valueFormat": ",.1%"
      },
      "hasBackground": true,
      "hasHoverbuttons": false,
      "height": 5,
      "hoverButtonFixed": false,
      "hoverButtonPosition": "RIGHT",
      "id": "c8f1b504-4271-4d45-b462-adbc8f8f14aa",
      "kpiValue": null,
      "maximized": false,
      "minHeight": 2,
      "minWidth": 2,
      "segmentsInput": [
        {
          "color": "#3182bd",
          "formula": {
            "text": "0"
          },
          "value": 0
        },
        {
          "color": "#76d1bb",
          "formula": {
            "text": "500"
          },
          "value": 500
        },
        {
          "color": "#ffd062",
          "formula": {
            "text": "1000"
          },
          "value": 1000
        },
        {
          "color": "#ff8884",
          "formula": {
            "text": "1500"
          },
          "value": 1500
        }
      ],
      "segmentsResult": [
        {
          "color": "#3182bd",
          "openPopup": false,
          "relatedFormula": {
            "color": "#3182bd",
            "formula": {
              "text": "0"
            }
          },
          "value": 0
        },
        {
          "color": "#76d1bb",
          "openPopup": false,
          "relatedFormula": {
            "color": "#76d1bb",
            "formula": {
              "text": "500"
            }
          },
          "value": 500
        },
        {
          "color": "#ffd062",
          "openPopup": false,
          "relatedFormula": {
            "color": "#ffd062",
            "formula": {
              "text": "1000"
            }
          },
          "value": 1000
        },
        {
          "color": "#ff8884",
          "openPopup": false,
          "relatedFormula": {
            "color": "#ff8884",
            "formula": {
              "text": "1500"
            }
          },
          "value": 1500
        }
      ],
      "selection": [],
      "settings": {
        "fixedTextSize": false,
        "maxValue": 1500,
        "minValue": 0,
        "singleColor": "#1b1b1b",
        "singleColorEnabled": true,
        "subtitlePosition": "left",
        "viewType": "number"
      },
      "showHeader": true,
      "thresholds": [
        {
          "color": "#1b1b1b",
          "formula": {
            "text": "0"
          },
          "value": 0
        }
      ],
      "title": "Ratio Orders (Sched. Start Change)",
      "titleStyle": {
        "alignment": "center",
        "backgroundColor": "#<%= Company_Color2 %>",
        "bold": true,
        "borderColor": "",
        "currentFontSize": {
          "name": "medium 14px",
          "value": 14
        },
        "fontColor": "#<%= Company_Color1 %>",
        "fontSize": 14
      },
      "toolBorder": false,
      "type": "single-kpi",
      "version": 1,
      "vertical": false,
      "width": 15,
      "x": 43,
      "y": 1,
      "zIndex": 9
    },
    {
      "backgroundColor": "#ffffff",
      "border": false,
      "clickToFilter": true,
      "componentFilter": "",
      "contextMenuMethods": {
        "componentFilter": true,
        "copy": true,
        "deletable": true,
        "export": true,
        "fullscreen": true,
        "layers": true,
        "settings": true
      },
      "diagramBackground": false,
      "diagramBackgroundStyle": {
        "fillColor": "",
        "opacity": 1
      },
      "diagramBorder": true,
      "diagramBorderStyle": {
        "color": "#6FA7D1",
        "lineColor": "#e9e9e9",
        "lineOpacity": 1,
        "lineWidth": 1,
        "opacityInDec": 100
      },
      "feedbackMode": false,
      "filteredThresholds": false,
      "filteringSelf": true,
      "formula": {
        "name": "#{% Process Orders w/ Rework}",
        "text": "MEDIAN(KPI(\"int_kpi_delta_schedule\", 'Change Scheduled Start Date'))",
        "translatedName": "% Process Orders w/ Rework",
        "units": "d",
        "valueFormat": ",f"
      },
      "hasBackground": true,
      "hasHoverbuttons": false,
      "height": 5,
      "hoverButtonFixed": false,
      "hoverButtonPosition": "RIGHT",
      "id": "c2531864-945d-4c52-a7f5-3b6489a41c57",
      "kpiValue": 1,
      "maximized": false,
      "minHeight": 2,
      "minWidth": 2,
      "segmentsInput": [
        {
          "color": "#3182bd",
          "formula": {
            "text": "0"
          },
          "value": 0
        },
        {
          "color": "#76d1bb",
          "formula": {
            "text": "500"
          },
          "value": 500
        },
        {
          "color": "#ffd062",
          "formula": {
            "text": "1000"
          },
          "value": 1000
        },
        {
          "color": "#ff8884",
          "formula": {
            "text": "1500"
          },
          "value": 1500
        }
      ],
      "segmentsResult": [
        {
          "color": "#3182bd",
          "openPopup": false,
          "relatedFormula": {
            "color": "#3182bd",
            "formula": {
              "text": "0"
            }
          },
          "value": 0
        },
        {
          "color": "#76d1bb",
          "openPopup": false,
          "relatedFormula": {
            "color": "#76d1bb",
            "formula": {
              "text": "500"
            }
          },
          "value": 500
        },
        {
          "color": "#ffd062",
          "openPopup": false,
          "relatedFormula": {
            "color": "#ffd062",
            "formula": {
              "text": "1000"
            }
          },
          "value": 1000
        },
        {
          "color": "#ff8884",
          "openPopup": false,
          "relatedFormula": {
            "color": "#ff8884",
            "formula": {
              "text": "1500"
            }
          },
          "value": 1500
        }
      ],
      "selection": [],
      "settings": {
        "fixedTextSize": false,
        "maxValue": 1500,
        "minValue": 0,
        "singleColor": "#1b1b1b",
        "singleColorEnabled": true,
        "subtitle": "",
        "subtitlePosition": "left",
        "viewType": "number"
      },
      "showHeader": true,
      "thresholds": [
        {
          "color": "#1b1b1b",
          "formula": {
            "text": "0"
          },
          "value": 0
        }
      ],
      "title": "Delta (First to last)",
      "titleStyle": {
        "alignment": "center",
        "backgroundColor": "#<%= Company_Color2 %>",
        "bold": true,
        "borderColor": "",
        "currentFontSize": {
          "name": "medium 14px",
          "value": 14
        },
        "fontColor": "#<%= Company_Color1 %>",
        "fontSize": 14
      },
      "toolBorder": false,
      "type": "single-kpi",
      "version": 1,
      "vertical": false,
      "width": 8,
      "x": 58,
      "y": 1,
      "zIndex": 10
    },
    {
      "backgroundColor": "#ffffff",
      "border": false,
      "clickToFilter": true,
      "componentFilter": "",
      "contextMenuMethods": {
        "componentFilter": true,
        "copy": true,
        "deletable": true,
        "export": true,
        "fullscreen": true,
        "layers": true,
        "settings": true
      },
      "diagramBackground": false,
      "diagramBackgroundStyle": {
        "fillColor": "",
        "opacity": 1
      },
      "diagramBorder": true,
      "diagramBorderStyle": {
        "color": "#6FA7D1",
        "lineColor": "#e9e9e9",
        "lineOpacity": 1,
        "lineWidth": 1,
        "opacityInDec": 100
      },
      "feedbackMode": false,
      "filteredThresholds": false,
      "filteringSelf": true,
      "formula": {
        "name": "#{% Process Orders w/ Rework}",
        "text": "MEDIAN(KPI(\"int_kpi_delta_schedule\", 'Change Scheduled Finish Date'))",
        "translatedName": "% Process Orders w/ Rework",
        "units": "d",
        "valueFormat": ",f"
      },
      "hasBackground": true,
      "hasHoverbuttons": false,
      "height": 5,
      "hoverButtonFixed": false,
      "hoverButtonPosition": "RIGHT",
      "id": "de2863a4-6a63-4b1a-a656-09f373f51b6c",
      "kpiValue": null,
      "maximized": false,
      "minHeight": 2,
      "minWidth": 2,
      "segmentsInput": [
        {
          "color": "#3182bd",
          "formula": {
            "text": "0"
          },
          "value": 0
        },
        {
          "color": "#76d1bb",
          "formula": {
            "text": "500"
          },
          "value": 500
        },
        {
          "color": "#ffd062",
          "formula": {
            "text": "1000"
          },
          "value": 1000
        },
        {
          "color": "#ff8884",
          "formula": {
            "text": "1500"
          },
          "value": 1500
        }
      ],
      "segmentsResult": [
        {
          "color": "#3182bd",
          "openPopup": false,
          "relatedFormula": {
            "color": "#3182bd",
            "formula": {
              "text": "0"
            }
          },
          "value": 0
        },
        {
          "color": "#76d1bb",
          "openPopup": false,
          "relatedFormula": {
            "color": "#76d1bb",
            "formula": {
              "text": "500"
            }
          },
          "value": 500
        },
        {
          "color": "#ffd062",
          "openPopup": false,
          "relatedFormula": {
            "color": "#ffd062",
            "formula": {
              "text": "1000"
            }
          },
          "value": 1000
        },
        {
          "color": "#ff8884",
          "openPopup": false,
          "relatedFormula": {
            "color": "#ff8884",
            "formula": {
              "text": "1500"
            }
          },
          "value": 1500
        }
      ],
      "selection": [],
      "settings": {
        "fixedTextSize": false,
        "maxValue": 1500,
        "minValue": 0,
        "singleColor": "#1b1b1b",
        "singleColorEnabled": true,
        "subtitle": "",
        "subtitlePosition": "left",
        "viewType": "number"
      },
      "showHeader": true,
      "thresholds": [
        {
          "color": "#1b1b1b",
          "formula": {
            "text": "0"
          },
          "value": 0
        }
      ],
      "title": "Delta (First to Last)",
      "titleStyle": {
        "alignment": "center",
        "backgroundColor": "#<%= Company_Color2 %>",
        "bold": true,
        "borderColor": "",
        "currentFontSize": {
          "name": "medium 14px",
          "value": 14
        },
        "fontColor": "#<%= Company_Color1 %>",
        "fontSize": 14
      },
      "toolBorder": false,
      "type": "single-kpi",
      "version": 1,
      "vertical": false,
      "width": 8,
      "x": 83,
      "y": 1,
      "zIndex": 11
    }
  ],
  "contentType": "blank-sheet",
  "excludeFromPublish": true,
  "format": "FULLSCREEN",
  "id": "d451406c-a5bb-43ac-a14a-3f53bb01a668",
  "lines": [
    {
      "allowDataLink": false,
      "arrow": "no-arrow",
      "backgroundColor": "#ffffff",
      "border": false,
      "clickToFilter": true,
      "color": "#777",
      "componentFilter": "",
      "contextMenuMethods": {
        "componentFilter": true,
        "copy": true,
        "deletable": true,
        "export": true,
        "fullscreen": true,
        "layers": true,
        "settings": true
      },
      "diagramBackground": false,
      "diagramBackgroundStyle": {
        "fillColor": "",
        "opacity": 1
      },
      "diagramBorder": true,
      "diagramBorderStyle": {
        "lineColor": "#e9e9e9",
        "lineOpacity": 1,
        "lineWidth": 1
      },
      "directionType": "horizontal",
      "feedbackMode": false,
      "filteringSelf": true,
      "hasBackground": true,
      "hasHoverbuttons": false,
      "height": 1,
      "id": "b61a81cd-b59d-4c03-b59c-1e0c51596bd6",
      "maximized": false,
      "selection": [],
      "showHeader": true,
      "stroke": "solid",
      "thickness": 3,
      "title": "",
      "titleStyle": {
        "currentFontSize": {
          "name": "x-large 17px",
          "value": 17
        },
        "fontSize": 17
      },
      "toolBorder": false,
      "type": "line",
      "vertical": false,
      "width": 83,
      "x": 16,
      "y": 7,
      "zIndex": 32
    }
  ],
  "name": "Schedule Change Explorer",
  "position": {
    "height": 804,
    "left": 0,
    "top": 0,
    "width": 1200
  },
  "sheetFilter": {
    "text": ""
  }
}