{
  "components": [
    {
      "allowDataLink": false,
      "backgroundColor": "#ffffff",
      "border": false,
      "clickToFilter": true,
      "componentFilter": "",
      "contextMenuMethods": {
        "componentFilter": true,
        "copy": true,
        "deletable": true,
        "export": true,
        "fullscreen": true,
        "layers": true,
        "settings": true
      },
      "diagramBackground": false,
      "diagramBackgroundStyle": {
        "fillColor": "",
        "opacity": 1
      },
      "diagramBorder": true,
      "diagramBorderStyle": {
        "lineColor": "#e9e9e9",
        "lineOpacity": 1,
        "lineWidth": 1
      },
      "feedbackMode": false,
      "filteringSelf": true,
      "hasBackground": true,
      "hasHoverbuttons": false,
      "height": 5,
      "id": "6c14fba3-95bf-4d5e-b366-9ea4985da2db",
      "maximized": false,
      "selection": [],
      "showHeader": true,
      "title": "",
      "titleStyle": {
        "currentFontSize": {
          "name": "x-large 17px",
          "value": 17
        },
        "fontSize": 17
      },
      "toolBorder": false,
      "type": "logo-component",
      "vertical": false,
      "width": 13,
      "x": 1,
      "y": 1,
      "zIndex": 26
    },
    {
      "allowDataLink": false,
      "backgroundColor": "#ffffff",
      "border": false,
      "clickToFilter": true,
      "componentFilter": "",
      "contextMenuMethods": {
        "componentFilter": true,
        "copy": true,
        "deletable": true,
        "export": true,
        "fullscreen": true,
        "layers": true,
        "settings": true
      },
      "diagramBackground": true,
      "diagramBackgroundStyle": {
        "fillColor": "#<%= Company_Color1 %>",
        "opacity": 1
      },
      "diagramBorder": false,
      "diagramBorderStyle": {
        "lineColor": "#e9e9e9",
        "lineOpacity": 1,
        "lineWidth": 1
      },
      "feedbackMode": false,
      "filteringSelf": true,
      "formulas": [],
      "hasBackground": true,
      "hasHoverbuttons": false,
      "height": 50,
      "id": "bf51c995-e009-4159-b316-f7c18db5bea1",
      "maximized": false,
      "selection": [],
      "showHeader": true,
      "text": "",
      "title": "",
      "titleStyle": {
        "currentFontSize": {
          "name": "x-large 17px",
          "value": 17
        },
        "fontSize": 17
      },
      "toolBorder": false,
      "type": "text",
      "vertical": false,
      "width": 15,
      "x": 0,
      "y": 0,
      "zIndex": 2
    },
    {
      "allowDataLink": false,
      "backgroundColor": "#ffffff",
      "border": false,
      "clickToFilter": true,
      "componentFilter": "",
      "contextMenuMethods": {
        "componentFilter": true,
        "copy": true,
        "deletable": true,
        "export": true,
        "fullscreen": true,
        "layers": true,
        "settings": true
      },
      "diagramBackground": false,
      "diagramBackgroundStyle": {
        "fillColor": "",
        "opacity": 1
      },
      "diagramBorder": true,
      "diagramBorderStyle": {
        "lineColor": "#e9e9e9",
        "lineOpacity": 1,
        "lineWidth": 1
      },
      "dropdownSettings": {
        "formula": {
          "text": "<%= Filter_Option1 %>"
        },
        "isMultiSelect": true
      },
      "dropdownText": "#{<%=Filter_Option1_Text%>}",
      "feedbackMode": false,
      "filteringSelf": true,
      "hasBackground": true,
      "hasHoverbuttons": false,
      "height": 2,
      "id": "900dedd3-fe7b-4b91-9a61-d9c87b84ef0c",
      "maximized": false,
      "selection": [],
      "showHeader": true,
      "title": "",
      "titleStyle": {
        "currentFontSize": {
          "name": "x-large 17px",
          "value": 17
        },
        "fontSize": 17
      },
      "toolBorder": false,
      "type": "dropdown",
      "vertical": false,
      "width": 13,
      "x": 1,
      "y": 21,
      "zIndex": 18
    },
    {
      "allowDataLink": false,
      "backgroundColor": "#ffffff",
      "border": false,
      "clickToFilter": true,
      "componentFilter": "",
      "contextMenuMethods": {
        "componentFilter": true,
        "copy": true,
        "deletable": true,
        "export": true,
        "fullscreen": true,
        "layers": true,
        "settings": true
      },
      "diagramBackground": false,
      "diagramBackgroundStyle": {
        "fillColor": "",
        "opacity": 1
      },
      "diagramBorder": true,
      "diagramBorderStyle": {
        "lineColor": "#e9e9e9",
        "lineOpacity": 1,
        "lineWidth": 1
      },
      "dropdownSettings": {
        "formula": {
          "text": "<%=Filter_Option2%>"
        },
        "isMultiSelect": true
      },
      "dropdownText": "<%=Filter_Option2_Text%>",
      "feedbackMode": false,
      "filteringSelf": true,
      "hasBackground": true,
      "hasHoverbuttons": false,
      "height": 2,
      "id": "1fa72aa7-d81c-4e00-8cba-580c3e804c41",
      "maximized": false,
      "selection": [],
      "showHeader": true,
      "title": "",
      "titleStyle": {
        "currentFontSize": {
          "name": "x-large 17px",
          "value": 17
        },
        "fontSize": 17
      },
      "toolBorder": false,
      "type": "dropdown",
      "vertical": false,
      "width": 13,
      "x": 1,
      "y": 38,
      "zIndex": 18
    },
    {
      "allowDataLink": false,
      "backgroundColor": "#ffffff",
      "border": false,
      "clickToFilter": true,
      "componentFilter": "",
      "contextMenuMethods": {
        "componentFilter": true,
        "copy": true,
        "deletable": true,
        "export": true,
        "fullscreen": true,
        "layers": true,
        "settings": true
      },
      "diagramBackground": false,
      "diagramBackgroundStyle": {
        "fillColor": "",
        "opacity": 1
      },
      "diagramBorder": true,
      "diagramBorderStyle": {
        "lineColor": "#e9e9e9",
        "lineOpacity": 1,
        "lineWidth": 1
      },
      "dropdownSettings": {
        "formula": {
          "text": "<%=Filter_Option3%>"
        },
        "isMultiSelect": true
      },
      "dropdownText": "<%=Filter_Option3_Text%>",
      "feedbackMode": false,
      "filteringSelf": true,
      "hasBackground": true,
      "hasHoverbuttons": false,
      "height": 2,
      "id": "41e9f1d1-4948-4452-98c4-07f79b00a8ab",
      "maximized": false,
      "selection": [],
      "showHeader": true,
      "title": "",
      "titleStyle": {
        "currentFontSize": {
          "name": "x-large 17px",
          "value": 17
        },
        "fontSize": 17
      },
      "toolBorder": false,
      "type": "dropdown",
      "vertical": false,
      "width": 13,
      "x": 1,
      "y": 42,
      "zIndex": 18
    },
    {
      "allowDataLink": false,
      "backgroundColor": "#ffffff",
      "border": false,
      "clickToFilter": true,
      "componentFilter": "",
      "contextMenuMethods": {
        "componentFilter": true,
        "copy": true,
        "deletable": true,
        "export": true,
        "fullscreen": true,
        "layers": true,
        "settings": true
      },
      "diagramBackground": false,
      "diagramBackgroundStyle": {
        "fillColor": "",
        "opacity": 1
      },
      "diagramBorder": false,
      "diagramBorderStyle": {
        "lineColor": "#e9e9e9",
        "lineOpacity": 1,
        "lineWidth": 1
      },
      "feedbackMode": false,
      "filteringSelf": true,
      "formulas": [],
      "hasBackground": true,
      "hasHoverbuttons": false,
      "height": 2,
      "id": "a3b0713d-5be1-44c7-bd4d-1487fed92f12",
      "maximized": false,
      "selection": [],
      "showHeader": true,
      "text": "[b][color=#<%= Company_Color2 %>]Filter by:[/color][/b]",
      "title": "",
      "titleStyle": {
        "currentFontSize": {
          "name": "x-large 17px",
          "value": 17
        },
        "fontSize": 17
      },
      "toolBorder": false,
      "type": "text",
      "vertical": false,
      "width": 13,
      "x": 1,
      "y": 11,
      "zIndex": 8
    },
    {
      "allowDataLink": false,
      "backgroundColor": "#ffffff",
      "border": false,
      "clickToFilter": true,
      "componentFilter": "",
      "contextMenuMethods": {
        "componentFilter": true,
        "copy": true,
        "deletable": true,
        "export": true,
        "fullscreen": true,
        "layers": true,
        "settings": true
      },
      "diagramBackground": false,
      "diagramBackgroundStyle": {
        "fillColor": "",
        "opacity": 1
      },
      "diagramBorder": false,
      "diagramBorderStyle": {
        "lineColor": "#e9e9e9",
        "lineOpacity": 1,
        "lineWidth": 1
      },
      "feedbackMode": false,
      "filteringSelf": true,
      "formulas": [],
      "hasBackground": true,
      "hasHoverbuttons": false,
      "height": 3,
      "id": "67cc7a55-6f16-4e27-8638-3d5f27a8c9b0",
      "maximized": false,
      "selection": [],
      "showHeader": true,
      "text": "[center][b][size=19][color=#<%= Company_Color2 %>]Deep Dive (TPT)[/color][/size][/b][/center]",
      "title": "",
      "titleStyle": {
        "currentFontSize": {
          "name": "x-large 17px",
          "value": 17
        },
        "fontSize": 17
      },
      "toolBorder": false,
      "type": "text",
      "vertical": false,
      "width": 13,
      "x": 1,
      "y": 8,
      "zIndex": 24
    },
    {
      "allowDataLink": false,
      "backgroundColor": "#ffffff",
      "border": false,
      "clickToFilter": true,
      "componentFilter": "",
      "contextMenuMethods": {
        "componentFilter": true,
        "copy": true,
        "deletable": true,
        "export": true,
        "fullscreen": true,
        "layers": true,
        "settings": true
      },
      "diagramBackground": false,
      "diagramBackgroundStyle": {
        "fillColor": "",
        "opacity": 1
      },
      "diagramBorder": true,
      "diagramBorderStyle": {
        "lineColor": "#e9e9e9",
        "lineOpacity": 1,
        "lineWidth": 1
      },
      "dropdownSettings": {
        "formula": {
          "text": "<%=Filter_Option04%>"
        },
        "isMultiSelect": true
      },
      "dropdownText": "#{<%=Filter_Option04_Text%>}",
      "feedbackMode": false,
      "filteringSelf": true,
      "hasBackground": true,
      "hasHoverbuttons": false,
      "height": 2,
      "id": "71a04d60-5c48-4b94-aae9-ac5d5826c059",
      "maximized": false,
      "selection": [],
      "showHeader": true,
      "title": "",
      "titleStyle": {
        "currentFontSize": {
          "name": "x-large 17px",
          "value": 17
        },
        "fontSize": 17
      },
      "toolBorder": false,
      "type": "dropdown",
      "vertical": false,
      "width": 13,
      "x": 1,
      "y": 34,
      "zIndex": 24
    },
    {
      "allowDataLink": false,
      "backgroundColor": "#ffffff",
      "border": false,
      "clickToFilter": true,
      "componentFilter": "",
      "contextMenuMethods": {
        "componentFilter": true,
        "copy": true,
        "deletable": true,
        "export": true,
        "fullscreen": true,
        "layers": true,
        "settings": true
      },
      "diagramBackground": false,
      "diagramBackgroundStyle": {
        "fillColor": "",
        "opacity": 1
      },
      "diagramBorder": true,
      "diagramBorderStyle": {
        "lineColor": "#e9e9e9",
        "lineOpacity": 1,
        "lineWidth": 1
      },
      "dropdownSettings": {
        "formula": {
          "text": "<%=Filter_Option05%>"
        },
        "isMultiSelect": true
      },
      "dropdownText": "#{<%=Filter_Option05_Text%>}",
      "feedbackMode": false,
      "filteringSelf": true,
      "hasBackground": true,
      "hasHoverbuttons": false,
      "height": 2,
      "id": "81b4f1ac-f425-4854-97f5-43364732d896",
      "maximized": false,
      "selection": [],
      "showHeader": true,
      "title": "",
      "titleStyle": {
        "currentFontSize": {
          "name": "x-large 17px",
          "value": 17
        },
        "fontSize": 17
      },
      "toolBorder": false,
      "type": "dropdown",
      "vertical": false,
      "width": 13,
      "x": 1,
      "y": 36,
      "zIndex": 19
    },
    {
      "allowDataLink": false,
      "backgroundColor": "#ffffff",
      "border": false,
      "clickToFilter": true,
      "componentFilter": "",
      "contextMenuMethods": {
        "componentFilter": true,
        "copy": true,
        "deletable": true,
        "export": true,
        "fullscreen": true,
        "layers": true,
        "settings": true
      },
      "diagramBackground": false,
      "diagramBackgroundStyle": {
        "fillColor": "",
        "opacity": 1
      },
      "diagramBorder": true,
      "diagramBorderStyle": {
        "lineColor": "#e9e9e9",
        "lineOpacity": 1,
        "lineWidth": 1
      },
      "dropdownSettings": {
        "formula": {
          "text": "<%=Filter_Option06%>"
        },
        "isMultiSelect": true
      },
      "dropdownText": "#{<%=Filter_Option06_Text%>}",
      "feedbackMode": false,
      "filteringSelf": true,
      "hasBackground": true,
      "hasHoverbuttons": false,
      "height": 2,
      "id": "031601b7-941a-4948-841a-a7f8b7932ee0",
      "maximized": false,
      "selection": [],
      "showHeader": true,
      "title": "",
      "titleStyle": {
        "currentFontSize": {
          "name": "x-large 17px",
          "value": 17
        },
        "fontSize": 17
      },
      "toolBorder": false,
      "type": "dropdown",
      "vertical": false,
      "width": 13,
      "x": 1,
      "y": 23,
      "zIndex": 19
    },
    {
      "allowDataLink": false,
      "backgroundColor": "#ffffff",
      "border": false,
      "clickToFilter": true,
      "componentFilter": "",
      "contextMenuMethods": {
        "componentFilter": true,
        "copy": true,
        "deletable": true,
        "export": true,
        "fullscreen": true,
        "layers": true,
        "settings": true
      },
      "diagramBackground": false,
      "diagramBackgroundStyle": {
        "fillColor": "",
        "opacity": 1
      },
      "diagramBorder": true,
      "diagramBorderStyle": {
        "lineColor": "#e9e9e9",
        "lineOpacity": 1,
        "lineWidth": 1
      },
      "dropdownSettings": {
        "formula": {
          "text": "<%=Filter_Option07%>"
        },
        "isMultiSelect": true
      },
      "dropdownText": "#{<%=Filter_Option07_Text%>}",
      "feedbackMode": false,
      "filteringSelf": true,
      "hasBackground": true,
      "hasHoverbuttons": false,
      "height": 2,
      "id": "458eb41f-36f6-40a6-b581-795a19501862",
      "maximized": false,
      "selection": [],
      "showHeader": true,
      "title": "",
      "titleStyle": {
        "currentFontSize": {
          "name": "x-large 17px",
          "value": 17
        },
        "fontSize": 17
      },
      "toolBorder": false,
      "type": "dropdown",
      "vertical": false,
      "width": 13,
      "x": 1,
      "y": 27,
      "zIndex": 19
    },
    {
      "allowDataLink": false,
      "backgroundColor": "#ffffff",
      "border": false,
      "clickToFilter": true,
      "componentFilter": "",
      "contextMenuMethods": {
        "componentFilter": true,
        "copy": true,
        "deletable": true,
        "export": true,
        "fullscreen": true,
        "layers": true,
        "settings": true
      },
      "diagramBackground": false,
      "diagramBackgroundStyle": {
        "fillColor": "",
        "opacity": 1
      },
      "diagramBorder": true,
      "diagramBorderStyle": {
        "lineColor": "#e9e9e9",
        "lineOpacity": 1,
        "lineWidth": 1
      },
      "dropdownSettings": {
        "formula": {
          "text": "<%=Filter_Option08%>"
        },
        "isMultiSelect": true
      },
      "dropdownText": "#{<%=Filter_Option08_Text%>}",
      "feedbackMode": false,
      "filteringSelf": true,
      "hasBackground": true,
      "hasHoverbuttons": false,
      "height": 2,
      "id": "c2ace631-e4c2-40f3-b735-b998f7b917bd",
      "maximized": false,
      "selection": [],
      "showHeader": true,
      "title": "",
      "titleStyle": {
        "currentFontSize": {
          "name": "x-large 17px",
          "value": 17
        },
        "fontSize": 17
      },
      "toolBorder": false,
      "type": "dropdown",
      "vertical": false,
      "width": 13,
      "x": 1,
      "y": 29,
      "zIndex": 25
    },
    {
      "allowDataLink": false,
      "backgroundColor": "#ffffff",
      "border": false,
      "clickToFilter": true,
      "componentFilter": "",
      "contextMenuMethods": {
        "componentFilter": true,
        "copy": true,
        "deletable": true,
        "export": true,
        "fullscreen": true,
        "layers": true,
        "settings": true
      },
      "diagramBackground": false,
      "diagramBackgroundStyle": {
        "fillColor": "",
        "opacity": 1
      },
      "diagramBorder": true,
      "diagramBorderStyle": {
        "lineColor": "#e9e9e9",
        "lineOpacity": 1,
        "lineWidth": 1
      },
      "dropdownSettings": {
        "formula": {
          "text": "<%=Filter_Option10%>"
        },
        "isMultiSelect": true
      },
      "dropdownText": "#{<%=Filter_Option10_Text%>}",
      "feedbackMode": false,
      "filteringSelf": true,
      "hasBackground": true,
      "hasHoverbuttons": false,
      "height": 2,
      "id": "642483b0-cb1d-4a25-bea6-1a99916bfb5f",
      "maximized": false,
      "selection": [],
      "showHeader": true,
      "title": "",
      "titleStyle": {
        "currentFontSize": {
          "name": "x-large 17px",
          "value": 17
        },
        "fontSize": 17
      },
      "toolBorder": false,
      "type": "dropdown",
      "vertical": false,
      "width": 13,
      "x": 1,
      "y": 47,
      "zIndex": 26
    },
    {
      "allowDataLink": false,
      "backgroundColor": "#ffffff",
      "border": false,
      "clickToFilter": true,
      "componentFilter": "",
      "contextMenuMethods": {
        "componentFilter": true,
        "copy": true,
        "deletable": true,
        "export": true,
        "fullscreen": true,
        "layers": true,
        "settings": true
      },
      "diagramBackground": false,
      "diagramBackgroundStyle": {
        "fillColor": "",
        "opacity": 1
      },
      "diagramBorder": true,
      "diagramBorderStyle": {
        "lineColor": "#e9e9e9",
        "lineOpacity": 1,
        "lineWidth": 1
      },
      "dropdownSettings": {
        "formula": {
          "text": "<%=Filter_Option09%>"
        },
        "isMultiSelect": true
      },
      "dropdownText": "#{<%=Filter_Option09_Text%>}",
      "feedbackMode": false,
      "filteringSelf": true,
      "hasBackground": true,
      "hasHoverbuttons": false,
      "height": 2,
      "id": "4c532d7a-6fc7-42e2-ab4d-9dfbc03e0118",
      "maximized": false,
      "selection": [],
      "showHeader": true,
      "title": "",
      "titleStyle": {
        "currentFontSize": {
          "name": "x-large 17px",
          "value": 17
        },
        "fontSize": 17
      },
      "toolBorder": false,
      "type": "dropdown",
      "vertical": false,
      "width": 13,
      "x": 1,
      "y": 45,
      "zIndex": 20
    },
    {
      "allowDataLink": false,
      "backgroundColor": "#ffffff",
      "border": false,
      "clickToFilter": true,
      "componentFilter": "",
      "contextMenuMethods": {
        "componentFilter": true,
        "copy": true,
        "deletable": true,
        "export": true,
        "fullscreen": true,
        "layers": true,
        "settings": true
      },
      "diagramBackground": false,
      "diagramBackgroundStyle": {
        "fillColor": "",
        "opacity": 1
      },
      "diagramBorder": true,
      "diagramBorderStyle": {
        "lineColor": "#e9e9e9",
        "lineOpacity": 1,
        "lineWidth": 1
      },
      "dropdownSettings": {
        "formula": {
          "text": "<%=Filter_Option12%>"
        },
        "isMultiSelect": true
      },
      "dropdownText": "#{<%=Filter_Option12_Text%>}",
      "feedbackMode": false,
      "filteringSelf": true,
      "hasBackground": true,
      "hasHoverbuttons": false,
      "height": 2,
      "id": "0e751ba8-765b-4fb2-95f3-468b6d2285a2",
      "maximized": false,
      "selection": [],
      "showHeader": true,
      "title": "",
      "titleStyle": {
        "currentFontSize": {
          "name": "x-large 17px",
          "value": 17
        },
        "fontSize": 17
      },
      "toolBorder": false,
      "type": "dropdown",
      "vertical": false,
      "width": 13,
      "x": 1,
      "y": 40,
      "zIndex": 19
    },
    {
      "alignment": "vertical",
      "allowDataLink": false,
      "backgroundColor": "#ffffff",
      "border": false,
      "clickToFilter": true,
      "componentFilter": "",
      "contextMenuMethods": {
        "componentFilter": true,
        "copy": true,
        "deletable": true,
        "export": true,
        "fullscreen": true,
        "layers": true,
        "settings": true
      },
      "datepickerSettings": {
        "formula": {
          "name": "",
          "text": "PU_FIRST(\"AFPO\", \"_CEL_PP_ACTIVITIES\".\"EVENTTIME\", \"_CEL_PP_ACTIVITIES\".\"ACTIVITY_EN\" = 'Create Process Order')",
          "translatedName": ""
        }
      },
      "diagramBackground": false,
      "diagramBackgroundStyle": {
        "fillColor": "",
        "opacity": 1
      },
      "diagramBorder": true,
      "diagramBorderStyle": {
        "lineColor": "#e9e9e9",
        "lineOpacity": 1,
        "lineWidth": 1
      },
      "feedbackMode": false,
      "filteringSelf": true,
      "hasBackground": true,
      "hasHoverbuttons": false,
      "height": 5,
      "id": "d4fc6aef-2caf-4fee-bb2d-92638df6464d",
      "maximized": false,
      "selection": [],
      "showHeader": true,
      "title": "PO Creation Date",
      "titleStyle": {
        "backgroundColor": "",
        "bold": false,
        "borderColor": "",
        "currentFontSize": {
          "name": "large 15px",
          "value": 15
        },
        "fontColor": "#<%= Company_Color2 %>",
        "fontSize": 15
      },
      "toolBorder": false,
      "type": "date_picker",
      "vertical": false,
      "width": 13,
      "x": 1,
      "y": 13,
      "zIndex": 27
    },
    {
      "allowDataLink": false,
      "backgroundColor": "#ffffff",
      "border": false,
      "buttonTitle": "<%= Dropdown_Option01_Text %>",
      "buttons": [
        {
          "action": "setVariable",
          "backgroundColor": "",
          "buttonTitle": "Plant",
          "titleStyle": {
            "fontColor": ""
          },
          "variableName": "Dropdown_Option01",
          "variableValue": "\"AUFK\".\"WERKS\" || ' - ' || \"AUFK\".\"WERKS_TEXT\"",
          "variables": [
            {
              "title": "Dropdown_Option01",
              "variableName": "Dropdown_Option01",
              "variableValue": "\"AUFK\".\"WERKS\" || ' - ' || \"AUFK\".\"WERKS_TEXT\""
            },
            {
              "title": "Dropdown_Option01_Text",
              "variableName": "Dropdown_Option01_Text",
              "variableValue": "Plant"
            }
          ]
        },
        {
          "action": "setVariable",
          "backgroundColor": "",
          "buttonTitle": "Production Scheduler",
          "titleStyle": {
            "fontColor": ""
          },
          "variableName": "Dropdown_Option01",
          "variableValue": "\"AFKO\".\"FEVOR\" || ' - ' || \"AFKO\".\"FEVOR_TEXT\"",
          "variables": [
            {
              "title": "Dropdown_Option01",
              "variableName": "Dropdown_Option01",
              "variableValue": "\"AFKO\".\"FEVOR\" || ' - ' || \"AFKO\".\"FEVOR_TEXT\""
            },
            {
              "title": "Dropdown_Option01_Text",
              "variableName": "Dropdown_Option01_Text",
              "variableValue": "Production Scheduler"
            }
          ]
        },
        {
          "action": "setVariable",
          "backgroundColor": "",
          "buttonTitle": "PPMG",
          "titleStyle": {
            "fontColor": ""
          },
          "variableName": "Dropdown_Option01_Text",
          "variableValue": "PPMG",
          "variables": [
            {
              "title": "Dropdown_Option01_Text",
              "variableName": "Dropdown_Option01_Text",
              "variableValue": "PPMG"
            },
            {
              "title": "Dropdown_Option01",
              "variableName": "Dropdown_Option01",
              "variableValue": "\"AFPO\".\"PPMG\""
            }
          ]
        },
        {
          "action": "setVariable",
          "backgroundColor": "",
          "buttonTitle": "Process Order Type",
          "titleStyle": {
            "fontColor": ""
          },
          "variableName": "Dropdown_Option01",
          "variableValue": "\"AUFK\".\"AUART\"",
          "variables": [
            {
              "title": "Dropdown_Option01",
              "variableName": "Dropdown_Option01",
              "variableValue": "\"AUFK\".\"AUART\""
            },
            {
              "title": "Dropdown_Option01_Text",
              "variableName": "Dropdown_Option01_Text",
              "variableValue": "Process Order Type"
            }
          ]
        },
        {
          "action": "setVariable",
          "backgroundColor": "",
          "buttonTitle": "MRP Controller",
          "titleStyle": {
            "fontColor": ""
          },
          "variableName": "Dropdown_Option01",
          "variableValue": "\"MARC\".\"DISPO\" || ' - ' || \"MARC\".\"DISPO_TEXT\"",
          "variables": [
            {
              "title": "Dropdown_Option01",
              "variableName": "Dropdown_Option01",
              "variableValue": "\"MARC\".\"DISPO\" || ' - ' || \"MARC\".\"DISPO_TEXT\""
            },
            {
              "title": "Dropdown_Option01_Text",
              "variableName": "Dropdown_Option01_Text",
              "variableValue": "MRP Controller"
            }
          ]
        },
        {
          "action": "setVariable",
          "backgroundColor": "",
          "buttonTitle": "Material Type",
          "titleStyle": {
            "fontColor": ""
          },
          "variableName": "Dropdown_Option01_Text",
          "variableValue": "Material Type",
          "variables": [
            {
              "title": "Dropdown_Option01_Text",
              "variableName": "Dropdown_Option01_Text",
              "variableValue": "Material Type"
            },
            {
              "title": "Dropdown_Option01",
              "variableName": "Dropdown_Option01",
              "variableValue": "\"MARA\".\"MTART\" || ' - ' || \"MARA\".\"MTART_TEXT\""
            }
          ]
        },
        {
          "action": "setVariable",
          "backgroundColor": "",
          "buttonTitle": "Material Group",
          "titleStyle": {
            "fontColor": ""
          },
          "variableName": "Dropdown_Option01_Text",
          "variableValue": "Material Group",
          "variables": [
            {
              "title": "Dropdown_Option01_Text",
              "variableName": "Dropdown_Option01_Text",
              "variableValue": "Material Group"
            },
            {
              "title": "Dropdown_Option01",
              "variableName": "Dropdown_Option01",
              "variableValue": "\"MARA\".\"MATKL\" || ' - '  || \"MARA\".\"MATKL_TEXT\""
            }
          ]
        },
        {
          "action": "setVariable",
          "backgroundColor": "",
          "buttonTitle": "Material",
          "titleStyle": {
            "fontColor": ""
          },
          "variableName": "Dropdown_Option01_Text",
          "variableValue": "Material",
          "variables": [
            {
              "title": "Dropdown_Option01_Text",
              "variableName": "Dropdown_Option01_Text",
              "variableValue": "Material"
            },
            {
              "title": "Dropdown_Option01",
              "variableName": "Dropdown_Option01",
              "variableValue": "\"AFPO\".\"MATNR2\" || ' - ' || \"AFPO\".\"MATNR_TEXT\""
            }
          ]
        }
      ],
      "clickToFilter": true,
      "componentFilter": "",
      "contextMenuMethods": {
        "componentFilter": true,
        "copy": true,
        "deletable": true,
        "export": true,
        "fullscreen": true,
        "layers": true,
        "settings": true
      },
      "diagramBackground": false,
      "diagramBackgroundStyle": {
        "fillColor": "",
        "opacity": 1
      },
      "diagramBorder": true,
      "diagramBorderStyle": {
        "lineColor": "#e9e9e9",
        "lineOpacity": 1,
        "lineWidth": 1
      },
      "feedbackMode": false,
      "filteringSelf": true,
      "hasBackground": true,
      "hasHoverbuttons": false,
      "height": 2,
      "id": "621e9c6e-8731-44b8-99f1-88fc9b8b0c0e",
      "inputType": "Manual Input",
      "loadEntries": {
        "formula": {
          "text": ""
        },
        "isMultiSelect": true,
        "preview": "Value1 Value2"
      },
      "maximized": false,
      "selection": [],
      "showHeader": true,
      "title": "",
      "titleStyle": {
        "currentFontSize": {
          "name": "x-large 17px",
          "value": 17
        },
        "fontSize": 17
      },
      "toolBorder": false,
      "type": "button_dropdown",
      "vertical": false,
      "width": 13,
      "x": 86,
      "y": 8,
      "zIndex": 30
    },
    {
      "allowDataLink": false,
      "backgroundColor": "#ffffff",
      "border": false,
      "clickToFilter": true,
      "componentFilter": "",
      "contextMenuMethods": {
        "componentFilter": true,
        "copy": true,
        "deletable": true,
        "export": true,
        "fullscreen": true,
        "layers": true,
        "settings": true
      },
      "diagramBackground": false,
      "diagramBackgroundStyle": {
        "fillColor": "",
        "opacity": 1
      },
      "diagramBorder": true,
      "diagramBorderStyle": {
        "color": "#6FA7D1",
        "lineColor": "#e9e9e9",
        "lineOpacity": 1,
        "lineWidth": 1,
        "opacityInDec": 100
      },
      "feedbackMode": false,
      "filteredThresholds": false,
      "filteringSelf": true,
      "formula": {
        "name": "Single KPI",
        "text": "<%= statistic %>(KPI(\"Lead Time\", VARIABLE(<%= unit %>), VARIABLE('Status: Delivered'), VARIABLE('Make Usage Decision'), VARIABLE(<%= From_Occ %>), VARIABLE(<%= To_Occ %>)))",
        "translatedName": "Single KPI",
        "units": "<%= unit_unit %>",
        "valueFormat": ",.1f"
      },
      "hasBackground": true,
      "hasHoverbuttons": false,
      "height": 5,
      "hoverButtonFixed": false,
      "hoverButtonPosition": "RIGHT",
      "id": "5ea93a90-f97c-44f7-9dd4-65affb3a8db9",
      "initThresholdsCount": 1,
      "kpiValue": 116.80972222222222,
      "maximized": false,
      "minHeight": 2,
      "minWidth": 2,
      "segmentsInput": [
        {
          "color": "#1f77b4",
          "formula": {
            "text": "1500"
          },
          "value": 1500
        },
        {
          "color": "#1f77b4",
          "formula": {
            "text": "1500"
          },
          "value": 1500
        }
      ],
      "selection": [],
      "settings": {
        "fixedTextSize": false,
        "initThresholdsCount": 1,
        "singleColor": "#<%= Company_Color1 %>",
        "singleColorEnabled": true,
        "subtitlePosition": "left",
        "viewType": "number"
      },
      "showHeader": true,
      "thresholds": [
        {
          "color": "#<%= Company_Color1 %>",
          "formula": {
            "text": "1500"
          },
          "value": 1500
        }
      ],
      "title": "TPT (GR --> UD)",
      "titleStyle": {
        "alignment": "center",
        "backgroundColor": "#<%= Company_Color2 %>",
        "bold": true,
        "borderColor": "",
        "currentFontSize": {
          "name": "medium 14px",
          "value": 14
        },
        "fontColor": "#<%= Company_Color1 %>",
        "fontSize": 14
      },
      "toolBorder": false,
      "type": "single-kpi",
      "version": 1,
      "vertical": false,
      "viewType": "number",
      "width": 11,
      "x": 28,
      "y": 1,
      "zIndex": 19
    },
    {
      "allowDataLink": false,
      "backgroundColor": "#ffffff",
      "border": false,
      "clickToFilter": true,
      "componentFilter": "",
      "contextMenuMethods": {
        "componentFilter": true,
        "copy": true,
        "deletable": true,
        "export": true,
        "fullscreen": true,
        "layers": true,
        "settings": true
      },
      "diagramBackground": false,
      "diagramBackgroundStyle": {
        "fillColor": "",
        "opacity": 1
      },
      "diagramBorder": true,
      "diagramBorderStyle": {
        "color": "#6FA7D1",
        "lineColor": "#e9e9e9",
        "lineOpacity": 1,
        "lineWidth": 1,
        "opacityInDec": 100
      },
      "feedbackMode": false,
      "filteredThresholds": false,
      "filteringSelf": true,
      "formula": {
        "name": "Single KPI",
        "text": "COUNT_TABLE(\"AFPO\")",
        "translatedName": "Single KPI",
        "valueFormat": ".3s"
      },
      "hasBackground": true,
      "hasHoverbuttons": false,
      "height": 5,
      "hoverButtonFixed": false,
      "hoverButtonPosition": "RIGHT",
      "id": "9d25c82c-af2f-4b27-ae0a-c7cc5d784783",
      "initThresholdsCount": 1,
      "kpiValue": 93654,
      "maximized": false,
      "minHeight": 2,
      "minWidth": 2,
      "segmentsInput": [
        {
          "color": "#1f77b4",
          "formula": {
            "text": "1500"
          },
          "value": 1500
        },
        {
          "color": "#1f77b4",
          "formula": {
            "text": "1500"
          },
          "value": 1500
        }
      ],
      "selection": [],
      "settings": {
        "fixedTextSize": true,
        "initThresholdsCount": 1,
        "singleColor": "#<%= Company_Color1 %>",
        "singleColorEnabled": true,
        "subtitlePosition": "left",
        "viewType": "number"
      },
      "showHeader": true,
      "thresholds": [
        {
          "color": "#<%= Company_Color1 %>",
          "formula": {
            "text": "1500"
          },
          "value": 1500
        }
      ],
      "title": "# Process Orders",
      "titleStyle": {
        "backgroundColor": "#eaeaea",
        "bold": true,
        "borderColor": "",
        "currentFontSize": {
          "name": "medium 14px",
          "value": 14
        },
        "fontColor": "#<%= Company_Color1 %>",
        "fontSize": 14
      },
      "toolBorder": false,
      "type": "single-kpi",
      "version": 1,
      "vertical": false,
      "viewType": "number",
      "width": 10,
      "x": 16,
      "y": 1,
      "zIndex": 25
    },
    {
      "allowDataLink": false,
      "backgroundColor": "#ffffff",
      "border": false,
      "clickToFilter": true,
      "componentFilter": "",
      "contextMenuMethods": {
        "componentFilter": true,
        "copy": true,
        "deletable": true,
        "export": true,
        "fullscreen": true,
        "layers": true,
        "settings": true
      },
      "diagramBackground": false,
      "diagramBackgroundStyle": {
        "fillColor": "",
        "opacity": 1
      },
      "diagramBorder": false,
      "diagramBorderStyle": {
        "lineColor": "#e9e9e9",
        "lineOpacity": 1,
        "lineWidth": 1
      },
      "feedbackMode": false,
      "filteringSelf": true,
      "formulas": [],
      "hasBackground": true,
      "hasHoverbuttons": false,
      "height": 2,
      "id": "dec6469d-7151-4405-93eb-771aa91d3cfa",
      "maximized": false,
      "selection": [],
      "showHeader": true,
      "text": "[b][color=#<%= Company_Color1 %>]Throughput Time Settings:[/color][/b]",
      "title": "",
      "titleStyle": {
        "currentFontSize": {
          "name": "x-large 17px",
          "value": 17
        },
        "fontSize": 17
      },
      "toolBorder": false,
      "type": "text",
      "vertical": false,
      "width": 20,
      "x": 61,
      "y": 0,
      "zIndex": 10
    },
    {
      "allowDataLink": false,
      "backgroundColor": "#<%= Company_Color2 %>",
      "border": false,
      "buttonTitle": "Select Time Unit: <%= unit %>",
      "buttons": [
        {
          "action": "setVariable",
          "backgroundColor": "",
          "buttonTitle": "Hours",
          "titleStyle": {
            "fontColor": ""
          },
          "variableName": "unit_unit",
          "variableValue": "h",
          "variables": [
            {
              "title": "unit_unit",
              "variableName": "unit_unit",
              "variableValue": "h"
            },
            {
              "title": "unit",
              "variableName": "unit",
              "variableValue": "Hours"
            }
          ]
        },
        {
          "action": "setVariable",
          "backgroundColor": "",
          "buttonTitle": "Days",
          "titleStyle": {
            "fontColor": ""
          },
          "variableName": "unit_unit",
          "variableValue": "d",
          "variables": [
            {
              "title": "unit_unit",
              "variableName": "unit_unit",
              "variableValue": "d"
            },
            {
              "title": "unit",
              "variableName": "unit",
              "variableValue": "days"
            }
          ]
        },
        {
          "action": "setVariable",
          "backgroundColor": "",
          "buttonTitle": "Weeks",
          "titleStyle": {
            "fontColor": ""
          },
          "variableName": "unit_unit",
          "variableValue": "wk",
          "variables": [
            {
              "title": "unit_unit",
              "variableName": "unit_unit",
              "variableValue": "wk"
            },
            {
              "title": "unit",
              "variableName": "unit",
              "variableValue": "Weeks"
            }
          ]
        },
        {
          "action": "setVariable",
          "backgroundColor": "",
          "buttonTitle": "Months",
          "titleStyle": {
            "fontColor": ""
          },
          "variableName": "unit_unit",
          "variableValue": "m",
          "variables": [
            {
              "title": "unit_unit",
              "variableName": "unit_unit",
              "variableValue": "m"
            },
            {
              "title": "unit",
              "variableName": "unit",
              "variableValue": "Months"
            }
          ]
        }
      ],
      "clickToFilter": true,
      "componentFilter": "",
      "contextMenuMethods": {
        "componentFilter": true,
        "copy": true,
        "deletable": true,
        "export": true,
        "fullscreen": true,
        "layers": true,
        "settings": true
      },
      "diagramBackground": false,
      "diagramBackgroundStyle": {
        "fillColor": "",
        "opacity": 1
      },
      "diagramBorder": true,
      "diagramBorderStyle": {
        "lineColor": "#e9e9e9",
        "lineOpacity": 1,
        "lineWidth": 1
      },
      "feedbackMode": false,
      "filteringSelf": true,
      "hasBackground": true,
      "hasHoverbuttons": false,
      "height": 2,
      "id": "bc1a1d73-ad56-400e-9114-22bc901d686e",
      "inputType": "Manual Input",
      "loadEntries": {
        "formula": {
          "text": ""
        },
        "isMultiSelect": true,
        "preview": "Value1 Value2"
      },
      "maximized": false,
      "selection": [],
      "showHeader": true,
      "title": "",
      "titleStyle": {
        "currentFontSize": {
          "name": "x-large 17px",
          "value": 17
        },
        "fontSize": 17
      },
      "toolBorder": false,
      "type": "button_dropdown",
      "vertical": false,
      "width": 17,
      "x": 61,
      "y": 2,
      "zIndex": 29
    },
    {
      "allowDataLink": false,
      "backgroundColor": "#<%= Company_Color2 %>",
      "border": false,
      "buttonTitle": "Select Calculation Statistic: <%= statistic %>",
      "buttons": [
        {
          "action": "setVariable",
          "backgroundColor": "",
          "buttonTitle": "MEDIAN",
          "titleStyle": {
            "fontColor": ""
          },
          "variableName": "statistic",
          "variableValue": "MEDIAN",
          "variables": [
            {
              "title": "statistic",
              "variableName": "statistic",
              "variableValue": "MEDIAN"
            }
          ]
        },
        {
          "action": "setVariable",
          "backgroundColor": "",
          "buttonTitle": "AVG",
          "titleStyle": {
            "fontColor": ""
          },
          "variableName": "statistic",
          "variableValue": "AVG",
          "variables": [
            {
              "title": "statistic",
              "variableName": "statistic",
              "variableValue": "AVG"
            }
          ]
        }
      ],
      "clickToFilter": true,
      "componentFilter": "",
      "contextMenuMethods": {
        "componentFilter": true,
        "copy": true,
        "deletable": true,
        "export": true,
        "fullscreen": true,
        "layers": true,
        "settings": true
      },
      "diagramBackground": false,
      "diagramBackgroundStyle": {
        "fillColor": "",
        "opacity": 1
      },
      "diagramBorder": true,
      "diagramBorderStyle": {
        "lineColor": "#e9e9e9",
        "lineOpacity": 1,
        "lineWidth": 1
      },
      "feedbackMode": false,
      "filteringSelf": true,
      "hasBackground": true,
      "hasHoverbuttons": false,
      "height": 2,
      "id": "870bac2c-b55c-49f6-a075-23235e0a4c3b",
      "inputType": "Manual Input",
      "loadEntries": {
        "formula": {
          "text": ""
        },
        "isMultiSelect": true,
        "preview": "Value1 Value2"
      },
      "maximized": false,
      "selection": [],
      "showHeader": true,
      "title": "",
      "titleStyle": {
        "currentFontSize": {
          "name": "x-large 17px",
          "value": 17
        },
        "fontSize": 17
      },
      "toolBorder": false,
      "type": "button_dropdown",
      "vertical": false,
      "width": 17,
      "x": 61,
      "y": 4,
      "zIndex": 29
    },
    {
      "allowDataLink": false,
      "backgroundColor": "#ffffff",
      "border": false,
      "clickToFilter": true,
      "componentFilter": "",
      "contextMenuMethods": {
        "componentFilter": true,
        "copy": true,
        "deletable": true,
        "export": true,
        "fullscreen": true,
        "layers": true,
        "settings": true
      },
      "diagramBackground": true,
      "diagramBackgroundStyle": {
        "fillColor": "#cccccc",
        "opacity": 0.51
      },
      "diagramBorder": false,
      "diagramBorderStyle": {
        "lineColor": "#e9e9e9",
        "lineOpacity": 1,
        "lineWidth": 1
      },
      "feedbackMode": false,
      "filteringSelf": true,
      "formulas": [],
      "hasBackground": true,
      "hasHoverbuttons": false,
      "height": 7,
      "id": "443aa707-db44-4eee-815f-080ee9157477",
      "maximized": false,
      "selection": [],
      "showHeader": true,
      "text": "",
      "title": "",
      "titleStyle": {
        "currentFontSize": {
          "name": "x-large 17px",
          "value": 17
        },
        "fontSize": 17
      },
      "toolBorder": false,
      "type": "text",
      "vertical": false,
      "width": 39,
      "x": 60,
      "y": 0,
      "zIndex": 1
    },
    {
      "allowDataLink": false,
      "axis0": [
        {
          "fillStyle": {
            "opacity": 1
          },
          "legendMarkerColor": "#ffd062",
          "name": "#{Lead Time (Sched. Start --> GR)}",
          "ratioFormula": {},
          "seriesColor": "#ffd062",
          "seriesColorMapping": "",
          "seriesPalette": "",
          "text": "KPI(\"Lead Time\", VARIABLE(<%= unit %>), VARIABLE('Status: Delivered'), VARIABLE('Make Usage Decision'), VARIABLE(FIRST), VARIABLE(LAST))",
          "translatedName": "Lead Time (Sched. Start --> GR)",
          "type": "dimension",
          "units": " <%= unit_unit %>",
          "valueFormat": ",f"
        }
      ],
      "axis0Config": {
        "autoTickCount": true,
        "axisLabelStyle": {
          "backgroundColor": "",
          "borderColor": "",
          "currentFontSize": {
            "name": "x-small 11px",
            "value": 11
          },
          "fontColor": "",
          "fontSize": 11
        },
        "axisLineStyle": {
          "lineOpacity": 1
        },
        "axisTitleStyle": {
          "backgroundColor": "",
          "borderColor": "",
          "currentFontSize": {
            "name": "small 13px",
            "value": 13
          },
          "fontColor": "",
          "fontSize": 13
        },
        "gapWidth": 0.45,
        "gridlineStyle": {
          "lineOpacity": 1
        },
        "seriesOverlap": 0.45,
        "showAxis": true,
        "showAxisLabels": true,
        "showAxisTitle": false,
        "showTickLines": true,
        "title": "distribution"
      },
      "axis1": [
        {
          "dataLabelStyle": {
            "backgroundColor": "",
            "borderColor": "",
            "fontColor": ""
          },
          "fillStyle": {
            "opacity": 1
          },
          "name": "#{# Process Orders}",
          "noExpression": true,
          "ratioFormula": {},
          "seriesColor": "#<%= Company_Color2 %>",
          "seriesColorMapping": "",
          "seriesPalette": "",
          "showDataLabels": true,
          "valueFormat": ",f"
        }
      ],
      "axis1Config": {
        "autoTickCount": true,
        "axisLabelStyle": {
          "backgroundColor": "",
          "borderColor": "",
          "currentFontSize": {
            "name": "x-small 11px",
            "value": 11
          },
          "fontColor": "",
          "fontSize": 11
        },
        "axisLineStyle": {
          "color": "#6FA7D1",
          "lineColor": "",
          "lineOpacity": 1,
          "lineWidth": 1,
          "opacityInDec": 100
        },
        "axisTitleStyle": {
          "backgroundColor": "",
          "borderColor": "",
          "currentFontSize": {
            "name": "small 13px",
            "value": 13
          },
          "fontColor": "",
          "fontSize": 13
        },
        "boundsMode": "AUTO",
        "gridlineStyle": {
          "color": "#6FA7D1",
          "lineColor": "#e4e4e4",
          "lineOpacity": 1,
          "lineWidth": 1,
          "opacityInDec": 100
        },
        "ratioFormula": {},
        "seriesColor": "",
        "showAxis": true,
        "showAxisLabels": true,
        "showAxisTitle": false,
        "showGridlines": true,
        "showTickLines": true,
        "title": "number_of_occurrences"
      },
      "axis2": [],
      "axis2Config": {
        "autoTickCount": true,
        "axisLabelStyle": {
          "backgroundColor": "",
          "borderColor": "",
          "fontColor": ""
        },
        "axisLineStyle": {},
        "axisTitleStyle": {
          "backgroundColor": "",
          "borderColor": "",
          "currentFontSize": {
            "name": "small 13px",
            "value": 13
          },
          "fontColor": "",
          "fontSize": 13
        },
        "boundsMode": "AUTO",
        "gridlineStyle": {},
        "showAxis": true,
        "showAxisLabels": true,
        "showTickLines": true
      },
      "backgroundColor": "#ffffff",
      "border": false,
      "chartType": "histogram",
      "clickToFilter": true,
      "componentFilter": "",
      "contextMenuMethods": {
        "componentFilter": true,
        "copy": true,
        "deletable": true,
        "export": true,
        "fullscreen": true,
        "layers": true,
        "settings": true
      },
      "dataLabelsPositions": [
        "top",
        "middle",
        "bottom",
        "custom"
      ],
      "dataType": "float",
      "diagramBackground": false,
      "diagramBackgroundStyle": {
        "fillColor": "",
        "opacity": 1
      },
      "diagramBorder": true,
      "diagramBorderStyle": {
        "color": "#6FA7D1",
        "lineColor": "#cccccc",
        "lineOpacity": 1,
        "lineWidth": 1,
        "opacityInDec": 100
      },
      "feedbackMode": false,
      "filteringSelf": true,
      "hasBackground": true,
      "hasHoverbuttons": false,
      "height": 20,
      "histogram": {
        "boundaries": [
          {
            "value": 0
          },
          {
            "value": 5
          },
          {
            "value": 10
          },
          {
            "value": 15
          },
          {
            "value": 20
          },
          {
            "value": 25
          },
          {
            "value": 30
          },
          {
            "value": 35
          }
        ],
        "bucketCount": 10,
        "noLowerBound": true,
        "noUpperBound": true,
        "partitionRule": "SPECIFIC_BUCKET_COUNT",
        "widthSize": 10
      },
      "hoverButtonFixed": false,
      "hoverButtonPosition": "RIGHT",
      "id": "92de7aca-5f5d-4b65-9138-b779850415e4",
      "legendFontStyle": {
        "backgroundColor": "",
        "borderColor": "",
        "currentFontSize": {
          "name": "x-small 11px",
          "value": 11
        },
        "fontColor": "",
        "fontSize": 11
      },
      "legendOverlay": false,
      "legendPosition": "bc",
      "legendShow": false,
      "limitMode": "SCROLL",
      "maximized": false,
      "selection": [],
      "showHeader": true,
      "showTitle": true,
      "textStyle": {
        "currentFontSize": {
          "name": "medium 14px",
          "value": 14
        },
        "fontSize": 14
      },
      "title": "#{Distribution of TPT}",
      "titleStyle": {
        "backgroundColor": "#eaeaea",
        "bold": true,
        "borderColor": "",
        "currentFontSize": {
          "name": "medium 14px",
          "value": 14
        },
        "fontColor": "#<%= Company_Color1 %>",
        "fontSize": 14
      },
      "toolBorder": false,
      "type": "histogram-chart",
      "vertical": false,
      "width": 33,
      "x": 16,
      "y": 29,
      "zIndex": 28
    },
    {
      "allowDataLink": false,
      "backgroundColor": "#ffffff",
      "border": false,
      "clickToFilter": true,
      "componentFilter": "",
      "contextMenuMethods": {
        "componentFilter": true,
        "copy": true,
        "deletable": true,
        "export": true,
        "fullscreen": true,
        "layers": true,
        "settings": true
      },
      "diagramBackground": false,
      "diagramBackgroundStyle": {
        "fillColor": "",
        "opacity": 1
      },
      "diagramBorder": true,
      "diagramBorderStyle": {
        "lineColor": "#e9e9e9",
        "lineOpacity": 1,
        "lineWidth": 1
      },
      "dropdownSettings": {
        "formula": {
          "text": "<%=Filter_Option11%>"
        },
        "isMultiSelect": true
      },
      "dropdownText": "#{<%=Filter_Option11_Text%>}",
      "feedbackMode": false,
      "filteringSelf": true,
      "hasBackground": true,
      "hasHoverbuttons": false,
      "height": 2,
      "id": "26f47715-8f5b-4850-870c-8f6ad3fc820e",
      "maximized": false,
      "selection": [],
      "showHeader": true,
      "title": "",
      "titleStyle": {
        "currentFontSize": {
          "name": "x-large 17px",
          "value": 17
        },
        "fontSize": 17
      },
      "toolBorder": false,
      "type": "dropdown",
      "vertical": false,
      "width": 13,
      "x": 1,
      "y": 25,
      "zIndex": 28
    },
    {
      "allowDataLink": false,
      "backgroundColor": "#<%= Company_Color2 %>",
      "border": false,
      "buttonTitle": "<%= From_Occ_Text %>",
      "buttons": [
        {
          "action": "setVariable",
          "backgroundColor": "",
          "buttonTitle": "First Occurrence",
          "titleStyle": {
            "fontColor": ""
          },
          "variableName": "From_Occ_Text",
          "variableValue": "First Occurrence",
          "variables": [
            {
              "title": "From_Occ_Text",
              "variableName": "From_Occ_Text",
              "variableValue": "First Occurrence"
            },
            {
              "title": "From_Occ",
              "variableName": "From_Occ",
              "variableValue": "FIRST"
            }
          ]
        },
        {
          "action": "setVariable",
          "backgroundColor": "",
          "buttonTitle": "Last Occurrence",
          "titleStyle": {
            "fontColor": ""
          },
          "variableName": "From_Occ_Text",
          "variableValue": "Last Occurrence",
          "variables": [
            {
              "title": "From_Occ_Text",
              "variableName": "From_Occ_Text",
              "variableValue": "Last Occurrence"
            },
            {
              "title": "From_Occ",
              "variableName": "From_Occ",
              "variableValue": "LAST"
            }
          ]
        }
      ],
      "clickToFilter": true,
      "componentFilter": "",
      "contextMenuMethods": {
        "componentFilter": true,
        "copy": true,
        "deletable": true,
        "export": true,
        "fullscreen": true,
        "layers": true,
        "settings": true
      },
      "diagramBackground": false,
      "diagramBackgroundStyle": {
        "fillColor": "",
        "opacity": 1
      },
      "diagramBorder": true,
      "diagramBorderStyle": {
        "lineColor": "#e9e9e9",
        "lineOpacity": 1,
        "lineWidth": 1
      },
      "feedbackMode": false,
      "filteringSelf": true,
      "hasBackground": true,
      "hasHoverbuttons": false,
      "height": 2,
      "id": "4b870fdd-4870-4150-9559-583414effe91",
      "inputType": "Manual Input",
      "lastColumnType": "string",
      "loadEntries": {
        "formula": {
          "text": "\"_CEL_PP_ACTIVITIES\".\"ACTIVITY_EN\"",
          "units": ""
        },
        "isMultiSelect": false,
        "preview": "'Value'",
        "separator": ",",
        "variableName": "Sequence_From",
        "wrappingCharEnd": "'",
        "wrappingCharStart": "'"
      },
      "maximized": false,
      "selection": [],
      "showHeader": true,
      "title": "",
      "titleStyle": {
        "currentFontSize": {
          "name": "x-large 17px",
          "value": 17
        },
        "fontSize": 17
      },
      "toolBorder": false,
      "type": "button_dropdown",
      "unfilteredInput": true,
      "vertical": false,
      "width": 15,
      "x": 83,
      "y": 2,
      "zIndex": 16
    },
    {
      "allowDataLink": false,
      "backgroundColor": "#<%= Company_Color2 %>",
      "border": false,
      "buttonTitle": "<%= To_Occ_Text %>",
      "buttons": [
        {
          "action": "setVariable",
          "backgroundColor": "",
          "buttonTitle": "First Occurrence",
          "titleStyle": {
            "fontColor": ""
          },
          "variableName": "To_Occ_Text",
          "variableValue": "First Occurrence",
          "variables": [
            {
              "title": "To_Occ_Text",
              "variableName": "To_Occ_Text",
              "variableValue": "First Occurrence"
            },
            {
              "title": "To_Occ",
              "variableName": "To_Occ",
              "variableValue": "FIRST"
            }
          ]
        },
        {
          "action": "setVariable",
          "backgroundColor": "",
          "buttonTitle": "Last Occurrence",
          "titleStyle": {
            "fontColor": ""
          },
          "variableName": "To_Occ_Text",
          "variableValue": "Last Occurrence",
          "variables": [
            {
              "title": "To_Occ_Text",
              "variableName": "To_Occ_Text",
              "variableValue": "Last Occurrence"
            },
            {
              "title": "To_Occ",
              "variableName": "To_Occ",
              "variableValue": "LAST"
            }
          ]
        }
      ],
      "clickToFilter": true,
      "componentFilter": "",
      "contextMenuMethods": {
        "componentFilter": true,
        "copy": true,
        "deletable": true,
        "export": true,
        "fullscreen": true,
        "layers": true,
        "settings": true
      },
      "diagramBackground": false,
      "diagramBackgroundStyle": {
        "fillColor": "",
        "opacity": 1
      },
      "diagramBorder": true,
      "diagramBorderStyle": {
        "lineColor": "#e9e9e9",
        "lineOpacity": 1,
        "lineWidth": 1
      },
      "feedbackMode": false,
      "filteringSelf": true,
      "hasBackground": true,
      "hasHoverbuttons": false,
      "height": 2,
      "id": "cb7557e1-62fd-4d87-8e68-e7452acfda7d",
      "inputType": "Manual Input",
      "lastColumnType": "string",
      "loadEntries": {
        "formula": {
          "text": "\"_CEL_PP_ACTIVITIES\".\"ACTIVITY_EN\"",
          "units": ""
        },
        "isMultiSelect": false,
        "preview": "'Value'",
        "separator": ",",
        "variableName": "Sequence_From",
        "wrappingCharEnd": "'",
        "wrappingCharStart": "'"
      },
      "maximized": false,
      "selection": [],
      "showHeader": true,
      "title": "",
      "titleStyle": {
        "currentFontSize": {
          "name": "x-large 17px",
          "value": 17
        },
        "fontSize": 17
      },
      "toolBorder": false,
      "type": "button_dropdown",
      "unfilteredInput": true,
      "vertical": false,
      "width": 15,
      "x": 83,
      "y": 4,
      "zIndex": 17
    },
    {
      "allowDataLink": false,
      "axis0Config": {
        "autoTickCount": true,
        "axisLabelStyle": {
          "backgroundColor": "",
          "borderColor": "",
          "currentFontSize": {
            "name": "x-small 11px",
            "value": 11
          },
          "fontColor": "",
          "fontSize": 11
        },
        "axisLineStyle": {
          "lineOpacity": 1
        },
        "axisTitleStyle": {
          "backgroundColor": "",
          "borderColor": "",
          "currentFontSize": {
            "name": "small 13px",
            "value": 13
          },
          "fontColor": "",
          "fontSize": 13
        },
        "gapWidth": 0.45,
        "gridlineStyle": {
          "lineOpacity": 1
        },
        "showAxis": true,
        "showAxisLabels": true,
        "showTickLines": true
      },
      "axis1Config": {
        "autoTickCount": true,
        "axisLabelStyle": {
          "backgroundColor": "",
          "borderColor": "",
          "currentFontSize": {
            "name": "x-small 11px",
            "value": 11
          },
          "fontColor": "",
          "fontSize": 11
        },
        "axisLineStyle": {
          "lineOpacity": 1
        },
        "axisTitleStyle": {
          "backgroundColor": "",
          "borderColor": "",
          "currentFontSize": {
            "name": "small 13px",
            "value": 13
          },
          "fontColor": "",
          "fontSize": 13
        },
        "boundsMode": "AUTO",
        "gridlineStyle": {
          "lineColor": "#e4e4e4",
          "lineOpacity": 1,
          "lineWidth": 1
        },
        "showAxis": true,
        "showAxisLabels": true,
        "showGridlines": true,
        "showTickLines": true
      },
      "axis2Config": {
        "autoTickCount": true,
        "axisLabelStyle": {
          "backgroundColor": "",
          "borderColor": "",
          "fontColor": ""
        },
        "axisLineStyle": {},
        "axisTitleStyle": {
          "backgroundColor": "",
          "borderColor": "",
          "currentFontSize": {
            "name": "small 13px",
            "value": 13
          },
          "fontColor": "",
          "fontSize": 13
        },
        "boundsMode": "AUTO",
        "gridlineStyle": {},
        "showAxis": true,
        "showAxisLabels": true,
        "showTickLines": true
      },
      "backgroundColor": "#ffffff",
      "border": false,
      "boxplotConfig": {
        "lowerOutliers": {
          "color": "#333333",
          "legendIcon": null,
          "name": "Lower outliers"
        },
        "lowerQuartile": {
          "color": "#0B5778",
          "legendIcon": "fa-square",
          "name": "Lower quartile"
        },
        "lowerWhisker": {
          "color": "#333333",
          "legendIcon": null,
          "name": "Lower whisker"
        },
        "median": {
          "color": "#f9f9f9",
          "legendIcon": "fa-square-o",
          "name": "Median"
        },
        "upperOutliers": {
          "color": "#333333",
          "legendIcon": null,
          "name": "Upper outliers"
        },
        "upperQuartile": {
          "color": "#14a9d5",
          "legendIcon": "fa-square",
          "name": "Upper quartile"
        },
        "upperWhisker": {
          "color": "#333333",
          "legendIcon": null,
          "name": "Upper whisker"
        }
      },
      "clickToFilter": true,
      "componentFilter": "",
      "contextMenuMethods": {
        "componentFilter": true,
        "copy": true,
        "deletable": true,
        "export": true,
        "fullscreen": true,
        "layers": true,
        "settings": true
      },
      "diagramBackground": false,
      "diagramBackgroundStyle": {
        "fillColor": "",
        "opacity": 1
      },
      "diagramBorder": true,
      "diagramBorderStyle": {
        "color": "#6FA7D1",
        "lineColor": "#e9e9e9",
        "lineOpacity": 1,
        "lineWidth": 1,
        "opacityInDec": 100
      },
      "dimension": {
        "name": "Dimension",
        "text": "<%= Dropdown_Option01 %>",
        "translatedName": "Dimension",
        "translatedText": "\"AUFK\".\"WERKS\" || ' - ' || \"AUFK\".\"WERKS_TEXT\""
      },
      "disableSelections": false,
      "distribution": {
        "name": "Distribution",
        "text": " KPI(\"Lead Time\", VARIABLE(<%= unit %>), VARIABLE('Status: Delivered'), VARIABLE('Make Usage Decision'), VARIABLE(<%= From_Occ %>), VARIABLE(<%= To_Occ %>))",
        "translatedName": "Distribution",
        "translatedText": " KPI(\"Lead Time\", VARIABLE(Hours), VARIABLE('Status: Delivered'), VARIABLE('Make Usage Decision'), VARIABLE(LAST), VARIABLE(FIRST))",
        "units": "  <%= unit_unit %>",
        "valueFormat": ",.1f"
      },
      "feedbackMode": false,
      "filteringSelf": true,
      "hasBackground": true,
      "hasEmptyDimension": false,
      "hasHoverbuttons": false,
      "height": 41,
      "hoverButtonFixed": false,
      "hoverButtonPosition": "LEFT",
      "id": "f572632e-f6c7-46fc-8d50-1a151a6ba386",
      "legendConfig": {
        "legendFontStyle": {
          "backgroundColor": "",
          "borderColor": "",
          "fontColor": ""
        },
        "legendOverlay": false,
        "legendPosition": "bc",
        "legendShow": true
      },
      "limitMode": {
        "name": "Scrolling",
        "value": "SCROLL"
      },
      "limitNumber": 20,
      "maximized": false,
      "selection": [],
      "showHeader": true,
      "sortingConfig": {
        "id": "median",
        "name": "Median",
        "selectedDirection": {
          "id": "DESC",
          "name": "Sort descending"
        }
      },
      "title": "#{Distribution of TPT by <%= Dropdown_Option01_Text %>}",
      "titleStyle": {
        "backgroundColor": "#eaeaea",
        "bold": true,
        "borderColor": "",
        "currentFontSize": {
          "name": "medium 14px",
          "value": 14
        },
        "fontColor": "#<%= Company_Color1 %>",
        "fontSize": 14
      },
      "toolBorder": false,
      "tooltips": true,
      "type": "boxplot",
      "unfilteredInput": false,
      "vertical": false,
      "whiskerConfig": {
        "hasPercentileInput": false,
        "id": "IQR",
        "lowerQuartile": "25th Percentile",
        "lowerWhisker": "Lower limit",
        "median": "Median",
        "name": "Interquartile range",
        "upperQuartile": "75th Percentile",
        "upperWhisker": "Upper limit"
      },
      "width": 49,
      "x": 50,
      "y": 8,
      "zIndex": 29
    },
    {
      "axis0": [
        {
          "flex": 1,
          "meta": {
            "columnName": "#{Plant}",
            "columnType": "string",
            "expressionLhs": "\"AUFK\".\"WERKS\" || ' - ' || \"AUFK\".\"WERKS_TEXT\" AS \"#{Plant}\"",
            "format": ""
          },
          "name": "#{<%= Dropdown_Option01_Text %>}",
          "notIncluded": false,
          "ratioFormula": {},
          "secondaryAxis": false,
          "seriesColor": "",
          "seriesColorMapping": "",
          "text": "<%= Dropdown_Option01 %>",
          "textColor": "",
          "textColorMapping": "",
          "translatedName": "<%= Dropdown_Option01_Text %>",
          "type": "dimension",
          "units": " ",
          "width": 181
        }
      ],
      "axis0Config": {
        "autoTickCount": true,
        "axisLabelStyle": {
          "backgroundColor": "",
          "borderColor": "",
          "fontColor": ""
        },
        "axisLineStyle": {},
        "axisTitleStyle": {
          "backgroundColor": "",
          "borderColor": "",
          "fontColor": ""
        },
        "gapWidth": 0.1,
        "gridlineStyle": {},
        "seriesOverlap": 0.45,
        "showAxis": true,
        "showAxisLabels": true,
        "showTickLines": true
      },
      "axis1": [],
      "axis1Config": {
        "autoTickCount": true,
        "axisLabelStyle": {
          "backgroundColor": "",
          "borderColor": "",
          "fontColor": ""
        },
        "axisLineStyle": {},
        "axisTitleStyle": {
          "backgroundColor": "",
          "borderColor": "",
          "fontColor": ""
        },
        "boundsMode": "AUTO",
        "gridlineStyle": {},
        "showAxis": true,
        "showAxisLabels": true,
        "showTickLines": true
      },
      "axis2": [
        {
          "dataLabelStyle": {
            "fontSize": 9
          },
          "dataLabelsPosition": "custom",
          "fillStyle": {
            "opacity": 1
          },
          "flex": 0.8343,
          "ignoreSeriesPalettes": true,
          "legendMarkerColor": "#9b9b9b",
          "meta": {
            "columnName": "#{# Process Orders}",
            "columnType": "int",
            "expressionLhs": null,
            "format": ",f"
          },
          "name": "#{# Process Orders}",
          "notIncluded": false,
          "ratioFormula": {},
          "secondaryAxis": false,
          "seriesColor": "#cccccc",
          "seriesColorMapping": "",
          "seriesPalette": "",
          "showDataLabels": false,
          "text": "COUNT_TABLE(\"AFPO\")",
          "textColor": "",
          "textColorMapping": "",
          "translatedName": "# Process Orders",
          "units": " ",
          "valueFormat": ",f",
          "width": 151
        },
        {
          "dataLabelStyle": {},
          "dataLabelsPosition": "custom",
          "fillStyle": {
            "opacity": 1
          },
          "flex": 0.7127,
          "ignoreSeriesPalettes": true,
          "name": "#{Automation Rate (UD)}",
          "ratioFormula": {},
          "seriesColor": "",
          "seriesColorMapping": "",
          "seriesPalette": "",
          "showDataLabels": false,
          "text": "KPI(\"Automation Rate\", VARIABLE(<%= To_Occ %>), VARIABLE(<%= AutomaticUserType %>))",
          "textColor": "#<%= Company_Color1 %>",
          "textColorMapping": "",
          "translatedName": "Automation Rate (UD)",
          "valueFormat": "%",
          "width": 129
        },
        {
          "dataLabelStyle": {},
          "dataLabelsPosition": "custom",
          "fillStyle": {
            "opacity": 1
          },
          "flex": 0.779,
          "ignoreSeriesPalettes": true,
          "name": "#{GR --> UD (planned)}",
          "notIncluded": true,
          "seriesColor": "",
          "seriesColorMapping": "",
          "seriesPalette": "",
          "showDataLabels": false,
          "text": "<%= statistic %>(KPI(\"Lead Time Scheduled\", VARIABLE(<%= unit %>)))",
          "textColor": "",
          "textColorMapping": "",
          "translatedName": "GR --> UD (planned)",
          "units": "  <%= unit_unit %>",
          "valueFormat": ",.1f",
          "width": 141
        },
        {
          "alternativeType": "scatter",
          "dataLabelStyle": {},
          "dataLabelsPosition": "custom",
          "fillStyle": {
            "opacity": 1
          },
          "flex": 0.7182,
          "ignoreSeriesPalettes": true,
          "legendMarkerColor": "#c4d7f7",
          "meta": {
            "columnName": "#{GR --> UD}",
            "columnType": "float",
            "expressionLhs": null,
            "format": ",.1f"
          },
          "name": "#{GR --> UD (Actual)}",
          "ratioFormula": {},
          "secondaryAxis": true,
          "seriesColor": "transparent",
          "seriesColorMapping": "",
          "seriesPalette": "",
          "showDataLabels": false,
          "sorting": "DESC",
          "sortingIndex": 0,
          "text": "<%= statistic %>(KPI(\"Lead Time\", VARIABLE(<%= unit %>), VARIABLE('Status: Delivered'), VARIABLE('Make Usage Decision'), VARIABLE(<%= From_Occ %>), VARIABLE(<%= To_Occ %>)))",
          "textColor": "#658927",
          "textColorMapping": "",
          "translatedName": "GR --> UD (Actual)",
          "units": " <%= unit_unit %>",
          "valueFormat": ",.1f",
          "width": 130
        },
        {
          "dataLabelStyle": {},
          "dataLabelsPosition": "custom",
          "fillStyle": {
            "opacity": 1
          },
          "flex": 0.6298,
          "ignoreSeriesPalettes": true,
          "name": "#{Stdev.}",
          "ratioFormula": {},
          "seriesColor": "",
          "seriesColorMapping": "",
          "seriesPalette": "",
          "showDataLabels": false,
          "text": "STDEV(KPI(\"Lead Time\", VARIABLE(<%= unit %>), VARIABLE('Status: Delivered'), VARIABLE('Make Usage Decision'), VARIABLE(<%= From_Occ %>), VARIABLE(<%= To_Occ %>)))",
          "textColor": "#006687",
          "textColorMapping": "",
          "translatedName": "Std. Deviation",
          "units": "  <%= unit_unit %>",
          "valueFormat": ",.1f",
          "width": 114
        }
      ],
      "axis2Config": {
        "autoTickCount": true,
        "axisLabelStyle": {
          "backgroundColor": "",
          "borderColor": "",
          "fontColor": ""
        },
        "axisLineStyle": {},
        "axisTitleStyle": {
          "backgroundColor": "",
          "borderColor": "",
          "fontColor": ""
        },
        "boundsMode": "AUTO",
        "gridlineStyle": {},
        "showAxis": true,
        "showAxisLabels": true,
        "showTickLines": true
      },
      "backgroundColor": "#ffffff",
      "border": false,
      "chartType": "table",
      "clickToFilter": true,
      "componentFilter": "FILTER ISNULL(<%= Dropdown_Option01 %>)=0 ;",
      "dataLabelsPositions": [
        "top",
        "middle",
        "bottom",
        "custom"
      ],
      "diagramBackgroundStyle": {
        "fillColor": "",
        "opacity": 1
      },
      "diagramBorder": true,
      "diagramBorderStyle": {
        "color": "#6FA7D1",
        "lineColor": "#cccccc",
        "lineOpacity": 1,
        "lineWidth": 1,
        "opacityInDec": 100
      },
      "feedbackMode": false,
      "filteringSelf": true,
      "hasBackground": true,
      "height": 20,
      "hoverButtonFixed": false,
      "hoverButtonPosition": "RIGHT",
      "id": "81b9892a-a924-4c49-90e6-adb5ee4b8c3b",
      "legendPosition": "bc",
      "legendShow": true,
      "limitMode": "NO_LIMIT",
      "maximized": false,
      "selection": [],
      "seriesColor": "",
      "showHeader": true,
      "showOthers": false,
      "showTitle": true,
      "technicalNames": false,
      "textColor": "",
      "textStyle": {
        "backgroundColor": "",
        "borderColor": "",
        "currentFontSize": {
          "name": "x-small 11px",
          "value": 11
        },
        "fontColor": "",
        "fontSize": 11
      },
      "title": "#{TPT by  <%= Dropdown_Option01_Text %>}",
      "titleStyle": {
        "backgroundColor": "#eaeaea",
        "bold": true,
        "borderColor": "",
        "currentFontSize": {
          "name": "medium 14px",
          "value": 14
        },
        "fontColor": "#<%= Company_Color1 %>",
        "fontSize": 14
      },
      "toolBorder": false,
      "tooltips": true,
      "type": "pql-table",
      "vertical": true,
      "width": 33,
      "x": 16,
      "y": 8,
      "zIndex": 24
    },
    {
      "allowDataLink": false,
      "backgroundColor": "#ffffff",
      "border": false,
      "clickToFilter": true,
      "componentFilter": "",
      "contextMenuMethods": {
        "componentFilter": true,
        "copy": true,
        "deletable": true,
        "export": true,
        "fullscreen": true,
        "layers": true,
        "settings": true
      },
      "diagramBackground": false,
      "diagramBackgroundStyle": {
        "fillColor": "",
        "opacity": 1
      },
      "diagramBorder": true,
      "diagramBorderStyle": {
        "color": "#6FA7D1",
        "lineColor": "#e9e9e9",
        "lineOpacity": 1,
        "lineWidth": 1,
        "opacityInDec": 100
      },
      "feedbackMode": false,
      "filteredThresholds": false,
      "filteringSelf": true,
      "formula": {
        "name": "Single KPI",
        "text": "KPI(\"Automation Rate\", VARIABLE(<%= To_Occ %>), VARIABLE(<%= AutomaticUserType %>))",
        "translatedName": "Single KPI",
        "units": "",
        "valueFormat": "%"
      },
      "hasBackground": true,
      "hasHoverbuttons": false,
      "height": 5,
      "hoverButtonFixed": false,
      "hoverButtonPosition": "RIGHT",
      "id": "52ce1dce-0087-4058-adb4-addafa6c98e9",
      "initThresholdsCount": 1,
      "kpiValue": 0.5628969201648711,
      "maximized": false,
      "minHeight": 2,
      "minWidth": 2,
      "segmentsInput": [
        {
          "color": "#1f77b4",
          "formula": {
            "text": "1500"
          },
          "value": 1500
        },
        {
          "color": "#1f77b4",
          "formula": {
            "text": "1500"
          },
          "value": 1500
        }
      ],
      "selection": [],
      "settings": {
        "fixedTextSize": false,
        "initThresholdsCount": 1,
        "singleColor": "#<%= Company_Color1 %>",
        "singleColorEnabled": true,
        "subtitlePosition": "left",
        "viewType": "number"
      },
      "showHeader": true,
      "thresholds": [
        {
          "color": "#<%= Company_Color1 %>",
          "formula": {
            "text": "1500"
          },
          "value": 1500
        }
      ],
      "title": "Automation Rate (UD)",
      "titleStyle": {
        "alignment": "center",
        "backgroundColor": "#<%= Company_Color2 %>",
        "bold": true,
        "borderColor": "",
        "currentFontSize": {
          "name": "medium 14px",
          "value": 14
        },
        "fontColor": "#<%= Company_Color1 %>",
        "fontSize": 14
      },
      "toolBorder": false,
      "type": "single-kpi",
      "version": 1,
      "vertical": false,
      "viewType": "number",
      "width": 11,
      "x": 40,
      "y": 1,
      "zIndex": 21
    },
    {
      "allowDataLink": false,
      "backgroundColor": "#ffffff",
      "border": false,
      "buttonTitle": "<%= Dropdown_Option01_Text %>",
      "buttons": [
        {
          "action": "setVariable",
          "backgroundColor": "",
          "buttonTitle": "Plant",
          "titleStyle": {
            "fontColor": ""
          },
          "variableName": "Dropdown_Option01",
          "variableValue": "\"AUFK\".\"WERKS\" || ' - ' || \"AUFK\".\"WERKS_TEXT\"",
          "variables": [
            {
              "title": "Dropdown_Option01",
              "variableName": "Dropdown_Option01",
              "variableValue": "\"AUFK\".\"WERKS\" || ' - ' || \"AUFK\".\"WERKS_TEXT\""
            },
            {
              "title": "Dropdown_Option01_Text",
              "variableName": "Dropdown_Option01_Text",
              "variableValue": "Plant"
            }
          ]
        },
        {
          "action": "setVariable",
          "backgroundColor": "",
          "buttonTitle": "Production Scheduler",
          "titleStyle": {
            "fontColor": ""
          },
          "variableName": "Dropdown_Option01",
          "variableValue": "\"AFKO\".\"FEVOR\" || ' - ' || \"AFKO\".\"FEVOR_TEXT\"",
          "variables": [
            {
              "title": "Dropdown_Option01",
              "variableName": "Dropdown_Option01",
              "variableValue": "\"AFKO\".\"FEVOR\" || ' - ' || \"AFKO\".\"FEVOR_TEXT\""
            },
            {
              "title": "Dropdown_Option01_Text",
              "variableName": "Dropdown_Option01_Text",
              "variableValue": "Production Scheduler"
            }
          ]
        },
        {
          "action": "setVariable",
          "backgroundColor": "",
          "buttonTitle": "PPMG",
          "titleStyle": {
            "fontColor": ""
          },
          "variableName": "Dropdown_Option01_Text",
          "variableValue": "PPMG",
          "variables": [
            {
              "title": "Dropdown_Option01_Text",
              "variableName": "Dropdown_Option01_Text",
              "variableValue": "PPMG"
            },
            {
              "title": "Dropdown_Option01",
              "variableName": "Dropdown_Option01",
              "variableValue": "\"AFPO\".\"PPMG\""
            }
          ]
        },
        {
          "action": "setVariable",
          "backgroundColor": "",
          "buttonTitle": "Process Order Type",
          "titleStyle": {
            "fontColor": ""
          },
          "variableName": "Dropdown_Option01",
          "variableValue": "\"AUFK\".\"AUART\"",
          "variables": [
            {
              "title": "Dropdown_Option01",
              "variableName": "Dropdown_Option01",
              "variableValue": "\"AUFK\".\"AUART\""
            },
            {
              "title": "Dropdown_Option01_Text",
              "variableName": "Dropdown_Option01_Text",
              "variableValue": "Process Order Type"
            }
          ]
        },
        {
          "action": "setVariable",
          "backgroundColor": "",
          "buttonTitle": "MRP Controller",
          "titleStyle": {
            "fontColor": ""
          },
          "variableName": "Dropdown_Option01",
          "variableValue": "\"MARC\".\"DISPO\" || ' - ' || \"MARC\".\"DISPO_TEXT\"",
          "variables": [
            {
              "title": "Dropdown_Option01",
              "variableName": "Dropdown_Option01",
              "variableValue": "\"MARC\".\"DISPO\" || ' - ' || \"MARC\".\"DISPO_TEXT\""
            },
            {
              "title": "Dropdown_Option01_Text",
              "variableName": "Dropdown_Option01_Text",
              "variableValue": "MRP Controller"
            }
          ]
        },
        {
          "action": "setVariable",
          "backgroundColor": "",
          "buttonTitle": "Material Type",
          "titleStyle": {
            "fontColor": ""
          },
          "variableName": "Dropdown_Option01_Text",
          "variableValue": "Material Type",
          "variables": [
            {
              "title": "Dropdown_Option01_Text",
              "variableName": "Dropdown_Option01_Text",
              "variableValue": "Material Type"
            },
            {
              "title": "Dropdown_Option01",
              "variableName": "Dropdown_Option01",
              "variableValue": "\"MARA\".\"MTART\" || ' - ' || \"MARA\".\"MTART_TEXT\""
            }
          ]
        },
        {
          "action": "setVariable",
          "backgroundColor": "",
          "buttonTitle": "Material Group",
          "titleStyle": {
            "fontColor": ""
          },
          "variableName": "Dropdown_Option01_Text",
          "variableValue": "Material Group",
          "variables": [
            {
              "title": "Dropdown_Option01_Text",
              "variableName": "Dropdown_Option01_Text",
              "variableValue": "Material Group"
            },
            {
              "title": "Dropdown_Option01",
              "variableName": "Dropdown_Option01",
              "variableValue": "\"MARA\".\"MATKL\" || ' - '  || \"MARA\".\"MATKL_TEXT\""
            }
          ]
        },
        {
          "action": "setVariable",
          "backgroundColor": "",
          "buttonTitle": "Material",
          "titleStyle": {
            "fontColor": ""
          },
          "variableName": "Dropdown_Option01_Text",
          "variableValue": "Material",
          "variables": [
            {
              "title": "Dropdown_Option01_Text",
              "variableName": "Dropdown_Option01_Text",
              "variableValue": "Material"
            },
            {
              "title": "Dropdown_Option01",
              "variableName": "Dropdown_Option01",
              "variableValue": "\"AFPO\".\"MATNR2\" || ' - ' || \"AFPO\".\"MATNR_TEXT\""
            }
          ]
        }
      ],
      "clickToFilter": true,
      "componentFilter": "",
      "contextMenuMethods": {
        "componentFilter": true,
        "copy": true,
        "deletable": true,
        "export": true,
        "fullscreen": true,
        "layers": true,
        "settings": true
      },
      "diagramBackground": false,
      "diagramBackgroundStyle": {
        "fillColor": "",
        "opacity": 1
      },
      "diagramBorder": true,
      "diagramBorderStyle": {
        "lineColor": "#e9e9e9",
        "lineOpacity": 1,
        "lineWidth": 1
      },
      "feedbackMode": false,
      "filteringSelf": true,
      "hasBackground": true,
      "hasHoverbuttons": false,
      "height": 2,
      "id": "9871e136-2809-4f9d-b619-d04fc31bd6d9",
      "inputType": "Manual Input",
      "loadEntries": {
        "formula": {
          "text": ""
        },
        "isMultiSelect": true,
        "preview": "Value1 Value2"
      },
      "maximized": false,
      "selection": [],
      "showHeader": true,
      "title": "",
      "titleStyle": {
        "currentFontSize": {
          "name": "x-large 17px",
          "value": 17
        },
        "fontSize": 17
      },
      "toolBorder": false,
      "type": "button_dropdown",
      "vertical": false,
      "width": 13,
      "x": 36,
      "y": 8,
      "zIndex": 31
    },
    {
      "allowDataLink": false,
      "backgroundColor": "#ffffff",
      "border": false,
      "clickToFilter": true,
      "componentFilter": "",
      "contextMenuMethods": {
        "componentFilter": true,
        "copy": true,
        "deletable": true,
        "export": true,
        "fullscreen": true,
        "layers": true,
        "settings": true
      },
      "diagramBackground": false,
      "diagramBackgroundStyle": {
        "fillColor": "#cccccc",
        "opacity": 1
      },
      "diagramBorder": false,
      "diagramBorderStyle": {
        "lineColor": "#e9e9e9",
        "lineOpacity": 1,
        "lineWidth": 1
      },
      "feedbackMode": false,
      "filteringSelf": true,
      "formulas": [],
      "hasBackground": true,
      "hasHoverbuttons": false,
      "height": 3,
      "id": "b701579d-9a10-4cb3-be95-eaf9184242b0",
      "maximized": false,
      "selection": [],
      "showHeader": true,
      "text": "[left][b][color=#<%= Company_Color1 %>][size=15]From GR:[/size][/color][/b][/left]",
      "title": "",
      "titleStyle": {
        "currentFontSize": {
          "name": "x-large 17px",
          "value": 17
        },
        "fontSize": 17
      },
      "toolBorder": false,
      "type": "text",
      "vertical": false,
      "width": 4,
      "x": 79,
      "y": 2,
      "zIndex": 5
    },
    {
      "allowDataLink": false,
      "backgroundColor": "#ffffff",
      "border": false,
      "clickToFilter": true,
      "componentFilter": "",
      "contextMenuMethods": {
        "componentFilter": true,
        "copy": true,
        "deletable": true,
        "export": true,
        "fullscreen": true,
        "layers": true,
        "settings": true
      },
      "diagramBackground": false,
      "diagramBackgroundStyle": {
        "fillColor": "#cccccc",
        "opacity": 1
      },
      "diagramBorder": false,
      "diagramBorderStyle": {
        "lineColor": "#e9e9e9",
        "lineOpacity": 1,
        "lineWidth": 1
      },
      "feedbackMode": false,
      "filteringSelf": true,
      "formulas": [],
      "hasBackground": true,
      "hasHoverbuttons": false,
      "height": 3,
      "id": "e1e32c1c-ca4a-48da-bdfd-afb7fe621971",
      "maximized": false,
      "selection": [],
      "showHeader": true,
      "text": "[left][b][color=#<%= Company_Color1 %>][size=15]To UD:[/size][/color][/b][/left]",
      "title": "",
      "titleStyle": {
        "currentFontSize": {
          "name": "x-large 17px",
          "value": 17
        },
        "fontSize": 17
      },
      "toolBorder": false,
      "type": "text",
      "vertical": false,
      "width": 3,
      "x": 79,
      "y": 4,
      "zIndex": 6
    },
    {
      "allowDataLink": false,
      "backgroundColor": "#ffffff",
      "border": false,
      "clickToFilter": true,
      "componentFilter": "",
      "contextMenuMethods": {
        "componentFilter": true,
        "copy": true,
        "deletable": true,
        "export": true,
        "fullscreen": true,
        "layers": true,
        "settings": true
      },
      "diagramBackground": false,
      "diagramBackgroundStyle": {
        "fillColor": "",
        "opacity": 1
      },
      "diagramBorder": true,
      "diagramBorderStyle": {
        "lineColor": "#e9e9e9",
        "lineOpacity": 1,
        "lineWidth": 1
      },
      "dropdownSettings": {
        "formula": {
          "text": "<%=Filter_Option14%>"
        },
        "isMultiSelect": true
      },
      "dropdownText": "#{<%=Filter_Option14_Text%>}",
      "feedbackMode": false,
      "filteringSelf": true,
      "hasBackground": true,
      "hasHoverbuttons": false,
      "height": 2,
      "id": "293b9ea0-91bb-485f-9ee4-ae76f03346f5",
      "maximized": false,
      "selection": [],
      "showHeader": true,
      "title": "",
      "titleStyle": {
        "currentFontSize": {
          "name": "x-large 17px",
          "value": 17
        },
        "fontSize": 17
      },
      "toolBorder": false,
      "type": "dropdown",
      "vertical": false,
      "width": 13,
      "x": 1,
      "y": 32,
      "zIndex": 26
    }
  ],
  "contentType": "blank-sheet",
  "format": "FULLSCREEN",
  "id": "6abfce16-c8e7-4c1a-9a63-8298d30ff5a9",
  "lines": [
    {
      "allowDataLink": false,
      "arrow": "no-arrow",
      "backgroundColor": "#ffffff",
      "border": false,
      "clickToFilter": true,
      "color": "#777",
      "componentFilter": "",
      "contextMenuMethods": {
        "componentFilter": true,
        "copy": true,
        "deletable": true,
        "export": true,
        "fullscreen": true,
        "layers": true,
        "settings": true
      },
      "diagramBackground": false,
      "diagramBackgroundStyle": {
        "fillColor": "",
        "opacity": 1
      },
      "diagramBorder": true,
      "diagramBorderStyle": {
        "lineColor": "#e9e9e9",
        "lineOpacity": 1,
        "lineWidth": 1
      },
      "directionType": "horizontal",
      "feedbackMode": false,
      "filteringSelf": true,
      "hasBackground": true,
      "hasHoverbuttons": false,
      "height": 1,
      "id": "9fa7faf6-b2e8-4642-ac3f-36e21edc8afd",
      "maximized": false,
      "selection": [],
      "showHeader": true,
      "stroke": "solid",
      "thickness": 3,
      "title": "",
      "titleStyle": {
        "currentFontSize": {
          "name": "x-large 17px",
          "value": 17
        },
        "fontSize": 17
      },
      "toolBorder": false,
      "type": "line",
      "vertical": false,
      "width": 83,
      "x": 16,
      "y": 7,
      "zIndex": 29
    }
  ],
  "name": "Deep Dive (TPT)",
  "position": {
    "height": 804,
    "left": 0,
    "top": 0,
    "width": 1200
  },
  "sheetFilter": {
    "text": ""
  }
}