{
  "components": [
    {
      "allowDataLink": false,
      "backgroundColor": "#ffffff",
      "border": false,
      "clickToFilter": true,
      "componentFilter": "",
      "contextMenuMethods": {
        "componentFilter": true,
        "copy": true,
        "deletable": true,
        "export": true,
        "fullscreen": true,
        "layers": true,
        "settings": true
      },
      "diagramBackground": false,
      "diagramBackgroundStyle": {
        "fillColor": "",
        "opacity": 1
      },
      "diagramBorder": true,
      "diagramBorderStyle": {
        "lineColor": "#e9e9e9",
        "lineOpacity": 1,
        "lineWidth": 1
      },
      "feedbackMode": false,
      "filteringSelf": true,
      "hasBackground": true,
      "hasHoverbuttons": false,
      "height": 5,
      "id": "6c14fba3-95bf-4d5e-b366-9ea4985da2db",
      "maximized": false,
      "selection": [],
      "showHeader": true,
      "title": "",
      "titleStyle": {
        "currentFontSize": {
          "name": "x-large 17px",
          "value": 17
        },
        "fontSize": 17
      },
      "toolBorder": false,
      "type": "logo-component",
      "vertical": false,
      "width": 13,
      "x": 1,
      "y": 1,
      "zIndex": 27
    },
    {
      "allowDataLink": false,
      "backgroundColor": "#ffffff",
      "border": false,
      "clickToFilter": true,
      "componentFilter": "",
      "contextMenuMethods": {
        "componentFilter": true,
        "copy": true,
        "deletable": true,
        "export": true,
        "fullscreen": true,
        "layers": true,
        "settings": true
      },
      "diagramBackground": true,
      "diagramBackgroundStyle": {
        "fillColor": "#<%= Company_Color1 %>",
        "opacity": 1
      },
      "diagramBorder": false,
      "diagramBorderStyle": {
        "lineColor": "#e9e9e9",
        "lineOpacity": 1,
        "lineWidth": 1
      },
      "feedbackMode": false,
      "filteringSelf": true,
      "formulas": [],
      "hasBackground": true,
      "hasHoverbuttons": false,
      "height": 50,
      "id": "bf51c995-e009-4159-b316-f7c18db5bea1",
      "maximized": false,
      "selection": [],
      "showHeader": true,
      "text": "",
      "title": "",
      "titleStyle": {
        "currentFontSize": {
          "name": "x-large 17px",
          "value": 17
        },
        "fontSize": 17
      },
      "toolBorder": false,
      "type": "text",
      "vertical": false,
      "width": 15,
      "x": 0,
      "y": 0,
      "zIndex": 3
    },
    {
      "allowDataLink": false,
      "backgroundColor": "#ffffff",
      "border": false,
      "clickToFilter": true,
      "componentFilter": "",
      "contextMenuMethods": {
        "componentFilter": true,
        "copy": true,
        "deletable": true,
        "export": true,
        "fullscreen": true,
        "layers": true,
        "settings": true
      },
      "diagramBackground": false,
      "diagramBackgroundStyle": {
        "fillColor": "",
        "opacity": 1
      },
      "diagramBorder": true,
      "diagramBorderStyle": {
        "lineColor": "#e9e9e9",
        "lineOpacity": 1,
        "lineWidth": 1
      },
      "dropdownSettings": {
        "formula": {
          "text": "<%= Filter_Option1 %>"
        },
        "isMultiSelect": true
      },
      "dropdownText": "#{<%=Filter_Option1_Text%>}",
      "feedbackMode": false,
      "filteringSelf": true,
      "hasBackground": true,
      "hasHoverbuttons": false,
      "height": 2,
      "id": "900dedd3-fe7b-4b91-9a61-d9c87b84ef0c",
      "maximized": false,
      "selection": [],
      "showHeader": true,
      "title": "",
      "titleStyle": {
        "currentFontSize": {
          "name": "x-large 17px",
          "value": 17
        },
        "fontSize": 17
      },
      "toolBorder": false,
      "type": "dropdown",
      "vertical": false,
      "width": 13,
      "x": 1,
      "y": 21,
      "zIndex": 19
    },
    {
      "allowDataLink": false,
      "backgroundColor": "#ffffff",
      "border": false,
      "clickToFilter": true,
      "componentFilter": "",
      "contextMenuMethods": {
        "componentFilter": true,
        "copy": true,
        "deletable": true,
        "export": true,
        "fullscreen": true,
        "layers": true,
        "settings": true
      },
      "diagramBackground": false,
      "diagramBackgroundStyle": {
        "fillColor": "",
        "opacity": 1
      },
      "diagramBorder": true,
      "diagramBorderStyle": {
        "lineColor": "#e9e9e9",
        "lineOpacity": 1,
        "lineWidth": 1
      },
      "dropdownSettings": {
        "formula": {
          "text": "<%=Filter_Option2%>"
        },
        "isMultiSelect": true
      },
      "dropdownText": "<%=Filter_Option2_Text%>",
      "feedbackMode": false,
      "filteringSelf": true,
      "hasBackground": true,
      "hasHoverbuttons": false,
      "height": 2,
      "id": "1fa72aa7-d81c-4e00-8cba-580c3e804c41",
      "maximized": false,
      "selection": [],
      "showHeader": true,
      "title": "",
      "titleStyle": {
        "currentFontSize": {
          "name": "x-large 17px",
          "value": 17
        },
        "fontSize": 17
      },
      "toolBorder": false,
      "type": "dropdown",
      "vertical": false,
      "width": 13,
      "x": 1,
      "y": 38,
      "zIndex": 19
    },
    {
      "allowDataLink": false,
      "backgroundColor": "#ffffff",
      "border": false,
      "clickToFilter": true,
      "componentFilter": "",
      "contextMenuMethods": {
        "componentFilter": true,
        "copy": true,
        "deletable": true,
        "export": true,
        "fullscreen": true,
        "layers": true,
        "settings": true
      },
      "diagramBackground": false,
      "diagramBackgroundStyle": {
        "fillColor": "",
        "opacity": 1
      },
      "diagramBorder": true,
      "diagramBorderStyle": {
        "lineColor": "#e9e9e9",
        "lineOpacity": 1,
        "lineWidth": 1
      },
      "dropdownSettings": {
        "formula": {
          "text": "<%=Filter_Option3%>"
        },
        "isMultiSelect": true
      },
      "dropdownText": "<%=Filter_Option3_Text%>",
      "feedbackMode": false,
      "filteringSelf": true,
      "hasBackground": true,
      "hasHoverbuttons": false,
      "height": 2,
      "id": "41e9f1d1-4948-4452-98c4-07f79b00a8ab",
      "maximized": false,
      "selection": [],
      "showHeader": true,
      "title": "",
      "titleStyle": {
        "currentFontSize": {
          "name": "x-large 17px",
          "value": 17
        },
        "fontSize": 17
      },
      "toolBorder": false,
      "type": "dropdown",
      "vertical": false,
      "width": 13,
      "x": 1,
      "y": 42,
      "zIndex": 19
    },
    {
      "allowDataLink": false,
      "backgroundColor": "#ffffff",
      "border": false,
      "clickToFilter": true,
      "componentFilter": "",
      "contextMenuMethods": {
        "componentFilter": true,
        "copy": true,
        "deletable": true,
        "export": true,
        "fullscreen": true,
        "layers": true,
        "settings": true
      },
      "diagramBackground": false,
      "diagramBackgroundStyle": {
        "fillColor": "",
        "opacity": 1
      },
      "diagramBorder": false,
      "diagramBorderStyle": {
        "lineColor": "#e9e9e9",
        "lineOpacity": 1,
        "lineWidth": 1
      },
      "feedbackMode": false,
      "filteringSelf": true,
      "formulas": [],
      "hasBackground": true,
      "hasHoverbuttons": false,
      "height": 2,
      "id": "a3b0713d-5be1-44c7-bd4d-1487fed92f12",
      "maximized": false,
      "selection": [],
      "showHeader": true,
      "text": "[b][color=#<%= Company_Color2 %>]Filter by:[/color][/b]",
      "title": "",
      "titleStyle": {
        "currentFontSize": {
          "name": "x-large 17px",
          "value": 17
        },
        "fontSize": 17
      },
      "toolBorder": false,
      "type": "text",
      "vertical": false,
      "width": 13,
      "x": 1,
      "y": 11,
      "zIndex": 9
    },
    {
      "allowDataLink": false,
      "backgroundColor": "#ffffff",
      "border": false,
      "clickToFilter": true,
      "componentFilter": "",
      "contextMenuMethods": {
        "componentFilter": true,
        "copy": true,
        "deletable": true,
        "export": true,
        "fullscreen": true,
        "layers": true,
        "settings": true
      },
      "diagramBackground": false,
      "diagramBackgroundStyle": {
        "fillColor": "",
        "opacity": 1
      },
      "diagramBorder": false,
      "diagramBorderStyle": {
        "lineColor": "#e9e9e9",
        "lineOpacity": 1,
        "lineWidth": 1
      },
      "feedbackMode": false,
      "filteringSelf": true,
      "formulas": [],
      "hasBackground": true,
      "hasHoverbuttons": false,
      "height": 3,
      "id": "67cc7a55-6f16-4e27-8638-3d5f27a8c9b0",
      "maximized": false,
      "selection": [],
      "showHeader": true,
      "text": "[center][b][size=19][color=#<%= Company_Color2 %>]Process Order Details[/color][/size][/b][/center]",
      "title": "",
      "titleStyle": {
        "currentFontSize": {
          "name": "x-large 17px",
          "value": 17
        },
        "fontSize": 17
      },
      "toolBorder": false,
      "type": "text",
      "vertical": false,
      "width": 13,
      "x": 1,
      "y": 8,
      "zIndex": 25
    },
    {
      "allowDataLink": false,
      "backgroundColor": "#ffffff",
      "border": false,
      "clickToFilter": true,
      "componentFilter": "",
      "contextMenuMethods": {
        "componentFilter": true,
        "copy": true,
        "deletable": true,
        "export": true,
        "fullscreen": true,
        "layers": true,
        "settings": true
      },
      "diagramBackground": false,
      "diagramBackgroundStyle": {
        "fillColor": "",
        "opacity": 1
      },
      "diagramBorder": true,
      "diagramBorderStyle": {
        "lineColor": "#e9e9e9",
        "lineOpacity": 1,
        "lineWidth": 1
      },
      "dropdownSettings": {
        "formula": {
          "text": "<%=Filter_Option04%>"
        },
        "isMultiSelect": true
      },
      "dropdownText": "#{<%=Filter_Option04_Text%>}",
      "feedbackMode": false,
      "filteringSelf": true,
      "hasBackground": true,
      "hasHoverbuttons": false,
      "height": 2,
      "id": "71a04d60-5c48-4b94-aae9-ac5d5826c059",
      "maximized": false,
      "selection": [],
      "showHeader": true,
      "title": "",
      "titleStyle": {
        "currentFontSize": {
          "name": "x-large 17px",
          "value": 17
        },
        "fontSize": 17
      },
      "toolBorder": false,
      "type": "dropdown",
      "vertical": false,
      "width": 13,
      "x": 1,
      "y": 34,
      "zIndex": 25
    },
    {
      "allowDataLink": false,
      "backgroundColor": "#ffffff",
      "border": false,
      "clickToFilter": true,
      "componentFilter": "",
      "contextMenuMethods": {
        "componentFilter": true,
        "copy": true,
        "deletable": true,
        "export": true,
        "fullscreen": true,
        "layers": true,
        "settings": true
      },
      "diagramBackground": false,
      "diagramBackgroundStyle": {
        "fillColor": "",
        "opacity": 1
      },
      "diagramBorder": true,
      "diagramBorderStyle": {
        "lineColor": "#e9e9e9",
        "lineOpacity": 1,
        "lineWidth": 1
      },
      "dropdownSettings": {
        "formula": {
          "text": "<%=Filter_Option05%>"
        },
        "isMultiSelect": true
      },
      "dropdownText": "#{<%=Filter_Option05_Text%>}",
      "feedbackMode": false,
      "filteringSelf": true,
      "hasBackground": true,
      "hasHoverbuttons": false,
      "height": 2,
      "id": "81b4f1ac-f425-4854-97f5-43364732d896",
      "maximized": false,
      "selection": [],
      "showHeader": true,
      "title": "",
      "titleStyle": {
        "currentFontSize": {
          "name": "x-large 17px",
          "value": 17
        },
        "fontSize": 17
      },
      "toolBorder": false,
      "type": "dropdown",
      "vertical": false,
      "width": 13,
      "x": 1,
      "y": 36,
      "zIndex": 20
    },
    {
      "allowDataLink": false,
      "backgroundColor": "#ffffff",
      "border": false,
      "clickToFilter": true,
      "componentFilter": "",
      "contextMenuMethods": {
        "componentFilter": true,
        "copy": true,
        "deletable": true,
        "export": true,
        "fullscreen": true,
        "layers": true,
        "settings": true
      },
      "diagramBackground": false,
      "diagramBackgroundStyle": {
        "fillColor": "",
        "opacity": 1
      },
      "diagramBorder": true,
      "diagramBorderStyle": {
        "lineColor": "#e9e9e9",
        "lineOpacity": 1,
        "lineWidth": 1
      },
      "dropdownSettings": {
        "formula": {
          "text": "<%=Filter_Option06%>"
        },
        "isMultiSelect": true
      },
      "dropdownText": "#{<%=Filter_Option06_Text%>}",
      "feedbackMode": false,
      "filteringSelf": true,
      "hasBackground": true,
      "hasHoverbuttons": false,
      "height": 2,
      "id": "031601b7-941a-4948-841a-a7f8b7932ee0",
      "maximized": false,
      "selection": [],
      "showHeader": true,
      "title": "",
      "titleStyle": {
        "currentFontSize": {
          "name": "x-large 17px",
          "value": 17
        },
        "fontSize": 17
      },
      "toolBorder": false,
      "type": "dropdown",
      "vertical": false,
      "width": 13,
      "x": 1,
      "y": 23,
      "zIndex": 20
    },
    {
      "allowDataLink": false,
      "backgroundColor": "#ffffff",
      "border": false,
      "clickToFilter": true,
      "componentFilter": "",
      "contextMenuMethods": {
        "componentFilter": true,
        "copy": true,
        "deletable": true,
        "export": true,
        "fullscreen": true,
        "layers": true,
        "settings": true
      },
      "diagramBackground": false,
      "diagramBackgroundStyle": {
        "fillColor": "",
        "opacity": 1
      },
      "diagramBorder": true,
      "diagramBorderStyle": {
        "lineColor": "#e9e9e9",
        "lineOpacity": 1,
        "lineWidth": 1
      },
      "dropdownSettings": {
        "formula": {
          "text": "<%=Filter_Option07%>"
        },
        "isMultiSelect": true
      },
      "dropdownText": "#{<%=Filter_Option07_Text%>}",
      "feedbackMode": false,
      "filteringSelf": true,
      "hasBackground": true,
      "hasHoverbuttons": false,
      "height": 2,
      "id": "458eb41f-36f6-40a6-b581-795a19501862",
      "maximized": false,
      "selection": [],
      "showHeader": true,
      "title": "",
      "titleStyle": {
        "currentFontSize": {
          "name": "x-large 17px",
          "value": 17
        },
        "fontSize": 17
      },
      "toolBorder": false,
      "type": "dropdown",
      "vertical": false,
      "width": 13,
      "x": 1,
      "y": 27,
      "zIndex": 20
    },
    {
      "allowDataLink": false,
      "backgroundColor": "#ffffff",
      "border": false,
      "clickToFilter": true,
      "componentFilter": "",
      "contextMenuMethods": {
        "componentFilter": true,
        "copy": true,
        "deletable": true,
        "export": true,
        "fullscreen": true,
        "layers": true,
        "settings": true
      },
      "diagramBackground": false,
      "diagramBackgroundStyle": {
        "fillColor": "",
        "opacity": 1
      },
      "diagramBorder": true,
      "diagramBorderStyle": {
        "lineColor": "#e9e9e9",
        "lineOpacity": 1,
        "lineWidth": 1
      },
      "dropdownSettings": {
        "formula": {
          "text": "<%=Filter_Option08%>"
        },
        "isMultiSelect": true
      },
      "dropdownText": "#{<%=Filter_Option08_Text%>}",
      "feedbackMode": false,
      "filteringSelf": true,
      "hasBackground": true,
      "hasHoverbuttons": false,
      "height": 2,
      "id": "c2ace631-e4c2-40f3-b735-b998f7b917bd",
      "maximized": false,
      "selection": [],
      "showHeader": true,
      "title": "",
      "titleStyle": {
        "currentFontSize": {
          "name": "x-large 17px",
          "value": 17
        },
        "fontSize": 17
      },
      "toolBorder": false,
      "type": "dropdown",
      "vertical": false,
      "width": 13,
      "x": 1,
      "y": 29,
      "zIndex": 26
    },
    {
      "allowDataLink": false,
      "backgroundColor": "#ffffff",
      "border": false,
      "clickToFilter": true,
      "componentFilter": "",
      "contextMenuMethods": {
        "componentFilter": true,
        "copy": true,
        "deletable": true,
        "export": true,
        "fullscreen": true,
        "layers": true,
        "settings": true
      },
      "diagramBackground": false,
      "diagramBackgroundStyle": {
        "fillColor": "",
        "opacity": 1
      },
      "diagramBorder": true,
      "diagramBorderStyle": {
        "lineColor": "#e9e9e9",
        "lineOpacity": 1,
        "lineWidth": 1
      },
      "dropdownSettings": {
        "formula": {
          "text": "<%=Filter_Option10%>"
        },
        "isMultiSelect": true
      },
      "dropdownText": "#{<%=Filter_Option10_Text%>}",
      "feedbackMode": false,
      "filteringSelf": true,
      "hasBackground": true,
      "hasHoverbuttons": false,
      "height": 2,
      "id": "642483b0-cb1d-4a25-bea6-1a99916bfb5f",
      "maximized": false,
      "selection": [],
      "showHeader": true,
      "title": "",
      "titleStyle": {
        "currentFontSize": {
          "name": "x-large 17px",
          "value": 17
        },
        "fontSize": 17
      },
      "toolBorder": false,
      "type": "dropdown",
      "vertical": false,
      "width": 13,
      "x": 1,
      "y": 47,
      "zIndex": 27
    },
    {
      "allowDataLink": false,
      "backgroundColor": "#ffffff",
      "border": false,
      "clickToFilter": true,
      "componentFilter": "",
      "contextMenuMethods": {
        "componentFilter": true,
        "copy": true,
        "deletable": true,
        "export": true,
        "fullscreen": true,
        "layers": true,
        "settings": true
      },
      "diagramBackground": false,
      "diagramBackgroundStyle": {
        "fillColor": "",
        "opacity": 1
      },
      "diagramBorder": true,
      "diagramBorderStyle": {
        "lineColor": "#e9e9e9",
        "lineOpacity": 1,
        "lineWidth": 1
      },
      "dropdownSettings": {
        "formula": {
          "text": "<%=Filter_Option09%>"
        },
        "isMultiSelect": true
      },
      "dropdownText": "#{<%=Filter_Option09_Text%>}",
      "feedbackMode": false,
      "filteringSelf": true,
      "hasBackground": true,
      "hasHoverbuttons": false,
      "height": 2,
      "id": "4c532d7a-6fc7-42e2-ab4d-9dfbc03e0118",
      "maximized": false,
      "selection": [],
      "showHeader": true,
      "title": "",
      "titleStyle": {
        "currentFontSize": {
          "name": "x-large 17px",
          "value": 17
        },
        "fontSize": 17
      },
      "toolBorder": false,
      "type": "dropdown",
      "vertical": false,
      "width": 13,
      "x": 1,
      "y": 45,
      "zIndex": 21
    },
    {
      "allowDataLink": false,
      "backgroundColor": "#ffffff",
      "border": false,
      "clickToFilter": true,
      "componentFilter": "",
      "contextMenuMethods": {
        "componentFilter": true,
        "copy": true,
        "deletable": true,
        "export": true,
        "fullscreen": true,
        "layers": true,
        "settings": true
      },
      "diagramBackground": false,
      "diagramBackgroundStyle": {
        "fillColor": "",
        "opacity": 1
      },
      "diagramBorder": true,
      "diagramBorderStyle": {
        "lineColor": "#e9e9e9",
        "lineOpacity": 1,
        "lineWidth": 1
      },
      "dropdownSettings": {
        "formula": {
          "text": "<%=Filter_Option12%>"
        },
        "isMultiSelect": true
      },
      "dropdownText": "#{<%=Filter_Option12_Text%>}",
      "feedbackMode": false,
      "filteringSelf": true,
      "hasBackground": true,
      "hasHoverbuttons": false,
      "height": 2,
      "id": "0e751ba8-765b-4fb2-95f3-468b6d2285a2",
      "maximized": false,
      "selection": [],
      "showHeader": true,
      "title": "",
      "titleStyle": {
        "currentFontSize": {
          "name": "x-large 17px",
          "value": 17
        },
        "fontSize": 17
      },
      "toolBorder": false,
      "type": "dropdown",
      "vertical": false,
      "width": 13,
      "x": 1,
      "y": 40,
      "zIndex": 20
    },
    {
      "alignment": "vertical",
      "allowDataLink": false,
      "backgroundColor": "#ffffff",
      "border": false,
      "clickToFilter": true,
      "componentFilter": "",
      "contextMenuMethods": {
        "componentFilter": true,
        "copy": true,
        "deletable": true,
        "export": true,
        "fullscreen": true,
        "layers": true,
        "settings": true
      },
      "datepickerSettings": {
        "formula": {
          "name": "",
          "text": "PU_FIRST(\"AFPO\", \"_CEL_PP_ACTIVITIES\".\"EVENTTIME\", \"_CEL_PP_ACTIVITIES\".\"ACTIVITY_EN\" = 'Create Process Order')",
          "translatedName": ""
        }
      },
      "diagramBackground": false,
      "diagramBackgroundStyle": {
        "fillColor": "",
        "opacity": 1
      },
      "diagramBorder": true,
      "diagramBorderStyle": {
        "lineColor": "#e9e9e9",
        "lineOpacity": 1,
        "lineWidth": 1
      },
      "feedbackMode": false,
      "filteringSelf": true,
      "hasBackground": true,
      "hasHoverbuttons": false,
      "height": 5,
      "id": "d4fc6aef-2caf-4fee-bb2d-92638df6464d",
      "maximized": false,
      "selection": [],
      "showHeader": true,
      "title": "PO Creation Date",
      "titleStyle": {
        "backgroundColor": "",
        "bold": false,
        "borderColor": "",
        "currentFontSize": {
          "name": "large 15px",
          "value": 15
        },
        "fontColor": "#<%= Company_Color2 %>",
        "fontSize": 15
      },
      "toolBorder": false,
      "type": "date_picker",
      "vertical": false,
      "width": 13,
      "x": 1,
      "y": 13,
      "zIndex": 28
    },
    {
      "allowDataLink": false,
      "backgroundColor": "#ffffff",
      "border": false,
      "clickToFilter": true,
      "componentFilter": "",
      "contextMenuMethods": {
        "componentFilter": true,
        "copy": true,
        "deletable": true,
        "export": true,
        "fullscreen": true,
        "layers": true,
        "settings": true
      },
      "diagramBackground": false,
      "diagramBackgroundStyle": {
        "fillColor": "",
        "opacity": 1
      },
      "diagramBorder": true,
      "diagramBorderStyle": {
        "color": "#6FA7D1",
        "lineColor": "#cccccc",
        "lineOpacity": 1,
        "lineWidth": 1,
        "opacityInDec": 100
      },
      "feedbackMode": false,
      "filteredThresholds": false,
      "filteringSelf": true,
      "formula": {
        "name": "Single KPI",
        "text": "COUNT_TABLE(\"AFPO\")",
        "translatedName": "Single KPI",
        "valueFormat": ".3s"
      },
      "hasBackground": true,
      "hasHoverbuttons": false,
      "height": 5,
      "hoverButtonFixed": false,
      "hoverButtonPosition": "RIGHT",
      "id": "e20932a9-dabb-48e3-8993-8916e9268075",
      "initThresholdsCount": 1,
      "kpiValue": 93654,
      "maximized": false,
      "minHeight": 2,
      "minWidth": 2,
      "segmentsInput": [
        {
          "color": "#1f77b4",
          "formula": {
            "text": "1500"
          },
          "value": 1500
        },
        {
          "color": "#1f77b4",
          "formula": {
            "text": "1500"
          },
          "value": 1500
        }
      ],
      "selection": [],
      "settings": {
        "fixedTextSize": true,
        "initThresholdsCount": 1,
        "singleColor": "#<%= Company_Color1 %>",
        "singleColorEnabled": true,
        "subtitlePosition": "left",
        "viewType": "number"
      },
      "showHeader": true,
      "thresholds": [
        {
          "color": "#<%= Company_Color1 %>",
          "formula": {
            "text": "1500"
          },
          "value": 1500
        }
      ],
      "title": "# Process Orders",
      "titleStyle": {
        "alignment": "center",
        "backgroundColor": "#<%= Company_Color2 %>",
        "bold": true,
        "borderColor": "",
        "currentFontSize": {
          "name": "medium 14px",
          "value": 14
        },
        "fontColor": "#<%= Company_Color1 %>",
        "fontSize": 14
      },
      "toolBorder": false,
      "type": "single-kpi",
      "version": 1,
      "vertical": false,
      "viewType": "number",
      "width": 9,
      "x": 16,
      "y": 1,
      "zIndex": 25
    },
    {
      "axis0": [
        {
          "flex": 1,
          "meta": {
            "columnName": "#{activity}",
            "columnType": "string",
            "expressionColumn": null,
            "expressionLhs": "\"_CEL_O2C_ACTIVITIES\".\"ACTIVITY_EN\" AS \"#{activity}\"",
            "filterLhs": null,
            "format": "",
            "hidden": null
          },
          "name": "#{Process Order No.}",
          "notIncluded": false,
          "ratioFormula": {},
          "seriesColor": "#<%= colorschema_table_dim_col_b %>",
          "seriesColorMapping": "",
          "text": "\"AFPO\".\"AUFNR\"",
          "textColor": "#<%= colorschema_table_dim_col_t %>",
          "textColorMapping": "",
          "translatedName": "<%= Dropdown_Option02_Text %>",
          "type": "dimension",
          "units": " ",
          "valueFormat": ",f",
          "width": 87
        },
        {
          "flex": 1,
          "name": "#{Plant}",
          "text": "\"AUFK\".\"WERKS\"",
          "translatedName": "Plant",
          "type": "dimension",
          "valueFormat": "",
          "width": 87
        },
        {
          "flex": 0.9885,
          "name": "#{Order Type}",
          "text": "\"AUFK\".\"AUART\"",
          "translatedName": "New Expression",
          "type": "dimension",
          "valueFormat": "",
          "width": 86
        },
        {
          "flex": 0.977,
          "name": "#{Prod. Step}",
          "text": "\"AFPO\".\"PROD_STEP\"",
          "translatedName": "Production Step",
          "type": "dimension",
          "valueFormat": "",
          "width": 85
        },
        {
          "flex": 0.977,
          "name": "#{Prod. Scheduler}",
          "text": "\"AFKO\".\"FEVOR\" || ' - ' || \"AFKO\".\"FEVOR_TEXT\"",
          "translatedName": "New Expression",
          "type": "dimension",
          "valueFormat": "",
          "width": 85
        },
        {
          "flex": 0.954,
          "name": "#{Mat. Type}",
          "text": "\"MARA\".\"MTART\"",
          "translatedName": "Material Type",
          "type": "dimension",
          "valueFormat": "",
          "width": 83
        },
        {
          "flex": 1.4828,
          "name": "#{Material}",
          "text": "\"AFPO\".\"MATNR2\" || ' - ' || \"AFPO\".\"MATNR_TEXT\"",
          "translatedName": "MTART_TEXT",
          "type": "dimension",
          "valueFormat": "",
          "width": 129
        },
        {
          "flex": 1.5517,
          "name": "#{Creation Date}",
          "ratioFormula": {},
          "seriesColor": "transparent",
          "seriesColorMapping": "",
          "sorting": "ASC",
          "sortingIndex": 0,
          "text": "ROUND_DAY(\"AUFK\".\"ERDAT\")",
          "textColor": "",
          "textColorMapping": "",
          "translatedName": "New Expression",
          "type": "dimension",
          "valueFormat": "%Y-%m-%d",
          "width": 135
        },
        {
          "flex": 1.2069,
          "name": "#{GR planned}",
          "text": "ADD_SECONDS(\"AFKO\".\"GLTRS\", REMAP_TIMESTAMPS(\"AFKO\".\"GLUZS\", SECONDS))",
          "translatedName": "GR planned",
          "type": "dimension",
          "valueFormat": "%Y-%m-%d",
          "width": 105
        },
        {
          "flex": 1.2874,
          "name": "#{GR actual}",
          "ratioFormula": {},
          "seriesColor": "transparent",
          "text": "ROUND_DAY(PU_FIRST(\"AFPO\", \"_CEL_PP_ACTIVITIES\".\"EVENTTIME\", \"_CEL_PP_ACTIVITIES\".\"ACTIVITY_EN\" = 'Status: Delivered'))",
          "translatedName": "GR actual",
          "type": "dimension",
          "valueFormat": "%Y-%m-%d",
          "width": 112
        },
        {
          "flex": 1.2529,
          "name": "#{UD planned}",
          "text": "PU_LAST(\"AFKO\", ADD_SECONDS(\"QALS\".\"PAENDTERM\", REMAP_TIMESTAMPS(\"QALS\".\"PAENDZEIT\", SECONDS)))",
          "translatedName": "New Expression",
          "type": "dimension",
          "valueFormat": "%Y-%m-%d",
          "width": 109
        },
        {
          "flex": 1.0805,
          "name": "#{UD actual}",
          "ratioFormula": {},
          "seriesColor": "transparent",
          "seriesColorMapping": "",
          "text": "PU_LAST(\"AFPO\", \"_CEL_PP_ACTIVITIES\".\"EVENTTIME\", \"_CEL_PP_ACTIVITIES\".\"ACTIVITY_EN\" ='Make Usage Decision')",
          "textColor": "",
          "textColorMapping": "",
          "translatedName": "UD actual",
          "type": "dimension",
          "valueFormat": "%Y-%m-%d",
          "width": 94
        }
      ],
      "axis0Config": {
        "autoTickCount": true,
        "axisLabelStyle": {
          "backgroundColor": "",
          "borderColor": "",
          "fontColor": ""
        },
        "axisLineStyle": {
          "color": "#6FA7D1",
          "lineColor": "",
          "lineOpacity": 1,
          "lineWidth": 1,
          "opacityInDec": 100
        },
        "axisTitleStyle": {
          "backgroundColor": "",
          "borderColor": "",
          "fontColor": ""
        },
        "gapWidth": 0.1,
        "gridlineStyle": {
          "color": "#6FA7D1",
          "lineColor": "",
          "lineOpacity": 1,
          "lineWidth": 1,
          "opacityInDec": 100
        },
        "seriesOverlap": 0.45,
        "showAxis": true,
        "showAxisLabels": true,
        "showTickLines": true
      },
      "axis1": [],
      "axis1Config": {
        "autoTickCount": true,
        "axisLabelStyle": {
          "backgroundColor": "",
          "borderColor": "",
          "fontColor": ""
        },
        "axisLineStyle": {
          "color": "#6FA7D1",
          "lineColor": "",
          "lineOpacity": 1,
          "lineWidth": 1,
          "opacityInDec": 100
        },
        "axisTitleStyle": {
          "backgroundColor": "",
          "borderColor": "",
          "fontColor": ""
        },
        "boundsMode": "AUTO",
        "gridlineStyle": {
          "color": "#6FA7D1",
          "lineColor": "",
          "lineOpacity": 1,
          "lineWidth": 1,
          "opacityInDec": 100
        },
        "showAxis": false,
        "showAxisLabels": true,
        "showTickLines": true
      },
      "axis2": [
        {
          "dataLabelStyle": {},
          "dataLabelsPosition": "custom",
          "fillStyle": {
            "opacity": 1
          },
          "flex": 1.4483,
          "ignoreSeriesPalettes": true,
          "name": "#{Automation Rate (UD)}",
          "ratioFormula": {},
          "seriesColor": "",
          "seriesColorMapping": "",
          "seriesPalette": "",
          "showDataLabels": false,
          "text": "KPI(\"Automation Rate\", VARIABLE(<%= To_Occ %>), VARIABLE(<%= AutomaticUserType %>))",
          "textColor": "#3e0087",
          "textColorMapping": "",
          "translatedName": "Automation Rate (UD)",
          "valueFormat": "%",
          "width": 126
        },
        {
          "dataLabelStyle": {},
          "dataLabelsPosition": "custom",
          "fillStyle": {
            "opacity": 1
          },
          "flex": 1.1724,
          "ignoreSeriesPalettes": true,
          "name": "#{TPT GR --> UD (planned)}",
          "ratioFormula": {},
          "seriesColor": "",
          "seriesColorMapping": "",
          "seriesPalette": "",
          "showDataLabels": false,
          "text": "KPI(\"Lead Time Scheduled\", VARIABLE(<%= unit %>))\n",
          "textColor": "",
          "textColorMapping": "",
          "translatedName": "New Expression",
          "units": " <%= unit_unit %>",
          "valueFormat": ",f",
          "width": 102
        },
        {
          "dataLabelStyle": {},
          "dataLabelsPosition": "custom",
          "fillStyle": {
            "opacity": 1
          },
          "flex": 1.6437,
          "ignoreSeriesPalettes": true,
          "name": "#{TPT GR --> UD (actual)}",
          "ratioFormula": {},
          "seriesColor": "#ffffff",
          "seriesColorMapping": "",
          "seriesPalette": "",
          "showDataLabels": false,
          "text": " KPI(\"Lead Time\", VARIABLE(<%= unit %>), VARIABLE('Status: Delivered'), VARIABLE('Make Usage Decision'), VARIABLE(<%= From_Occ %>), VARIABLE(<%= To_Occ %>))",
          "textColor": "#658927",
          "textColorMapping": "",
          "translatedName": "TPT (GR -> UD)",
          "units": " <%=unit_unit %>",
          "valueFormat": ",f",
          "width": 143
        }
      ],
      "axis2Config": {
        "autoTickCount": true,
        "axisLabelStyle": {
          "backgroundColor": "",
          "borderColor": "",
          "fontColor": ""
        },
        "axisLineStyle": {
          "color": "#6FA7D1",
          "lineColor": "",
          "lineOpacity": 1,
          "lineWidth": 1,
          "opacityInDec": 100
        },
        "axisTitleStyle": {
          "backgroundColor": "",
          "borderColor": "",
          "fontColor": ""
        },
        "boundsMode": "AUTO",
        "gridlineStyle": {
          "color": "#6FA7D1",
          "lineColor": "",
          "lineOpacity": 1,
          "lineWidth": 1,
          "opacityInDec": 100
        },
        "showAxis": false,
        "showAxisLabels": true,
        "showTickLines": true
      },
      "backgroundColor": "#ffffff",
      "border": false,
      "chartType": "table",
      "clickToFilter": true,
      "componentFilter": "",
      "dataLabelsPositions": [
        "top",
        "middle",
        "bottom",
        "custom"
      ],
      "diagramBackgroundStyle": {
        "fillColor": "",
        "opacity": 1
      },
      "diagramBorder": true,
      "diagramBorderStyle": {
        "color": "#6FA7D1",
        "lineColor": "#e9e9e9",
        "lineOpacity": 1,
        "lineWidth": 1,
        "opacityInDec": 100
      },
      "feedbackMode": false,
      "filteringSelf": true,
      "hasBackground": true,
      "height": 41,
      "hoverButtonFixed": false,
      "hoverButtonPosition": "LEFT",
      "id": "d42b8e8a-9b3d-4a37-a0c7-d840818a8e65",
      "legendFontStyle": {
        "backgroundColor": "",
        "borderColor": "",
        "fontColor": ""
      },
      "legendPosition": "bc",
      "legendShow": true,
      "limitMode": "NO_LIMIT",
      "limitNumber": 5,
      "maximized": false,
      "multisort": false,
      "newFullscreen": false,
      "selection": [],
      "seriesColor": "",
      "seriesColorMapping": "",
      "showHeader": true,
      "showOthers": false,
      "showTitle": true,
      "technicalNames": false,
      "textColor": "",
      "textStyle": {
        "backgroundColor": "",
        "borderColor": "",
        "currentFontSize": {
          "name": "x-small 11px",
          "value": 11
        },
        "fontColor": "",
        "fontSize": 11
      },
      "title": "#{Process Order Details}",
      "titleStyle": {
        "backgroundColor": "#eaeaea",
        "bold": true,
        "borderColor": "",
        "currentFontSize": {
          "name": "medium 14px",
          "value": 14
        },
        "fontColor": "#<%= Company_Color1 %>",
        "fontSize": 14
      },
      "toolBorder": false,
      "tooltips": true,
      "type": "pql-table",
      "vertical": true,
      "width": 83,
      "x": 16,
      "y": 8,
      "zIndex": 9
    },
    {
      "allowDataLink": false,
      "backgroundColor": "#ffffff",
      "border": false,
      "clickToFilter": true,
      "componentFilter": "",
      "contextMenuMethods": {
        "componentFilter": true,
        "copy": true,
        "deletable": true,
        "export": true,
        "fullscreen": true,
        "layers": true,
        "settings": true
      },
      "diagramBackground": false,
      "diagramBackgroundStyle": {
        "fillColor": "",
        "opacity": 1
      },
      "diagramBorder": true,
      "diagramBorderStyle": {
        "lineColor": "#e9e9e9",
        "lineOpacity": 1,
        "lineWidth": 1
      },
      "dropdownSettings": {
        "formula": {
          "text": "<%=Filter_Option11%>"
        },
        "isMultiSelect": true
      },
      "dropdownText": "#{<%=Filter_Option11_Text%>}",
      "feedbackMode": false,
      "filteringSelf": true,
      "hasBackground": true,
      "hasHoverbuttons": false,
      "height": 2,
      "id": "3bd7c6b3-e973-422a-a436-aa7b45f7f7e4",
      "maximized": false,
      "selection": [],
      "showHeader": true,
      "title": "",
      "titleStyle": {
        "currentFontSize": {
          "name": "x-large 17px",
          "value": 17
        },
        "fontSize": 17
      },
      "toolBorder": false,
      "type": "dropdown",
      "vertical": false,
      "width": 13,
      "x": 1,
      "y": 25,
      "zIndex": 28
    },
    {
      "allowDataLink": false,
      "backgroundColor": "#ffffff",
      "border": false,
      "clickToFilter": true,
      "componentFilter": "",
      "contextMenuMethods": {
        "componentFilter": true,
        "copy": true,
        "deletable": true,
        "export": true,
        "fullscreen": true,
        "layers": true,
        "settings": true
      },
      "diagramBackground": false,
      "diagramBackgroundStyle": {
        "fillColor": "",
        "opacity": 1
      },
      "diagramBorder": true,
      "diagramBorderStyle": {
        "color": "#6FA7D1",
        "lineColor": "#e9e9e9",
        "lineOpacity": 1,
        "lineWidth": 1,
        "opacityInDec": 100
      },
      "feedbackMode": false,
      "filteredThresholds": false,
      "filteringSelf": true,
      "formula": {
        "name": "Single KPI",
        "text": "<%= statistic %>(KPI(\"Lead Time\", VARIABLE(<%= unit %>), VARIABLE('Status: Delivered'), VARIABLE('Make Usage Decision'), VARIABLE(LAST), VARIABLE(FIRST))) ",
        "translatedName": "Single KPI",
        "units": "<%= unit_unit %>",
        "valueFormat": ",.1f"
      },
      "hasBackground": true,
      "hasHoverbuttons": false,
      "height": 5,
      "hoverButtonFixed": false,
      "hoverButtonPosition": "RIGHT",
      "id": "625d1ec9-161c-406e-89a2-f8664edaa581",
      "initThresholdsCount": 1,
      "kpiValue": 116.80972222222222,
      "maximized": false,
      "minHeight": 2,
      "minWidth": 2,
      "segmentsInput": [
        {
          "color": "#1f77b4",
          "formula": {
            "text": "1500"
          },
          "value": 1500
        },
        {
          "color": "#1f77b4",
          "formula": {
            "text": "1500"
          },
          "value": 1500
        }
      ],
      "selection": [],
      "settings": {
        "fixedTextSize": false,
        "initThresholdsCount": 1,
        "singleColor": "#<%= Company_Color1 %>",
        "singleColorEnabled": true,
        "subtitlePosition": "left",
        "viewType": "number"
      },
      "showHeader": true,
      "thresholds": [
        {
          "color": "#<%= Company_Color1 %>",
          "formula": {
            "text": "1500"
          },
          "value": 1500
        }
      ],
      "title": "TPT (GR --> UD)",
      "titleStyle": {
        "alignment": "center",
        "backgroundColor": "#<%= Company_Color2 %>",
        "bold": true,
        "borderColor": "",
        "currentFontSize": {
          "name": "medium 14px",
          "value": 14
        },
        "fontColor": "#<%= Company_Color1 %>",
        "fontSize": 14
      },
      "toolBorder": false,
      "type": "single-kpi",
      "version": 1,
      "vertical": false,
      "viewType": "number",
      "width": 10,
      "x": 26,
      "y": 1,
      "zIndex": 20
    },
    {
      "allowDataLink": false,
      "backgroundColor": "#ffffff",
      "border": false,
      "clickToFilter": true,
      "componentFilter": "",
      "contextMenuMethods": {
        "componentFilter": true,
        "copy": true,
        "deletable": true,
        "export": true,
        "fullscreen": true,
        "layers": true,
        "settings": true
      },
      "diagramBackground": false,
      "diagramBackgroundStyle": {
        "fillColor": "",
        "opacity": 1
      },
      "diagramBorder": true,
      "diagramBorderStyle": {
        "color": "#6FA7D1",
        "lineColor": "#e9e9e9",
        "lineOpacity": 1,
        "lineWidth": 1,
        "opacityInDec": 100
      },
      "feedbackMode": false,
      "filteredThresholds": false,
      "filteringSelf": true,
      "formula": {
        "name": "Single KPI",
        "text": "KPI(\"Automation Rate\", VARIABLE(<%= To_Occ %>), VARIABLE(<%= AutomaticUserType %>))",
        "translatedName": "Single KPI",
        "units": "",
        "valueFormat": "%"
      },
      "hasBackground": true,
      "hasHoverbuttons": false,
      "height": 5,
      "hoverButtonFixed": false,
      "hoverButtonPosition": "RIGHT",
      "id": "c9bba71f-9c7f-4bf8-a72d-2035cb77d7c8",
      "initThresholdsCount": 1,
      "kpiValue": 0.5628969201648711,
      "maximized": false,
      "minHeight": 2,
      "minWidth": 2,
      "segmentsInput": [
        {
          "color": "#1f77b4",
          "formula": {
            "text": "1500"
          },
          "value": 1500
        },
        {
          "color": "#1f77b4",
          "formula": {
            "text": "1500"
          },
          "value": 1500
        }
      ],
      "selection": [],
      "settings": {
        "fixedTextSize": false,
        "initThresholdsCount": 1,
        "singleColor": "#<%= Company_Color1 %>",
        "singleColorEnabled": true,
        "subtitlePosition": "left",
        "viewType": "number"
      },
      "showHeader": true,
      "thresholds": [
        {
          "color": "#<%= Company_Color1 %>",
          "formula": {
            "text": "1500"
          },
          "value": 1500
        }
      ],
      "title": "Automation Rate (UD)",
      "titleStyle": {
        "alignment": "center",
        "backgroundColor": "#<%= Company_Color2 %>",
        "bold": true,
        "borderColor": "",
        "currentFontSize": {
          "name": "medium 14px",
          "value": 14
        },
        "fontColor": "#<%= Company_Color1 %>",
        "fontSize": 14
      },
      "toolBorder": false,
      "type": "single-kpi",
      "version": 1,
      "vertical": false,
      "viewType": "number",
      "width": 11,
      "x": 37,
      "y": 1,
      "zIndex": 22
    },
    {
      "allowDataLink": false,
      "backgroundColor": "#ffffff",
      "border": false,
      "clickToFilter": true,
      "componentFilter": "",
      "contextMenuMethods": {
        "componentFilter": true,
        "copy": true,
        "deletable": true,
        "export": true,
        "fullscreen": true,
        "layers": true,
        "settings": true
      },
      "diagramBackground": false,
      "diagramBackgroundStyle": {
        "fillColor": "",
        "opacity": 1
      },
      "diagramBorder": false,
      "diagramBorderStyle": {
        "lineColor": "#e9e9e9",
        "lineOpacity": 1,
        "lineWidth": 1
      },
      "feedbackMode": false,
      "filteringSelf": true,
      "formulas": [],
      "hasBackground": true,
      "hasHoverbuttons": false,
      "height": 2,
      "id": "b022ebd4-1aab-46ad-bb5e-aab7f3817513",
      "maximized": false,
      "selection": [],
      "showHeader": true,
      "text": "[b][color=#<%= Company_Color1 %>]Throughput Time Settings:[/color][/b]",
      "title": "",
      "titleStyle": {
        "currentFontSize": {
          "name": "x-large 17px",
          "value": 17
        },
        "fontSize": 17
      },
      "toolBorder": false,
      "type": "text",
      "vertical": false,
      "width": 20,
      "x": 62,
      "y": 0,
      "zIndex": 11
    },
    {
      "allowDataLink": false,
      "backgroundColor": "#ffffff",
      "border": false,
      "clickToFilter": true,
      "componentFilter": "",
      "contextMenuMethods": {
        "componentFilter": true,
        "copy": true,
        "deletable": true,
        "export": true,
        "fullscreen": true,
        "layers": true,
        "settings": true
      },
      "diagramBackground": true,
      "diagramBackgroundStyle": {
        "fillColor": "#cccccc",
        "opacity": 0.51
      },
      "diagramBorder": false,
      "diagramBorderStyle": {
        "lineColor": "#e9e9e9",
        "lineOpacity": 1,
        "lineWidth": 1
      },
      "feedbackMode": false,
      "filteringSelf": true,
      "formulas": [],
      "hasBackground": true,
      "hasHoverbuttons": false,
      "height": 7,
      "id": "2508b56b-f9d0-4182-98d2-a24da329d3a9",
      "maximized": false,
      "selection": [],
      "showHeader": true,
      "text": "",
      "title": "",
      "titleStyle": {
        "currentFontSize": {
          "name": "x-large 17px",
          "value": 17
        },
        "fontSize": 17
      },
      "toolBorder": false,
      "type": "text",
      "vertical": false,
      "width": 39,
      "x": 61,
      "y": 0,
      "zIndex": 2
    },
    {
      "allowDataLink": false,
      "backgroundColor": "#<%= Company_Color2 %>",
      "border": false,
      "buttonTitle": "Select Time Unit: <%= unit %>",
      "buttons": [
        {
          "action": "setVariable",
          "backgroundColor": "",
          "buttonTitle": "Hours",
          "titleStyle": {
            "fontColor": ""
          },
          "variableName": "unit_unit",
          "variableValue": "h",
          "variables": [
            {
              "title": "unit_unit",
              "variableName": "unit_unit",
              "variableValue": "h"
            },
            {
              "title": "unit",
              "variableName": "unit",
              "variableValue": "Hours"
            }
          ]
        },
        {
          "action": "setVariable",
          "backgroundColor": "",
          "buttonTitle": "Days",
          "titleStyle": {
            "fontColor": ""
          },
          "variableName": "unit_unit",
          "variableValue": "d",
          "variables": [
            {
              "title": "unit_unit",
              "variableName": "unit_unit",
              "variableValue": "d"
            },
            {
              "title": "unit",
              "variableName": "unit",
              "variableValue": "days"
            }
          ]
        },
        {
          "action": "setVariable",
          "backgroundColor": "",
          "buttonTitle": "Weeks",
          "titleStyle": {
            "fontColor": ""
          },
          "variableName": "unit_unit",
          "variableValue": "wk",
          "variables": [
            {
              "title": "unit_unit",
              "variableName": "unit_unit",
              "variableValue": "wk"
            },
            {
              "title": "unit",
              "variableName": "unit",
              "variableValue": "Weeks"
            }
          ]
        },
        {
          "action": "setVariable",
          "backgroundColor": "",
          "buttonTitle": "Months",
          "titleStyle": {
            "fontColor": ""
          },
          "variableName": "unit_unit",
          "variableValue": "m",
          "variables": [
            {
              "title": "unit_unit",
              "variableName": "unit_unit",
              "variableValue": "m"
            },
            {
              "title": "unit",
              "variableName": "unit",
              "variableValue": "Months"
            }
          ]
        }
      ],
      "clickToFilter": true,
      "componentFilter": "",
      "contextMenuMethods": {
        "componentFilter": true,
        "copy": true,
        "deletable": true,
        "export": true,
        "fullscreen": true,
        "layers": true,
        "settings": true
      },
      "diagramBackground": false,
      "diagramBackgroundStyle": {
        "fillColor": "",
        "opacity": 1
      },
      "diagramBorder": true,
      "diagramBorderStyle": {
        "lineColor": "#e9e9e9",
        "lineOpacity": 1,
        "lineWidth": 1
      },
      "feedbackMode": false,
      "filteringSelf": true,
      "hasBackground": true,
      "hasHoverbuttons": false,
      "height": 2,
      "id": "07b323b4-c5ae-4c28-b6cf-f39f6fc836d1",
      "inputType": "Manual Input",
      "loadEntries": {
        "formula": {
          "text": ""
        },
        "isMultiSelect": true,
        "preview": "Value1 Value2"
      },
      "maximized": false,
      "selection": [],
      "showHeader": true,
      "title": "",
      "titleStyle": {
        "currentFontSize": {
          "name": "x-large 17px",
          "value": 17
        },
        "fontSize": 17
      },
      "toolBorder": false,
      "type": "button_dropdown",
      "vertical": false,
      "width": 17,
      "x": 62,
      "y": 2,
      "zIndex": 30
    },
    {
      "allowDataLink": false,
      "backgroundColor": "#<%= Company_Color2 %>",
      "border": false,
      "buttonTitle": "Select Calculation Statistic: <%= statistic %>",
      "buttons": [
        {
          "action": "setVariable",
          "backgroundColor": "",
          "buttonTitle": "MEDIAN",
          "titleStyle": {
            "fontColor": ""
          },
          "variableName": "statistic",
          "variableValue": "MEDIAN",
          "variables": [
            {
              "title": "statistic",
              "variableName": "statistic",
              "variableValue": "MEDIAN"
            }
          ]
        },
        {
          "action": "setVariable",
          "backgroundColor": "",
          "buttonTitle": "AVG",
          "titleStyle": {
            "fontColor": ""
          },
          "variableName": "statistic",
          "variableValue": "AVG",
          "variables": [
            {
              "title": "statistic",
              "variableName": "statistic",
              "variableValue": "AVG"
            }
          ]
        }
      ],
      "clickToFilter": true,
      "componentFilter": "",
      "contextMenuMethods": {
        "componentFilter": true,
        "copy": true,
        "deletable": true,
        "export": true,
        "fullscreen": true,
        "layers": true,
        "settings": true
      },
      "diagramBackground": false,
      "diagramBackgroundStyle": {
        "fillColor": "",
        "opacity": 1
      },
      "diagramBorder": true,
      "diagramBorderStyle": {
        "lineColor": "#e9e9e9",
        "lineOpacity": 1,
        "lineWidth": 1
      },
      "feedbackMode": false,
      "filteringSelf": true,
      "hasBackground": true,
      "hasHoverbuttons": false,
      "height": 2,
      "id": "5595152e-7ddc-4647-82f3-65b3dd7bbba4",
      "inputType": "Manual Input",
      "loadEntries": {
        "formula": {
          "text": ""
        },
        "isMultiSelect": true,
        "preview": "Value1 Value2"
      },
      "maximized": false,
      "selection": [],
      "showHeader": true,
      "title": "",
      "titleStyle": {
        "currentFontSize": {
          "name": "x-large 17px",
          "value": 17
        },
        "fontSize": 17
      },
      "toolBorder": false,
      "type": "button_dropdown",
      "vertical": false,
      "width": 17,
      "x": 62,
      "y": 4,
      "zIndex": 30
    },
    {
      "allowDataLink": false,
      "backgroundColor": "#<%= Company_Color2 %>",
      "border": false,
      "buttonTitle": "<%= From_Occ_Text %>",
      "buttons": [
        {
          "action": "setVariable",
          "backgroundColor": "",
          "buttonTitle": "First Occurrence",
          "titleStyle": {
            "fontColor": ""
          },
          "variableName": "From_Occ_Text",
          "variableValue": "First Occurrence",
          "variables": [
            {
              "title": "From_Occ_Text",
              "variableName": "From_Occ_Text",
              "variableValue": "First Occurrence"
            },
            {
              "title": "From_Occ",
              "variableName": "From_Occ",
              "variableValue": "FIRST"
            }
          ]
        },
        {
          "action": "setVariable",
          "backgroundColor": "",
          "buttonTitle": "Last Occurrence",
          "titleStyle": {
            "fontColor": ""
          },
          "variableName": "From_Occ_Text",
          "variableValue": "Last Occurrence",
          "variables": [
            {
              "title": "From_Occ_Text",
              "variableName": "From_Occ_Text",
              "variableValue": "Last Occurrence"
            },
            {
              "title": "From_Occ",
              "variableName": "From_Occ",
              "variableValue": "LAST"
            }
          ]
        }
      ],
      "clickToFilter": true,
      "componentFilter": "",
      "contextMenuMethods": {
        "componentFilter": true,
        "copy": true,
        "deletable": true,
        "export": true,
        "fullscreen": true,
        "layers": true,
        "settings": true
      },
      "diagramBackground": false,
      "diagramBackgroundStyle": {
        "fillColor": "",
        "opacity": 1
      },
      "diagramBorder": true,
      "diagramBorderStyle": {
        "lineColor": "#e9e9e9",
        "lineOpacity": 1,
        "lineWidth": 1
      },
      "feedbackMode": false,
      "filteringSelf": true,
      "hasBackground": true,
      "hasHoverbuttons": false,
      "height": 2,
      "id": "ae2ed1dd-1c2b-42ee-bbb5-e4c9db6f8dfc",
      "inputType": "Manual Input",
      "lastColumnType": "string",
      "loadEntries": {
        "formula": {
          "text": "\"_CEL_PP_ACTIVITIES\".\"ACTIVITY_EN\"",
          "units": ""
        },
        "isMultiSelect": false,
        "preview": "'Value'",
        "separator": ",",
        "variableName": "Sequence_From",
        "wrappingCharEnd": "'",
        "wrappingCharStart": "'"
      },
      "maximized": false,
      "selection": [],
      "showHeader": true,
      "title": "",
      "titleStyle": {
        "currentFontSize": {
          "name": "x-large 17px",
          "value": 17
        },
        "fontSize": 17
      },
      "toolBorder": false,
      "type": "button_dropdown",
      "unfilteredInput": true,
      "vertical": false,
      "width": 15,
      "x": 84,
      "y": 2,
      "zIndex": 17
    },
    {
      "allowDataLink": false,
      "backgroundColor": "#<%= Company_Color2 %>",
      "border": false,
      "buttonTitle": "<%= To_Occ_Text %>",
      "buttons": [
        {
          "action": "setVariable",
          "backgroundColor": "",
          "buttonTitle": "First Occurrence",
          "titleStyle": {
            "fontColor": ""
          },
          "variableName": "To_Occ_Text",
          "variableValue": "First Occurrence",
          "variables": [
            {
              "title": "To_Occ_Text",
              "variableName": "To_Occ_Text",
              "variableValue": "First Occurrence"
            },
            {
              "title": "To_Occ",
              "variableName": "To_Occ",
              "variableValue": "FIRST"
            }
          ]
        },
        {
          "action": "setVariable",
          "backgroundColor": "",
          "buttonTitle": "Last Occurrence",
          "titleStyle": {
            "fontColor": ""
          },
          "variableName": "To_Occ_Text",
          "variableValue": "Last Occurrence",
          "variables": [
            {
              "title": "To_Occ_Text",
              "variableName": "To_Occ_Text",
              "variableValue": "Last Occurrence"
            },
            {
              "title": "To_Occ",
              "variableName": "To_Occ",
              "variableValue": "LAST"
            }
          ]
        }
      ],
      "clickToFilter": true,
      "componentFilter": "",
      "contextMenuMethods": {
        "componentFilter": true,
        "copy": true,
        "deletable": true,
        "export": true,
        "fullscreen": true,
        "layers": true,
        "settings": true
      },
      "diagramBackground": false,
      "diagramBackgroundStyle": {
        "fillColor": "",
        "opacity": 1
      },
      "diagramBorder": true,
      "diagramBorderStyle": {
        "lineColor": "#e9e9e9",
        "lineOpacity": 1,
        "lineWidth": 1
      },
      "feedbackMode": false,
      "filteringSelf": true,
      "hasBackground": true,
      "hasHoverbuttons": false,
      "height": 2,
      "id": "befbca15-6193-4d65-bd5f-9537c6f54194",
      "inputType": "Manual Input",
      "lastColumnType": "string",
      "loadEntries": {
        "formula": {
          "text": "\"_CEL_PP_ACTIVITIES\".\"ACTIVITY_EN\"",
          "units": ""
        },
        "isMultiSelect": false,
        "preview": "'Value'",
        "separator": ",",
        "variableName": "Sequence_From",
        "wrappingCharEnd": "'",
        "wrappingCharStart": "'"
      },
      "maximized": false,
      "selection": [],
      "showHeader": true,
      "title": "",
      "titleStyle": {
        "currentFontSize": {
          "name": "x-large 17px",
          "value": 17
        },
        "fontSize": 17
      },
      "toolBorder": false,
      "type": "button_dropdown",
      "unfilteredInput": true,
      "vertical": false,
      "width": 15,
      "x": 84,
      "y": 4,
      "zIndex": 18
    },
    {
      "allowDataLink": false,
      "backgroundColor": "#ffffff",
      "border": false,
      "clickToFilter": true,
      "componentFilter": "",
      "contextMenuMethods": {
        "componentFilter": true,
        "copy": true,
        "deletable": true,
        "export": true,
        "fullscreen": true,
        "layers": true,
        "settings": true
      },
      "diagramBackground": false,
      "diagramBackgroundStyle": {
        "fillColor": "#cccccc",
        "opacity": 1
      },
      "diagramBorder": false,
      "diagramBorderStyle": {
        "lineColor": "#e9e9e9",
        "lineOpacity": 1,
        "lineWidth": 1
      },
      "feedbackMode": false,
      "filteringSelf": true,
      "formulas": [],
      "hasBackground": true,
      "hasHoverbuttons": false,
      "height": 3,
      "id": "54941e5e-7d12-4102-af9b-a4b8fea84032",
      "maximized": false,
      "selection": [],
      "showHeader": true,
      "text": "[left][b][color=#<%= Company_Color1 %>][size=15]From GR:[/size][/color][/b][/left]",
      "title": "",
      "titleStyle": {
        "currentFontSize": {
          "name": "x-large 17px",
          "value": 17
        },
        "fontSize": 17
      },
      "toolBorder": false,
      "type": "text",
      "vertical": false,
      "width": 4,
      "x": 80,
      "y": 2,
      "zIndex": 5
    },
    {
      "allowDataLink": false,
      "backgroundColor": "#ffffff",
      "border": false,
      "clickToFilter": true,
      "componentFilter": "",
      "contextMenuMethods": {
        "componentFilter": true,
        "copy": true,
        "deletable": true,
        "export": true,
        "fullscreen": true,
        "layers": true,
        "settings": true
      },
      "diagramBackground": false,
      "diagramBackgroundStyle": {
        "fillColor": "#cccccc",
        "opacity": 1
      },
      "diagramBorder": false,
      "diagramBorderStyle": {
        "lineColor": "#e9e9e9",
        "lineOpacity": 1,
        "lineWidth": 1
      },
      "feedbackMode": false,
      "filteringSelf": true,
      "formulas": [],
      "hasBackground": true,
      "hasHoverbuttons": false,
      "height": 3,
      "id": "3701d124-ba04-4c02-a78b-deb41a462fa0",
      "maximized": false,
      "selection": [],
      "showHeader": true,
      "text": "[left][b][color=#<%= Company_Color1 %>][size=15]To UD:[/size][/color][/b][/left]",
      "title": "",
      "titleStyle": {
        "currentFontSize": {
          "name": "x-large 17px",
          "value": 17
        },
        "fontSize": 17
      },
      "toolBorder": false,
      "type": "text",
      "vertical": false,
      "width": 3,
      "x": 80,
      "y": 4,
      "zIndex": 6
    },
    {
      "allowDataLink": false,
      "backgroundColor": "#ffffff",
      "border": false,
      "clickToFilter": true,
      "componentFilter": "",
      "contextMenuMethods": {
        "componentFilter": true,
        "copy": true,
        "deletable": true,
        "export": true,
        "fullscreen": true,
        "layers": true,
        "settings": true
      },
      "diagramBackground": false,
      "diagramBackgroundStyle": {
        "fillColor": "",
        "opacity": 1
      },
      "diagramBorder": true,
      "diagramBorderStyle": {
        "lineColor": "#e9e9e9",
        "lineOpacity": 1,
        "lineWidth": 1
      },
      "dropdownSettings": {
        "formula": {
          "text": "<%=Filter_Option14%>"
        },
        "isMultiSelect": true
      },
      "dropdownText": "#{<%=Filter_Option14_Text%>}",
      "feedbackMode": false,
      "filteringSelf": true,
      "hasBackground": true,
      "hasHoverbuttons": false,
      "height": 2,
      "id": "60494b2c-ef85-483f-accc-7b205850a109",
      "maximized": false,
      "selection": [],
      "showHeader": true,
      "title": "",
      "titleStyle": {
        "currentFontSize": {
          "name": "x-large 17px",
          "value": 17
        },
        "fontSize": 17
      },
      "toolBorder": false,
      "type": "dropdown",
      "vertical": false,
      "width": 13,
      "x": 1,
      "y": 32,
      "zIndex": 26
    }
  ],
  "contentType": "blank-sheet",
  "format": "FULLSCREEN",
  "id": "ad60eeee-d3dc-4863-b588-2f48fac2f074",
  "lines": [
    {
      "allowDataLink": false,
      "arrow": "no-arrow",
      "backgroundColor": "#ffffff",
      "border": false,
      "clickToFilter": true,
      "color": "#777",
      "componentFilter": "",
      "contextMenuMethods": {
        "componentFilter": true,
        "copy": true,
        "deletable": true,
        "export": true,
        "fullscreen": true,
        "layers": true,
        "settings": true
      },
      "diagramBackground": false,
      "diagramBackgroundStyle": {
        "fillColor": "",
        "opacity": 1
      },
      "diagramBorder": true,
      "diagramBorderStyle": {
        "lineColor": "#e9e9e9",
        "lineOpacity": 1,
        "lineWidth": 1
      },
      "directionType": "horizontal",
      "feedbackMode": false,
      "filteringSelf": true,
      "hasBackground": true,
      "hasHoverbuttons": false,
      "height": 1,
      "id": "e14a3d75-2710-455e-88ef-c8097fef0c52",
      "maximized": false,
      "selection": [],
      "showHeader": true,
      "stroke": "solid",
      "thickness": 3,
      "title": "",
      "titleStyle": {
        "currentFontSize": {
          "name": "x-large 17px",
          "value": 17
        },
        "fontSize": 17
      },
      "toolBorder": false,
      "type": "line",
      "vertical": false,
      "width": 83,
      "x": 16,
      "y": 7,
      "zIndex": 30
    }
  ],
  "name": "PO Details",
  "position": {
    "height": 804,
    "left": 0,
    "top": 0,
    "width": 1200
  },
  "sheetFilter": {
    "text": ""
  }
}