{
  "components": [
    {
      "allowDataLink": false,
      "backgroundColor": "#ffffff",
      "border": false,
      "clickToFilter": true,
      "componentFilter": "",
      "contextMenuMethods": {
        "componentFilter": true,
        "copy": true,
        "deletable": true,
        "export": true,
        "fullscreen": true,
        "layers": true,
        "settings": true
      },
      "diagramBackground": false,
      "diagramBackgroundStyle": {
        "fillColor": "",
        "opacity": 1
      },
      "diagramBorder": true,
      "diagramBorderStyle": {
        "lineColor": "#e9e9e9",
        "lineOpacity": 1,
        "lineWidth": 1
      },
      "feedbackMode": false,
      "filteringSelf": true,
      "hasBackground": true,
      "hasHoverbuttons": false,
      "height": 5,
      "id": "6c14fba3-95bf-4d5e-b366-9ea4985da2db",
      "maximized": false,
      "selection": [],
      "showHeader": true,
      "title": "",
      "titleStyle": {
        "currentFontSize": {
          "name": "x-large 17px",
          "value": 17
        },
        "fontSize": 17
      },
      "toolBorder": false,
      "type": "logo-component",
      "vertical": false,
      "width": 13,
      "x": 1,
      "y": 1,
      "zIndex": 27
    },
    {
      "allowDataLink": false,
      "backgroundColor": "#ffffff",
      "border": false,
      "clickToFilter": true,
      "componentFilter": "",
      "contextMenuMethods": {
        "componentFilter": true,
        "copy": true,
        "deletable": true,
        "export": true,
        "fullscreen": true,
        "layers": true,
        "settings": true
      },
      "diagramBackground": true,
      "diagramBackgroundStyle": {
        "fillColor": "#<%= Company_Color1 %>",
        "opacity": 1
      },
      "diagramBorder": false,
      "diagramBorderStyle": {
        "lineColor": "#e9e9e9",
        "lineOpacity": 1,
        "lineWidth": 1
      },
      "feedbackMode": false,
      "filteringSelf": true,
      "formulas": [],
      "hasBackground": true,
      "hasHoverbuttons": false,
      "height": 50,
      "id": "bf51c995-e009-4159-b316-f7c18db5bea1",
      "maximized": false,
      "selection": [],
      "showHeader": true,
      "text": "",
      "title": "",
      "titleStyle": {
        "currentFontSize": {
          "name": "x-large 17px",
          "value": 17
        },
        "fontSize": 17
      },
      "toolBorder": false,
      "type": "text",
      "vertical": false,
      "width": 15,
      "x": 0,
      "y": 0,
      "zIndex": 3
    },
    {
      "allowDataLink": false,
      "backgroundColor": "#ffffff",
      "border": false,
      "clickToFilter": true,
      "componentFilter": "",
      "contextMenuMethods": {
        "componentFilter": true,
        "copy": true,
        "deletable": true,
        "export": true,
        "fullscreen": true,
        "layers": true,
        "settings": true
      },
      "diagramBackground": false,
      "diagramBackgroundStyle": {
        "fillColor": "",
        "opacity": 1
      },
      "diagramBorder": true,
      "diagramBorderStyle": {
        "lineColor": "#e9e9e9",
        "lineOpacity": 1,
        "lineWidth": 1
      },
      "dropdownSettings": {
        "formula": {
          "text": "<%= Filter_Option1 %>"
        },
        "isMultiSelect": true
      },
      "dropdownText": "#{<%=Filter_Option1_Text%>}",
      "feedbackMode": false,
      "filteringSelf": true,
      "hasBackground": true,
      "hasHoverbuttons": false,
      "height": 2,
      "id": "900dedd3-fe7b-4b91-9a61-d9c87b84ef0c",
      "maximized": false,
      "selection": [],
      "showHeader": true,
      "title": "",
      "titleStyle": {
        "currentFontSize": {
          "name": "x-large 17px",
          "value": 17
        },
        "fontSize": 17
      },
      "toolBorder": false,
      "type": "dropdown",
      "vertical": false,
      "width": 13,
      "x": 1,
      "y": 21,
      "zIndex": 19
    },
    {
      "allowDataLink": false,
      "backgroundColor": "#ffffff",
      "border": false,
      "clickToFilter": true,
      "componentFilter": "",
      "contextMenuMethods": {
        "componentFilter": true,
        "copy": true,
        "deletable": true,
        "export": true,
        "fullscreen": true,
        "layers": true,
        "settings": true
      },
      "diagramBackground": false,
      "diagramBackgroundStyle": {
        "fillColor": "",
        "opacity": 1
      },
      "diagramBorder": true,
      "diagramBorderStyle": {
        "lineColor": "#e9e9e9",
        "lineOpacity": 1,
        "lineWidth": 1
      },
      "dropdownSettings": {
        "formula": {
          "text": "<%=Filter_Option2%>"
        },
        "isMultiSelect": true
      },
      "dropdownText": "<%=Filter_Option2_Text%>",
      "feedbackMode": false,
      "filteringSelf": true,
      "hasBackground": true,
      "hasHoverbuttons": false,
      "height": 2,
      "id": "1fa72aa7-d81c-4e00-8cba-580c3e804c41",
      "maximized": false,
      "selection": [],
      "showHeader": true,
      "title": "",
      "titleStyle": {
        "currentFontSize": {
          "name": "x-large 17px",
          "value": 17
        },
        "fontSize": 17
      },
      "toolBorder": false,
      "type": "dropdown",
      "vertical": false,
      "width": 13,
      "x": 1,
      "y": 38,
      "zIndex": 19
    },
    {
      "allowDataLink": false,
      "backgroundColor": "#ffffff",
      "border": false,
      "clickToFilter": true,
      "componentFilter": "",
      "contextMenuMethods": {
        "componentFilter": true,
        "copy": true,
        "deletable": true,
        "export": true,
        "fullscreen": true,
        "layers": true,
        "settings": true
      },
      "diagramBackground": false,
      "diagramBackgroundStyle": {
        "fillColor": "",
        "opacity": 1
      },
      "diagramBorder": true,
      "diagramBorderStyle": {
        "lineColor": "#e9e9e9",
        "lineOpacity": 1,
        "lineWidth": 1
      },
      "dropdownSettings": {
        "formula": {
          "text": "<%=Filter_Option3%>"
        },
        "isMultiSelect": true
      },
      "dropdownText": "<%=Filter_Option3_Text%>",
      "feedbackMode": false,
      "filteringSelf": true,
      "hasBackground": true,
      "hasHoverbuttons": false,
      "height": 2,
      "id": "41e9f1d1-4948-4452-98c4-07f79b00a8ab",
      "maximized": false,
      "selection": [],
      "showHeader": true,
      "title": "",
      "titleStyle": {
        "currentFontSize": {
          "name": "x-large 17px",
          "value": 17
        },
        "fontSize": 17
      },
      "toolBorder": false,
      "type": "dropdown",
      "vertical": false,
      "width": 13,
      "x": 1,
      "y": 42,
      "zIndex": 19
    },
    {
      "allowDataLink": false,
      "backgroundColor": "#ffffff",
      "border": false,
      "clickToFilter": true,
      "componentFilter": "",
      "contextMenuMethods": {
        "componentFilter": true,
        "copy": true,
        "deletable": true,
        "export": true,
        "fullscreen": true,
        "layers": true,
        "settings": true
      },
      "diagramBackground": false,
      "diagramBackgroundStyle": {
        "fillColor": "",
        "opacity": 1
      },
      "diagramBorder": false,
      "diagramBorderStyle": {
        "lineColor": "#e9e9e9",
        "lineOpacity": 1,
        "lineWidth": 1
      },
      "feedbackMode": false,
      "filteringSelf": true,
      "formulas": [],
      "hasBackground": true,
      "hasHoverbuttons": false,
      "height": 2,
      "id": "a3b0713d-5be1-44c7-bd4d-1487fed92f12",
      "maximized": false,
      "selection": [],
      "showHeader": true,
      "text": "[b][color=#<%= Company_Color2 %>]Filter by:[/color][/b]",
      "title": "",
      "titleStyle": {
        "currentFontSize": {
          "name": "x-large 17px",
          "value": 17
        },
        "fontSize": 17
      },
      "toolBorder": false,
      "type": "text",
      "vertical": false,
      "width": 13,
      "x": 1,
      "y": 11,
      "zIndex": 9
    },
    {
      "allowDataLink": false,
      "backgroundColor": "#ffffff",
      "border": false,
      "clickToFilter": true,
      "componentFilter": "",
      "contextMenuMethods": {
        "componentFilter": true,
        "copy": true,
        "deletable": true,
        "export": true,
        "fullscreen": true,
        "layers": true,
        "settings": true
      },
      "diagramBackground": false,
      "diagramBackgroundStyle": {
        "fillColor": "",
        "opacity": 1
      },
      "diagramBorder": false,
      "diagramBorderStyle": {
        "lineColor": "#e9e9e9",
        "lineOpacity": 1,
        "lineWidth": 1
      },
      "feedbackMode": false,
      "filteringSelf": true,
      "formulas": [],
      "hasBackground": true,
      "hasHoverbuttons": false,
      "height": 3,
      "id": "67cc7a55-6f16-4e27-8638-3d5f27a8c9b0",
      "maximized": false,
      "selection": [],
      "showHeader": true,
      "text": "[center][b][size=19][color=#<%= Company_Color2 %>]Deep Dive (Subprocess)[/color][/size][/b][/center]",
      "title": "",
      "titleStyle": {
        "currentFontSize": {
          "name": "x-large 17px",
          "value": 17
        },
        "fontSize": 17
      },
      "toolBorder": false,
      "type": "text",
      "vertical": false,
      "width": 13,
      "x": 1,
      "y": 8,
      "zIndex": 25
    },
    {
      "allowDataLink": false,
      "backgroundColor": "#ffffff",
      "border": false,
      "clickToFilter": true,
      "componentFilter": "",
      "contextMenuMethods": {
        "componentFilter": true,
        "copy": true,
        "deletable": true,
        "export": true,
        "fullscreen": true,
        "layers": true,
        "settings": true
      },
      "diagramBackground": false,
      "diagramBackgroundStyle": {
        "fillColor": "",
        "opacity": 1
      },
      "diagramBorder": true,
      "diagramBorderStyle": {
        "lineColor": "#e9e9e9",
        "lineOpacity": 1,
        "lineWidth": 1
      },
      "dropdownSettings": {
        "formula": {
          "text": "<%=Filter_Option04%>"
        },
        "isMultiSelect": true
      },
      "dropdownText": "#{<%=Filter_Option04_Text%>}",
      "feedbackMode": false,
      "filteringSelf": true,
      "hasBackground": true,
      "hasHoverbuttons": false,
      "height": 2,
      "id": "71a04d60-5c48-4b94-aae9-ac5d5826c059",
      "maximized": false,
      "selection": [],
      "showHeader": true,
      "title": "",
      "titleStyle": {
        "currentFontSize": {
          "name": "x-large 17px",
          "value": 17
        },
        "fontSize": 17
      },
      "toolBorder": false,
      "type": "dropdown",
      "vertical": false,
      "width": 13,
      "x": 1,
      "y": 34,
      "zIndex": 25
    },
    {
      "allowDataLink": false,
      "backgroundColor": "#ffffff",
      "border": false,
      "clickToFilter": true,
      "componentFilter": "",
      "contextMenuMethods": {
        "componentFilter": true,
        "copy": true,
        "deletable": true,
        "export": true,
        "fullscreen": true,
        "layers": true,
        "settings": true
      },
      "diagramBackground": false,
      "diagramBackgroundStyle": {
        "fillColor": "",
        "opacity": 1
      },
      "diagramBorder": true,
      "diagramBorderStyle": {
        "lineColor": "#e9e9e9",
        "lineOpacity": 1,
        "lineWidth": 1
      },
      "dropdownSettings": {
        "formula": {
          "text": "<%=Filter_Option05%>"
        },
        "isMultiSelect": true
      },
      "dropdownText": "#{<%=Filter_Option05_Text%>}",
      "feedbackMode": false,
      "filteringSelf": true,
      "hasBackground": true,
      "hasHoverbuttons": false,
      "height": 2,
      "id": "81b4f1ac-f425-4854-97f5-43364732d896",
      "maximized": false,
      "selection": [],
      "showHeader": true,
      "title": "",
      "titleStyle": {
        "currentFontSize": {
          "name": "x-large 17px",
          "value": 17
        },
        "fontSize": 17
      },
      "toolBorder": false,
      "type": "dropdown",
      "vertical": false,
      "width": 13,
      "x": 1,
      "y": 36,
      "zIndex": 20
    },
    {
      "allowDataLink": false,
      "backgroundColor": "#ffffff",
      "border": false,
      "clickToFilter": true,
      "componentFilter": "",
      "contextMenuMethods": {
        "componentFilter": true,
        "copy": true,
        "deletable": true,
        "export": true,
        "fullscreen": true,
        "layers": true,
        "settings": true
      },
      "diagramBackground": false,
      "diagramBackgroundStyle": {
        "fillColor": "",
        "opacity": 1
      },
      "diagramBorder": true,
      "diagramBorderStyle": {
        "lineColor": "#e9e9e9",
        "lineOpacity": 1,
        "lineWidth": 1
      },
      "dropdownSettings": {
        "formula": {
          "text": "<%=Filter_Option06%>"
        },
        "isMultiSelect": true
      },
      "dropdownText": "#{<%=Filter_Option06_Text%>}",
      "feedbackMode": false,
      "filteringSelf": true,
      "hasBackground": true,
      "hasHoverbuttons": false,
      "height": 2,
      "id": "031601b7-941a-4948-841a-a7f8b7932ee0",
      "maximized": false,
      "selection": [],
      "showHeader": true,
      "title": "",
      "titleStyle": {
        "currentFontSize": {
          "name": "x-large 17px",
          "value": 17
        },
        "fontSize": 17
      },
      "toolBorder": false,
      "type": "dropdown",
      "vertical": false,
      "width": 13,
      "x": 1,
      "y": 23,
      "zIndex": 20
    },
    {
      "allowDataLink": false,
      "backgroundColor": "#ffffff",
      "border": false,
      "clickToFilter": true,
      "componentFilter": "",
      "contextMenuMethods": {
        "componentFilter": true,
        "copy": true,
        "deletable": true,
        "export": true,
        "fullscreen": true,
        "layers": true,
        "settings": true
      },
      "diagramBackground": false,
      "diagramBackgroundStyle": {
        "fillColor": "",
        "opacity": 1
      },
      "diagramBorder": true,
      "diagramBorderStyle": {
        "lineColor": "#e9e9e9",
        "lineOpacity": 1,
        "lineWidth": 1
      },
      "dropdownSettings": {
        "formula": {
          "text": "<%=Filter_Option07%>"
        },
        "isMultiSelect": true
      },
      "dropdownText": "#{<%=Filter_Option07_Text%>}",
      "feedbackMode": false,
      "filteringSelf": true,
      "hasBackground": true,
      "hasHoverbuttons": false,
      "height": 2,
      "id": "458eb41f-36f6-40a6-b581-795a19501862",
      "maximized": false,
      "selection": [],
      "showHeader": true,
      "title": "",
      "titleStyle": {
        "currentFontSize": {
          "name": "x-large 17px",
          "value": 17
        },
        "fontSize": 17
      },
      "toolBorder": false,
      "type": "dropdown",
      "vertical": false,
      "width": 13,
      "x": 1,
      "y": 27,
      "zIndex": 20
    },
    {
      "allowDataLink": false,
      "backgroundColor": "#ffffff",
      "border": false,
      "clickToFilter": true,
      "componentFilter": "",
      "contextMenuMethods": {
        "componentFilter": true,
        "copy": true,
        "deletable": true,
        "export": true,
        "fullscreen": true,
        "layers": true,
        "settings": true
      },
      "diagramBackground": false,
      "diagramBackgroundStyle": {
        "fillColor": "",
        "opacity": 1
      },
      "diagramBorder": true,
      "diagramBorderStyle": {
        "lineColor": "#e9e9e9",
        "lineOpacity": 1,
        "lineWidth": 1
      },
      "dropdownSettings": {
        "formula": {
          "text": "<%=Filter_Option08%>"
        },
        "isMultiSelect": true
      },
      "dropdownText": "#{<%=Filter_Option08_Text%>}",
      "feedbackMode": false,
      "filteringSelf": true,
      "hasBackground": true,
      "hasHoverbuttons": false,
      "height": 2,
      "id": "c2ace631-e4c2-40f3-b735-b998f7b917bd",
      "maximized": false,
      "selection": [],
      "showHeader": true,
      "title": "",
      "titleStyle": {
        "currentFontSize": {
          "name": "x-large 17px",
          "value": 17
        },
        "fontSize": 17
      },
      "toolBorder": false,
      "type": "dropdown",
      "vertical": false,
      "width": 13,
      "x": 1,
      "y": 29,
      "zIndex": 26
    },
    {
      "allowDataLink": false,
      "backgroundColor": "#ffffff",
      "border": false,
      "clickToFilter": true,
      "componentFilter": "",
      "contextMenuMethods": {
        "componentFilter": true,
        "copy": true,
        "deletable": true,
        "export": true,
        "fullscreen": true,
        "layers": true,
        "settings": true
      },
      "diagramBackground": false,
      "diagramBackgroundStyle": {
        "fillColor": "",
        "opacity": 1
      },
      "diagramBorder": true,
      "diagramBorderStyle": {
        "lineColor": "#e9e9e9",
        "lineOpacity": 1,
        "lineWidth": 1
      },
      "dropdownSettings": {
        "formula": {
          "text": "<%=Filter_Option10%>"
        },
        "isMultiSelect": true
      },
      "dropdownText": "#{<%=Filter_Option10_Text%>}",
      "feedbackMode": false,
      "filteringSelf": true,
      "hasBackground": true,
      "hasHoverbuttons": false,
      "height": 2,
      "id": "642483b0-cb1d-4a25-bea6-1a99916bfb5f",
      "maximized": false,
      "selection": [],
      "showHeader": true,
      "title": "",
      "titleStyle": {
        "currentFontSize": {
          "name": "x-large 17px",
          "value": 17
        },
        "fontSize": 17
      },
      "toolBorder": false,
      "type": "dropdown",
      "vertical": false,
      "width": 13,
      "x": 1,
      "y": 47,
      "zIndex": 27
    },
    {
      "allowDataLink": false,
      "backgroundColor": "#ffffff",
      "border": false,
      "clickToFilter": true,
      "componentFilter": "",
      "contextMenuMethods": {
        "componentFilter": true,
        "copy": true,
        "deletable": true,
        "export": true,
        "fullscreen": true,
        "layers": true,
        "settings": true
      },
      "diagramBackground": false,
      "diagramBackgroundStyle": {
        "fillColor": "",
        "opacity": 1
      },
      "diagramBorder": true,
      "diagramBorderStyle": {
        "lineColor": "#e9e9e9",
        "lineOpacity": 1,
        "lineWidth": 1
      },
      "dropdownSettings": {
        "formula": {
          "text": "<%=Filter_Option09%>"
        },
        "isMultiSelect": true
      },
      "dropdownText": "#{<%=Filter_Option09_Text%>}",
      "feedbackMode": false,
      "filteringSelf": true,
      "hasBackground": true,
      "hasHoverbuttons": false,
      "height": 2,
      "id": "4c532d7a-6fc7-42e2-ab4d-9dfbc03e0118",
      "maximized": false,
      "selection": [],
      "showHeader": true,
      "title": "",
      "titleStyle": {
        "currentFontSize": {
          "name": "x-large 17px",
          "value": 17
        },
        "fontSize": 17
      },
      "toolBorder": false,
      "type": "dropdown",
      "vertical": false,
      "width": 13,
      "x": 1,
      "y": 45,
      "zIndex": 21
    },
    {
      "allowDataLink": false,
      "backgroundColor": "#ffffff",
      "border": false,
      "clickToFilter": true,
      "componentFilter": "",
      "contextMenuMethods": {
        "componentFilter": true,
        "copy": true,
        "deletable": true,
        "export": true,
        "fullscreen": true,
        "layers": true,
        "settings": true
      },
      "diagramBackground": false,
      "diagramBackgroundStyle": {
        "fillColor": "",
        "opacity": 1
      },
      "diagramBorder": true,
      "diagramBorderStyle": {
        "lineColor": "#e9e9e9",
        "lineOpacity": 1,
        "lineWidth": 1
      },
      "dropdownSettings": {
        "formula": {
          "text": "<%=Filter_Option12%>"
        },
        "isMultiSelect": true
      },
      "dropdownText": "#{<%=Filter_Option12_Text%>}",
      "feedbackMode": false,
      "filteringSelf": true,
      "hasBackground": true,
      "hasHoverbuttons": false,
      "height": 2,
      "id": "0e751ba8-765b-4fb2-95f3-468b6d2285a2",
      "maximized": false,
      "selection": [],
      "showHeader": true,
      "title": "",
      "titleStyle": {
        "currentFontSize": {
          "name": "x-large 17px",
          "value": 17
        },
        "fontSize": 17
      },
      "toolBorder": false,
      "type": "dropdown",
      "vertical": false,
      "width": 13,
      "x": 1,
      "y": 40,
      "zIndex": 20
    },
    {
      "alignment": "vertical",
      "allowDataLink": false,
      "backgroundColor": "#ffffff",
      "border": false,
      "clickToFilter": true,
      "componentFilter": "",
      "contextMenuMethods": {
        "componentFilter": true,
        "copy": true,
        "deletable": true,
        "export": true,
        "fullscreen": true,
        "layers": true,
        "settings": true
      },
      "datepickerSettings": {
        "formula": {
          "name": "",
          "text": "PU_FIRST(\"AFPO\", \"_CEL_PP_ACTIVITIES\".\"EVENTTIME\", \"_CEL_PP_ACTIVITIES\".\"ACTIVITY_EN\" = 'Create Process Order')",
          "translatedName": ""
        }
      },
      "diagramBackground": false,
      "diagramBackgroundStyle": {
        "fillColor": "",
        "opacity": 1
      },
      "diagramBorder": true,
      "diagramBorderStyle": {
        "lineColor": "#e9e9e9",
        "lineOpacity": 1,
        "lineWidth": 1
      },
      "feedbackMode": false,
      "filteringSelf": true,
      "hasBackground": true,
      "hasHoverbuttons": false,
      "height": 5,
      "id": "d4fc6aef-2caf-4fee-bb2d-92638df6464d",
      "maximized": false,
      "selection": [],
      "showHeader": true,
      "title": "PO Creation Date",
      "titleStyle": {
        "backgroundColor": "",
        "bold": false,
        "borderColor": "",
        "currentFontSize": {
          "name": "large 15px",
          "value": 15
        },
        "fontColor": "#<%= Company_Color2 %>",
        "fontSize": 15
      },
      "toolBorder": false,
      "type": "date_picker",
      "vertical": false,
      "width": 13,
      "x": 1,
      "y": 13,
      "zIndex": 28
    },
    {
      "activityColumnRef": "CALC_CROP_TO_NULL(FIRST_OCCURRENCE [ 'Status: Delivered' ] TO LAST_OCCURRENCE ['Make Usage Decision'], \"_CEL_PP_ACTIVITIES\".\"ACTIVITY_EN\")",
      "activityConfigurations": [
        {
          "color": "#14a9d5",
          "hidden": false,
          "name": "Change Scheduled Start Date"
        },
        {
          "color": "#14a9d5",
          "hidden": false,
          "name": "Change Total Qty"
        },
        {
          "color": "#14a9d5",
          "hidden": false,
          "name": "Make Usage Decision"
        },
        {
          "color": "#14a9d5",
          "hidden": false,
          "name": "Status: Confirmed"
        },
        {
          "color": "#14a9d5",
          "hidden": false,
          "name": "Status: Confirmed (Inactive)"
        },
        {
          "color": "#14a9d5",
          "hidden": false,
          "name": "Status: Deletion Flag"
        },
        {
          "color": "#14a9d5",
          "hidden": false,
          "name": "Status: Deletion Flag (Inactive)"
        },
        {
          "color": "#14a9d5",
          "hidden": false,
          "name": "Status: Delivered"
        },
        {
          "color": "#14a9d5",
          "hidden": false,
          "name": "Status: Released"
        },
        {
          "color": "#14a9d5",
          "hidden": false,
          "name": "Status: Technically completed"
        },
        {
          "color": "#14a9d5",
          "hidden": false,
          "name": "Status: Technically completed (Inactive)"
        },
        {
          "color": "#14a9d5",
          "hidden": false,
          "name": "Status: WIP to VAR"
        },
        {
          "color": "#14a9d5",
          "hidden": false,
          "name": "Status: WIP to VAR (Inactive)"
        },
        {
          "color": "#14a9d5",
          "hidden": false,
          "name": "Actual Start Time"
        },
        {
          "color": "#14a9d5",
          "hidden": false,
          "name": "GI for order"
        },
        {
          "color": "#14a9d5",
          "hidden": false,
          "name": "GR for acct. assgt."
        },
        {
          "color": "#14a9d5",
          "hidden": false,
          "name": "Goods receipt"
        }
      ],
      "allowDataLink": false,
      "backgroundColor": "#ffffff",
      "border": false,
      "clickToFilter": true,
      "componentFilter": "",
      "contextMenuMethods": {
        "componentFilter": true,
        "copy": true,
        "deletable": true,
        "export": true,
        "fullscreen": true,
        "layers": true,
        "settings": true
      },
      "customActivityColumn": true,
      "diagramBackground": false,
      "diagramBackgroundStyle": {
        "fillColor": "",
        "opacity": 1
      },
      "diagramBorder": true,
      "diagramBorderStyle": {
        "color": "#6FA7D1",
        "lineColor": "#e9e9e9",
        "lineOpacity": 1,
        "lineWidth": 1,
        "opacityInDec": 100
      },
      "edgeSliderState": 0,
      "feedbackMode": false,
      "filteringSelf": true,
      "fullDotLayout": true,
      "groupsConfigurations": [],
      "hasBackground": true,
      "hasHoverbuttons": false,
      "height": 48,
      "hiddenActivities": {},
      "hoverButtonFixed": false,
      "hoverButtonPosition": "RIGHT",
      "id": "e5db9614-02ac-49a1-848a-fbaf4d1c2e94",
      "kpiView": {
        "connectionKpi": {
          "id": "THROUGHPUT",
          "name": "Throughput Time (Median)",
          "valueFormat": ",f"
        },
        "connectionKpis": [
          {
            "id": "THROUGHPUT",
            "name": "Throughput Time (Median)",
            "valueFormat": ",f"
          }
        ],
        "icon": "icons/icon-throughput.svg",
        "id": "THROUGHPUT",
        "supportsParams": true,
        "title": "throughput_median"
      },
      "maximized": false,
      "nodeSliderState": 7,
      "selection": [],
      "showHeader": true,
      "throughputUnits": "hours",
      "title": "What happens between GR and Make UD?",
      "titleStyle": {
        "backgroundColor": "#eaeaea",
        "bold": true,
        "borderColor": "",
        "currentFontSize": {
          "name": "medium 14px",
          "value": 14
        },
        "fontColor": "#<%= Company_Color1 %>",
        "fontSize": 14
      },
      "toolBorder": false,
      "type": "simple_process",
      "version": 2,
      "vertical": false,
      "width": 44,
      "x": 16,
      "y": 1,
      "zIndex": 1
    },
    {
      "allowDataLink": false,
      "backgroundColor": "#ffffff",
      "border": false,
      "clickToFilter": true,
      "componentFilter": "",
      "contextMenuMethods": {
        "componentFilter": true,
        "copy": true,
        "deletable": true,
        "export": true,
        "fullscreen": true,
        "layers": true,
        "settings": true
      },
      "diagramBackground": false,
      "diagramBackgroundStyle": {
        "fillColor": "",
        "opacity": 1
      },
      "diagramBorder": true,
      "diagramBorderStyle": {
        "lineColor": "#e9e9e9",
        "lineOpacity": 1,
        "lineWidth": 1
      },
      "dropdownSettings": {
        "formula": {
          "text": "<%=Filter_Option11%>"
        },
        "isMultiSelect": true
      },
      "dropdownText": "#{<%=Filter_Option11_Text%>}",
      "feedbackMode": false,
      "filteringSelf": true,
      "hasBackground": true,
      "hasHoverbuttons": false,
      "height": 2,
      "id": "f97b5246-1863-4ead-bb74-a1494992de1f",
      "maximized": false,
      "selection": [],
      "showHeader": true,
      "title": "",
      "titleStyle": {
        "currentFontSize": {
          "name": "x-large 17px",
          "value": 17
        },
        "fontSize": 17
      },
      "toolBorder": false,
      "type": "dropdown",
      "vertical": false,
      "width": 13,
      "x": 1,
      "y": 25,
      "zIndex": 28
    },
    {
      "allowDataLink": false,
      "backgroundColor": "#ffffff",
      "border": false,
      "clickToFilter": true,
      "componentFilter": "",
      "contextMenuMethods": {
        "componentFilter": true,
        "copy": true,
        "deletable": true,
        "export": true,
        "fullscreen": true,
        "layers": true,
        "settings": true
      },
      "diagramBackground": false,
      "diagramBackgroundStyle": {
        "fillColor": "",
        "opacity": 1
      },
      "diagramBorder": true,
      "diagramBorderStyle": {
        "color": "#6FA7D1",
        "lineColor": "#e9e9e9",
        "lineOpacity": 1,
        "lineWidth": 1,
        "opacityInDec": 100
      },
      "feedbackMode": false,
      "filteredThresholds": false,
      "filteringSelf": true,
      "formula": {
        "name": "Single KPI",
        "text": "COUNT_TABLE(\"AFPO\")",
        "translatedName": "Single KPI",
        "valueFormat": ".3s"
      },
      "hasBackground": true,
      "hasHoverbuttons": false,
      "height": 5,
      "hoverButtonFixed": false,
      "hoverButtonPosition": "RIGHT",
      "id": "c6098883-412d-48a1-a7dd-8dd9cafbc222",
      "initThresholdsCount": 1,
      "kpiValue": 96633,
      "maximized": false,
      "minHeight": 2,
      "minWidth": 2,
      "segmentsInput": [
        {
          "color": "#1f77b4",
          "formula": {
            "text": "1500"
          },
          "value": 1500
        },
        {
          "color": "#1f77b4",
          "formula": {
            "text": "1500"
          },
          "value": 1500
        }
      ],
      "selection": [],
      "settings": {
        "fixedTextSize": true,
        "initThresholdsCount": 1,
        "singleColor": "#<%= Company_Color1 %>",
        "singleColorEnabled": true,
        "subtitlePosition": "left",
        "viewType": "number"
      },
      "showHeader": true,
      "thresholds": [
        {
          "color": "#<%= Company_Color1 %>",
          "formula": {
            "text": "1500"
          },
          "value": 1500
        }
      ],
      "title": "# Process Orders",
      "titleStyle": {
        "backgroundColor": "#eaeaea",
        "bold": true,
        "borderColor": "",
        "currentFontSize": {
          "name": "medium 14px",
          "value": 14
        },
        "fontColor": "#<%= Company_Color1 %>",
        "fontSize": 14
      },
      "toolBorder": false,
      "type": "single-kpi",
      "version": 1,
      "vertical": false,
      "viewType": "number",
      "width": 10,
      "x": 65,
      "y": 1,
      "zIndex": 26
    },
    {
      "allowDataLink": false,
      "backgroundColor": "#ffffff",
      "border": false,
      "clickToFilter": true,
      "componentFilter": "",
      "contextMenuMethods": {
        "componentFilter": true,
        "copy": true,
        "deletable": true,
        "export": true,
        "fullscreen": true,
        "layers": true,
        "settings": true
      },
      "diagramBackground": false,
      "diagramBackgroundStyle": {
        "fillColor": "",
        "opacity": 1
      },
      "diagramBorder": true,
      "diagramBorderStyle": {
        "color": "#6FA7D1",
        "lineColor": "#e9e9e9",
        "lineOpacity": 1,
        "lineWidth": 1,
        "opacityInDec": 100
      },
      "feedbackMode": false,
      "filteredThresholds": false,
      "filteringSelf": true,
      "formula": {
        "name": "Single KPI",
        "text": "<%= statistic %>(KPI(\"Lead Time\", VARIABLE(<%= unit %>), VARIABLE('Status: Delivered'), VARIABLE('Make Usage Decision'), VARIABLE(<%= From_Occ %>), VARIABLE(<%= To_Occ %>)))",
        "translatedName": "Single KPI",
        "units": "<%= unit_unit %>",
        "valueFormat": ",.1f"
      },
      "hasBackground": true,
      "hasHoverbuttons": false,
      "height": 5,
      "hoverButtonFixed": false,
      "hoverButtonPosition": "RIGHT",
      "id": "22743301-ed9a-461e-80af-7fd9b77d5200",
      "initThresholdsCount": 1,
      "kpiValue": 116.80555555555556,
      "maximized": false,
      "minHeight": 2,
      "minWidth": 2,
      "segmentsInput": [
        {
          "color": "#1f77b4",
          "formula": {
            "text": "1500"
          },
          "value": 1500
        },
        {
          "color": "#1f77b4",
          "formula": {
            "text": "1500"
          },
          "value": 1500
        }
      ],
      "selection": [],
      "settings": {
        "fixedTextSize": false,
        "initThresholdsCount": 1,
        "singleColor": "#<%= Company_Color1 %>",
        "singleColorEnabled": true,
        "subtitlePosition": "left",
        "viewType": "number"
      },
      "showHeader": true,
      "thresholds": [
        {
          "color": "#<%= Company_Color1 %>",
          "formula": {
            "text": "1500"
          },
          "value": 1500
        }
      ],
      "title": "TPT (GR --> UD)",
      "titleStyle": {
        "alignment": "center",
        "backgroundColor": "#<%= Company_Color2 %>",
        "bold": true,
        "borderColor": "",
        "currentFontSize": {
          "name": "medium 14px",
          "value": 14
        },
        "fontColor": "#<%= Company_Color1 %>",
        "fontSize": 14
      },
      "toolBorder": false,
      "type": "single-kpi",
      "version": 1,
      "vertical": false,
      "viewType": "number",
      "width": 11,
      "x": 76,
      "y": 1,
      "zIndex": 20
    },
    {
      "allowDataLink": false,
      "backgroundColor": "#ffffff",
      "border": false,
      "clickToFilter": true,
      "componentFilter": "",
      "contextMenuMethods": {
        "componentFilter": true,
        "copy": true,
        "deletable": true,
        "export": true,
        "fullscreen": true,
        "layers": true,
        "settings": true
      },
      "diagramBackground": false,
      "diagramBackgroundStyle": {
        "fillColor": "",
        "opacity": 1
      },
      "diagramBorder": true,
      "diagramBorderStyle": {
        "color": "#6FA7D1",
        "lineColor": "#e9e9e9",
        "lineOpacity": 1,
        "lineWidth": 1,
        "opacityInDec": 100
      },
      "feedbackMode": false,
      "filteredThresholds": false,
      "filteringSelf": true,
      "formula": {
        "name": "Single KPI",
        "text": "KPI(\"Automation Rate\", VARIABLE(<%= To_Occ %>), VARIABLE(<%= AutomaticUserType %>))",
        "translatedName": "Single KPI",
        "units": "",
        "valueFormat": "%"
      },
      "hasBackground": true,
      "hasHoverbuttons": false,
      "height": 5,
      "hoverButtonFixed": false,
      "hoverButtonPosition": "RIGHT",
      "id": "34b4735f-decc-4c2d-be08-cc075e47a4a8",
      "initThresholdsCount": 1,
      "kpiValue": 0.5639139875323947,
      "maximized": false,
      "minHeight": 2,
      "minWidth": 2,
      "segmentsInput": [
        {
          "color": "#1f77b4",
          "formula": {
            "text": "1500"
          },
          "value": 1500
        },
        {
          "color": "#1f77b4",
          "formula": {
            "text": "1500"
          },
          "value": 1500
        }
      ],
      "selection": [],
      "settings": {
        "fixedTextSize": false,
        "initThresholdsCount": 1,
        "singleColor": "#<%= Company_Color1 %>",
        "singleColorEnabled": true,
        "subtitlePosition": "left",
        "viewType": "number"
      },
      "showHeader": true,
      "thresholds": [
        {
          "color": "#<%= Company_Color1 %>",
          "formula": {
            "text": "1500"
          },
          "value": 1500
        }
      ],
      "title": "Automation Rate (UD)",
      "titleStyle": {
        "alignment": "center",
        "backgroundColor": "#<%= Company_Color2 %>",
        "bold": true,
        "borderColor": "",
        "currentFontSize": {
          "name": "medium 14px",
          "value": 14
        },
        "fontColor": "#<%= Company_Color1 %>",
        "fontSize": 14
      },
      "toolBorder": false,
      "type": "single-kpi",
      "version": 1,
      "vertical": false,
      "viewType": "number",
      "width": 11,
      "x": 88,
      "y": 1,
      "zIndex": 22
    },
    {
      "axis0": [
        {
          "flex": 1,
          "meta": {
            "columnName": "#{Plant}",
            "columnType": "string",
            "expressionLhs": "\"AUFK\".\"WERKS\" || ' - ' || \"AUFK\".\"WERKS_TEXT\" AS \"#{Plant}\"",
            "format": ""
          },
          "name": "#{<%= Dropdown_Option01_Text %>}",
          "notIncluded": false,
          "ratioFormula": {},
          "secondaryAxis": false,
          "seriesColor": "",
          "seriesColorMapping": "",
          "text": "<%= Dropdown_Option01 %>",
          "textColor": "",
          "textColorMapping": "",
          "translatedName": "<%= Dropdown_Option01_Text %>",
          "type": "dimension",
          "units": " ",
          "width": 181
        }
      ],
      "axis0Config": {
        "autoTickCount": true,
        "axisLabelStyle": {
          "backgroundColor": "",
          "borderColor": "",
          "fontColor": ""
        },
        "axisLineStyle": {},
        "axisTitleStyle": {
          "backgroundColor": "",
          "borderColor": "",
          "fontColor": ""
        },
        "gapWidth": 0.1,
        "gridlineStyle": {},
        "seriesOverlap": 0.45,
        "showAxis": true,
        "showAxisLabels": true,
        "showTickLines": true
      },
      "axis1": [],
      "axis1Config": {
        "autoTickCount": true,
        "axisLabelStyle": {
          "backgroundColor": "",
          "borderColor": "",
          "fontColor": ""
        },
        "axisLineStyle": {},
        "axisTitleStyle": {
          "backgroundColor": "",
          "borderColor": "",
          "fontColor": ""
        },
        "boundsMode": "AUTO",
        "gridlineStyle": {},
        "showAxis": true,
        "showAxisLabels": true,
        "showTickLines": true
      },
      "axis2": [
        {
          "dataLabelStyle": {
            "fontSize": 9
          },
          "dataLabelsPosition": "custom",
          "fillStyle": {
            "opacity": 1
          },
          "flex": 0.8343,
          "ignoreSeriesPalettes": true,
          "legendMarkerColor": "#9b9b9b",
          "meta": {
            "columnName": "#{# Process Orders}",
            "columnType": "int",
            "expressionLhs": null,
            "format": ",f"
          },
          "name": "#{# Process Orders}",
          "notIncluded": false,
          "ratioFormula": {},
          "secondaryAxis": false,
          "seriesColor": "#cccccc",
          "seriesColorMapping": "",
          "seriesPalette": "",
          "showDataLabels": false,
          "sorting": "DESC",
          "sortingIndex": 0,
          "text": "COUNT_TABLE(\"AFPO\")",
          "textColor": "",
          "textColorMapping": "",
          "translatedName": "# Process Orders",
          "units": " ",
          "valueFormat": ",f",
          "width": 151
        },
        {
          "dataLabelStyle": {},
          "dataLabelsPosition": "custom",
          "fillStyle": {
            "opacity": 1
          },
          "flex": 0.7127,
          "ignoreSeriesPalettes": true,
          "name": "#{Automation Rate (UD)}",
          "ratioFormula": {},
          "seriesColor": "",
          "seriesColorMapping": "",
          "seriesPalette": "",
          "showDataLabels": false,
          "text": "KPI(\"Automation Rate\", VARIABLE(<%= To_Occ %>), VARIABLE(<%= AutomaticUserType %>))",
          "textColor": "#<%= Company_Color1 %>",
          "textColorMapping": "",
          "translatedName": "Automation Rate (UD)",
          "valueFormat": "%",
          "width": 129
        },
        {
          "dataLabelStyle": {},
          "dataLabelsPosition": "custom",
          "fillStyle": {
            "opacity": 1
          },
          "flex": 0.779,
          "ignoreSeriesPalettes": true,
          "name": "#{GR --> UD (planned)}",
          "notIncluded": true,
          "seriesColor": "",
          "seriesColorMapping": "",
          "seriesPalette": "",
          "showDataLabels": false,
          "text": "<%= statistic %>(KPI(\"Lead Time Scheduled\", VARIABLE(<%= unit %>)))",
          "textColor": "",
          "textColorMapping": "",
          "translatedName": "GR --> UD (planned)",
          "units": "  <%= unit_unit %>",
          "valueFormat": ",.1f",
          "width": 141
        },
        {
          "alternativeType": "scatter",
          "dataLabelStyle": {},
          "dataLabelsPosition": "custom",
          "fillStyle": {
            "opacity": 1
          },
          "flex": 0.7182,
          "ignoreSeriesPalettes": true,
          "legendMarkerColor": "#c4d7f7",
          "meta": {
            "columnName": "#{GR --> UD}",
            "columnType": "float",
            "expressionLhs": null,
            "format": ",.1f"
          },
          "name": "#{GR --> UD (Actual)}",
          "ratioFormula": {},
          "secondaryAxis": true,
          "seriesColor": "transparent",
          "seriesColorMapping": "",
          "seriesPalette": "",
          "showDataLabels": false,
          "text": "<%= statistic %>(KPI(\"Lead Time\", VARIABLE(<%= unit %>), VARIABLE('Status: Delivered'), VARIABLE('Make Usage Decision'), VARIABLE(<%= From_Occ %>), VARIABLE(<%= To_Occ %>)))",
          "textColor": "#658927",
          "textColorMapping": "",
          "translatedName": "GR --> UD (Actual)",
          "units": " <%= unit_unit %>",
          "valueFormat": ",.1f",
          "width": 130
        },
        {
          "dataLabelStyle": {},
          "dataLabelsPosition": "custom",
          "fillStyle": {
            "opacity": 1
          },
          "flex": 0.6298,
          "ignoreSeriesPalettes": true,
          "name": "#{Stdev.}",
          "ratioFormula": {},
          "seriesColor": "",
          "seriesColorMapping": "",
          "seriesPalette": "",
          "showDataLabels": false,
          "text": "STDEV(KPI(\"Lead Time\", VARIABLE(<%= unit %>), VARIABLE('Status: Delivered'), VARIABLE('Make Usage Decision'), VARIABLE(<%= From_Occ %>), VARIABLE(<%= To_Occ %>)))",
          "textColor": "#006687",
          "textColorMapping": "",
          "translatedName": "Std. Deviation",
          "units": "  <%= unit_unit %>",
          "valueFormat": ",.1f",
          "width": 114
        }
      ],
      "axis2Config": {
        "autoTickCount": true,
        "axisLabelStyle": {
          "backgroundColor": "",
          "borderColor": "",
          "fontColor": ""
        },
        "axisLineStyle": {},
        "axisTitleStyle": {
          "backgroundColor": "",
          "borderColor": "",
          "fontColor": ""
        },
        "boundsMode": "AUTO",
        "gridlineStyle": {},
        "showAxis": true,
        "showAxisLabels": true,
        "showTickLines": true
      },
      "backgroundColor": "#ffffff",
      "border": false,
      "chartType": "table",
      "clickToFilter": true,
      "componentFilter": "FILTER ISNULL(<%= Dropdown_Option01 %>)=0 ",
      "dataLabelsPositions": [
        "top",
        "middle",
        "bottom",
        "custom"
      ],
      "diagramBackgroundStyle": {
        "fillColor": "",
        "opacity": 1
      },
      "diagramBorder": true,
      "diagramBorderStyle": {
        "color": "#6FA7D1",
        "lineColor": "#cccccc",
        "lineOpacity": 1,
        "lineWidth": 1,
        "opacityInDec": 100
      },
      "feedbackMode": false,
      "filteringSelf": true,
      "hasBackground": true,
      "height": 20,
      "hoverButtonFixed": false,
      "hoverButtonPosition": "LEFT",
      "id": "76b6b6ab-6a10-484f-9b23-714fb197c5d3",
      "legendPosition": "bc",
      "legendShow": true,
      "limitMode": "NO_LIMIT",
      "maximized": false,
      "selection": [],
      "seriesColor": "",
      "showHeader": true,
      "showOthers": false,
      "showTitle": true,
      "technicalNames": false,
      "textColor": "",
      "textStyle": {
        "backgroundColor": "",
        "borderColor": "",
        "currentFontSize": {
          "name": "x-small 11px",
          "value": 11
        },
        "fontColor": "",
        "fontSize": 11
      },
      "title": "#{TPT by  <%= Dropdown_Option01_Text %>}",
      "titleStyle": {
        "backgroundColor": "#eaeaea",
        "bold": true,
        "borderColor": "",
        "currentFontSize": {
          "name": "medium 14px",
          "value": 14
        },
        "fontColor": "#<%= Company_Color1 %>",
        "fontSize": 14
      },
      "toolBorder": false,
      "tooltips": true,
      "type": "pql-table",
      "vertical": true,
      "width": 38,
      "x": 61,
      "y": 8,
      "zIndex": 25
    },
    {
      "allowDataLink": false,
      "backgroundColor": "#ffffff",
      "border": false,
      "buttonTitle": "<%= Dropdown_Option01_Text %>",
      "buttons": [
        {
          "action": "setVariable",
          "backgroundColor": "",
          "buttonTitle": "Plant",
          "titleStyle": {
            "fontColor": ""
          },
          "variableName": "Dropdown_Option01",
          "variableValue": "\"AUFK\".\"WERKS\" || ' - ' || \"AUFK\".\"WERKS_TEXT\"",
          "variables": [
            {
              "title": "Dropdown_Option01",
              "variableName": "Dropdown_Option01",
              "variableValue": "\"AUFK\".\"WERKS\" || ' - ' || \"AUFK\".\"WERKS_TEXT\""
            },
            {
              "title": "Dropdown_Option01_Text",
              "variableName": "Dropdown_Option01_Text",
              "variableValue": "Plant"
            }
          ]
        },
        {
          "action": "setVariable",
          "backgroundColor": "",
          "buttonTitle": "Production Scheduler",
          "titleStyle": {
            "fontColor": ""
          },
          "variableName": "Dropdown_Option01",
          "variableValue": "\"AFKO\".\"FEVOR\" || ' - ' || \"AFKO\".\"FEVOR_TEXT\"",
          "variables": [
            {
              "title": "Dropdown_Option01",
              "variableName": "Dropdown_Option01",
              "variableValue": "\"AFKO\".\"FEVOR\" || ' - ' || \"AFKO\".\"FEVOR_TEXT\""
            },
            {
              "title": "Dropdown_Option01_Text",
              "variableName": "Dropdown_Option01_Text",
              "variableValue": "Production Scheduler"
            }
          ]
        },
        {
          "action": "setVariable",
          "backgroundColor": "",
          "buttonTitle": "PPMG",
          "titleStyle": {
            "fontColor": ""
          },
          "variableName": "Dropdown_Option01_Text",
          "variableValue": "PPMG",
          "variables": [
            {
              "title": "Dropdown_Option01_Text",
              "variableName": "Dropdown_Option01_Text",
              "variableValue": "PPMG"
            },
            {
              "title": "Dropdown_Option01",
              "variableName": "Dropdown_Option01",
              "variableValue": "\"AFPO\".\"PPMG\""
            }
          ]
        },
        {
          "action": "setVariable",
          "backgroundColor": "",
          "buttonTitle": "Process Order Type",
          "titleStyle": {
            "fontColor": ""
          },
          "variableName": "Dropdown_Option01",
          "variableValue": "\"AUFK\".\"AUART\"",
          "variables": [
            {
              "title": "Dropdown_Option01",
              "variableName": "Dropdown_Option01",
              "variableValue": "\"AUFK\".\"AUART\""
            },
            {
              "title": "Dropdown_Option01_Text",
              "variableName": "Dropdown_Option01_Text",
              "variableValue": "Process Order Type"
            }
          ]
        },
        {
          "action": "setVariable",
          "backgroundColor": "",
          "buttonTitle": "MRP Controller",
          "titleStyle": {
            "fontColor": ""
          },
          "variableName": "Dropdown_Option01",
          "variableValue": "\"MARC\".\"DISPO\" || ' - ' || \"MARC\".\"DISPO_TEXT\"",
          "variables": [
            {
              "title": "Dropdown_Option01",
              "variableName": "Dropdown_Option01",
              "variableValue": "\"MARC\".\"DISPO\" || ' - ' || \"MARC\".\"DISPO_TEXT\""
            },
            {
              "title": "Dropdown_Option01_Text",
              "variableName": "Dropdown_Option01_Text",
              "variableValue": "MRP Controller"
            }
          ]
        },
        {
          "action": "setVariable",
          "backgroundColor": "",
          "buttonTitle": "Material Type",
          "titleStyle": {
            "fontColor": ""
          },
          "variableName": "Dropdown_Option01_Text",
          "variableValue": "Material Type",
          "variables": [
            {
              "title": "Dropdown_Option01_Text",
              "variableName": "Dropdown_Option01_Text",
              "variableValue": "Material Type"
            },
            {
              "title": "Dropdown_Option01",
              "variableName": "Dropdown_Option01",
              "variableValue": "\"MARA\".\"MTART\" || ' - ' || \"MARA\".\"MTART_TEXT\""
            }
          ]
        },
        {
          "action": "setVariable",
          "backgroundColor": "",
          "buttonTitle": "Material Group",
          "titleStyle": {
            "fontColor": ""
          },
          "variableName": "Dropdown_Option01_Text",
          "variableValue": "Material Group",
          "variables": [
            {
              "title": "Dropdown_Option01_Text",
              "variableName": "Dropdown_Option01_Text",
              "variableValue": "Material Group"
            },
            {
              "title": "Dropdown_Option01",
              "variableName": "Dropdown_Option01",
              "variableValue": "\"MARA\".\"MATKL\" || ' - '  || \"MARA\".\"MATKL_TEXT\""
            }
          ]
        },
        {
          "action": "setVariable",
          "backgroundColor": "",
          "buttonTitle": "Material",
          "titleStyle": {
            "fontColor": ""
          },
          "variableName": "Dropdown_Option01_Text",
          "variableValue": "Material",
          "variables": [
            {
              "title": "Dropdown_Option01_Text",
              "variableName": "Dropdown_Option01_Text",
              "variableValue": "Material"
            },
            {
              "title": "Dropdown_Option01",
              "variableName": "Dropdown_Option01",
              "variableValue": "\"AFPO\".\"MATNR2\" || ' - ' || \"AFPO\".\"MATNR_TEXT\""
            }
          ]
        }
      ],
      "clickToFilter": true,
      "componentFilter": "",
      "contextMenuMethods": {
        "componentFilter": true,
        "copy": true,
        "deletable": true,
        "export": true,
        "fullscreen": true,
        "layers": true,
        "settings": true
      },
      "diagramBackground": false,
      "diagramBackgroundStyle": {
        "fillColor": "",
        "opacity": 1
      },
      "diagramBorder": true,
      "diagramBorderStyle": {
        "lineColor": "#e9e9e9",
        "lineOpacity": 1,
        "lineWidth": 1
      },
      "feedbackMode": false,
      "filteringSelf": true,
      "hasBackground": true,
      "hasHoverbuttons": false,
      "height": 2,
      "id": "3a08aef7-1519-42cb-afa7-61b1f62d2766",
      "inputType": "Manual Input",
      "loadEntries": {
        "formula": {
          "text": ""
        },
        "isMultiSelect": true,
        "preview": "Value1 Value2"
      },
      "maximized": false,
      "selection": [],
      "showHeader": true,
      "title": "",
      "titleStyle": {
        "currentFontSize": {
          "name": "x-large 17px",
          "value": 17
        },
        "fontSize": 17
      },
      "toolBorder": false,
      "type": "button_dropdown",
      "vertical": false,
      "width": 13,
      "x": 86,
      "y": 8,
      "zIndex": 32
    },
    {
      "allowDataLink": false,
      "axis0": [
        {
          "fillStyle": {
            "opacity": 1
          },
          "legendMarkerColor": "#ffd062",
          "name": "#{Lead Time (Sched. Start --> GR)}",
          "ratioFormula": {},
          "seriesColor": "#ffd062",
          "seriesColorMapping": "",
          "seriesPalette": "",
          "text": "KPI(\"Lead Time\", VARIABLE(<%= unit %>), VARIABLE('Status: Delivered'), VARIABLE('Make Usage Decision'), VARIABLE(FIRST), VARIABLE(LAST))",
          "translatedName": "Lead Time (Sched. Start --> GR)",
          "type": "dimension",
          "units": " <%= unit_unit %>",
          "valueFormat": ",f"
        }
      ],
      "axis0Config": {
        "autoTickCount": true,
        "axisLabelStyle": {
          "backgroundColor": "",
          "borderColor": "",
          "currentFontSize": {
            "name": "x-small 11px",
            "value": 11
          },
          "fontColor": "",
          "fontSize": 11
        },
        "axisLineStyle": {
          "lineOpacity": 1
        },
        "axisTitleStyle": {
          "backgroundColor": "",
          "borderColor": "",
          "currentFontSize": {
            "name": "small 13px",
            "value": 13
          },
          "fontColor": "",
          "fontSize": 13
        },
        "gapWidth": 0.45,
        "gridlineStyle": {
          "lineOpacity": 1
        },
        "seriesOverlap": 0.45,
        "showAxis": true,
        "showAxisLabels": true,
        "showAxisTitle": false,
        "showTickLines": true,
        "title": "distribution"
      },
      "axis1": [
        {
          "dataLabelStyle": {
            "backgroundColor": "",
            "borderColor": "",
            "fontColor": ""
          },
          "fillStyle": {
            "opacity": 1
          },
          "name": "#{# Process Orders}",
          "noExpression": true,
          "ratioFormula": {},
          "seriesColor": "#<%= Company_Color2 %>",
          "seriesColorMapping": "",
          "seriesPalette": "",
          "showDataLabels": true,
          "valueFormat": ",f"
        }
      ],
      "axis1Config": {
        "autoTickCount": true,
        "axisLabelStyle": {
          "backgroundColor": "",
          "borderColor": "",
          "currentFontSize": {
            "name": "x-small 11px",
            "value": 11
          },
          "fontColor": "",
          "fontSize": 11
        },
        "axisLineStyle": {
          "color": "#6FA7D1",
          "lineColor": "",
          "lineOpacity": 1,
          "lineWidth": 1,
          "opacityInDec": 100
        },
        "axisTitleStyle": {
          "backgroundColor": "",
          "borderColor": "",
          "currentFontSize": {
            "name": "small 13px",
            "value": 13
          },
          "fontColor": "",
          "fontSize": 13
        },
        "boundsMode": "AUTO",
        "gridlineStyle": {
          "color": "#6FA7D1",
          "lineColor": "#e4e4e4",
          "lineOpacity": 1,
          "lineWidth": 1,
          "opacityInDec": 100
        },
        "ratioFormula": {},
        "seriesColor": "",
        "showAxis": true,
        "showAxisLabels": true,
        "showAxisTitle": false,
        "showGridlines": true,
        "showTickLines": true,
        "title": "number_of_occurrences"
      },
      "axis2": [],
      "axis2Config": {
        "autoTickCount": true,
        "axisLabelStyle": {
          "backgroundColor": "",
          "borderColor": "",
          "fontColor": ""
        },
        "axisLineStyle": {},
        "axisTitleStyle": {
          "backgroundColor": "",
          "borderColor": "",
          "currentFontSize": {
            "name": "small 13px",
            "value": 13
          },
          "fontColor": "",
          "fontSize": 13
        },
        "boundsMode": "AUTO",
        "gridlineStyle": {},
        "showAxis": true,
        "showAxisLabels": true,
        "showTickLines": true
      },
      "backgroundColor": "#ffffff",
      "border": false,
      "chartType": "histogram",
      "clickToFilter": true,
      "componentFilter": "",
      "contextMenuMethods": {
        "componentFilter": true,
        "copy": true,
        "deletable": true,
        "export": true,
        "fullscreen": true,
        "layers": true,
        "settings": true
      },
      "dataLabelsPositions": [
        "top",
        "middle",
        "bottom",
        "custom"
      ],
      "dataType": "float",
      "diagramBackground": false,
      "diagramBackgroundStyle": {
        "fillColor": "",
        "opacity": 1
      },
      "diagramBorder": true,
      "diagramBorderStyle": {
        "color": "#6FA7D1",
        "lineColor": "#cccccc",
        "lineOpacity": 1,
        "lineWidth": 1,
        "opacityInDec": 100
      },
      "feedbackMode": false,
      "filteringSelf": true,
      "hasBackground": true,
      "hasHoverbuttons": false,
      "height": 20,
      "histogram": {
        "boundaries": [
          {
            "value": 0
          },
          {
            "value": 5
          },
          {
            "value": 10
          },
          {
            "value": 15
          },
          {
            "value": 20
          },
          {
            "value": 25
          },
          {
            "value": 30
          },
          {
            "value": 35
          }
        ],
        "bucketCount": 10,
        "noLowerBound": true,
        "noUpperBound": true,
        "partitionRule": "SPECIFIC_BUCKET_COUNT",
        "widthSize": 10
      },
      "hoverButtonFixed": false,
      "hoverButtonPosition": "LEFT",
      "id": "a11bc8b5-89d9-41aa-b475-b4d8eaafe1e4",
      "legendFontStyle": {
        "backgroundColor": "",
        "borderColor": "",
        "currentFontSize": {
          "name": "x-small 11px",
          "value": 11
        },
        "fontColor": "",
        "fontSize": 11
      },
      "legendOverlay": false,
      "legendPosition": "bc",
      "legendShow": false,
      "limitMode": "SCROLL",
      "maximized": false,
      "selection": [],
      "showHeader": true,
      "showTitle": true,
      "textStyle": {
        "currentFontSize": {
          "name": "medium 14px",
          "value": 14
        },
        "fontSize": 14
      },
      "title": "#{Distribution of TPT}",
      "titleStyle": {
        "backgroundColor": "#eaeaea",
        "bold": true,
        "borderColor": "",
        "currentFontSize": {
          "name": "medium 14px",
          "value": 14
        },
        "fontColor": "#<%= Company_Color1 %>",
        "fontSize": 14
      },
      "toolBorder": false,
      "type": "histogram-chart",
      "vertical": false,
      "width": 38,
      "x": 61,
      "y": 29,
      "zIndex": 29
    },
    {
      "allowDataLink": false,
      "backgroundColor": "#ffffff",
      "border": false,
      "clickToFilter": true,
      "componentFilter": "",
      "contextMenuMethods": {
        "componentFilter": true,
        "copy": true,
        "deletable": true,
        "export": true,
        "fullscreen": true,
        "layers": true,
        "settings": true
      },
      "diagramBackground": false,
      "diagramBackgroundStyle": {
        "fillColor": "",
        "opacity": 1
      },
      "diagramBorder": true,
      "diagramBorderStyle": {
        "lineColor": "#e9e9e9",
        "lineOpacity": 1,
        "lineWidth": 1
      },
      "dropdownSettings": {
        "formula": {
          "text": "<%=Filter_Option14%>"
        },
        "isMultiSelect": true
      },
      "dropdownText": "#{<%=Filter_Option14_Text%>}",
      "feedbackMode": false,
      "filteringSelf": true,
      "hasBackground": true,
      "hasHoverbuttons": false,
      "height": 2,
      "id": "61455578-ec42-4cc6-acf7-8bd2b84312be",
      "maximized": false,
      "selection": [],
      "showHeader": true,
      "title": "",
      "titleStyle": {
        "currentFontSize": {
          "name": "x-large 17px",
          "value": 17
        },
        "fontSize": 17
      },
      "toolBorder": false,
      "type": "dropdown",
      "vertical": false,
      "width": 13,
      "x": 1,
      "y": 32,
      "zIndex": 26
    }
  ],
  "contentType": "blank-sheet",
  "format": "FULLSCREEN",
  "id": "1c05096c-da27-43f9-b4c1-848658d7e513",
  "lines": [
    {
      "allowDataLink": false,
      "arrow": "no-arrow",
      "backgroundColor": "#ffffff",
      "border": false,
      "clickToFilter": true,
      "color": "#777",
      "componentFilter": "",
      "contextMenuMethods": {
        "componentFilter": true,
        "copy": true,
        "deletable": true,
        "export": true,
        "fullscreen": true,
        "layers": true,
        "settings": true
      },
      "diagramBackground": false,
      "diagramBackgroundStyle": {
        "fillColor": "",
        "opacity": 1
      },
      "diagramBorder": true,
      "diagramBorderStyle": {
        "lineColor": "#e9e9e9",
        "lineOpacity": 1,
        "lineWidth": 1
      },
      "directionType": "horizontal",
      "feedbackMode": false,
      "filteringSelf": true,
      "hasBackground": true,
      "hasHoverbuttons": false,
      "height": 1,
      "id": "664ad486-89fc-4804-934d-6b665a7dc86d",
      "maximized": false,
      "selection": [],
      "showHeader": true,
      "stroke": "solid",
      "thickness": 3,
      "title": "",
      "titleStyle": {
        "currentFontSize": {
          "name": "x-large 17px",
          "value": 17
        },
        "fontSize": 17
      },
      "toolBorder": false,
      "type": "line",
      "vertical": false,
      "width": 38,
      "x": 61,
      "y": 7,
      "zIndex": 31
    }
  ],
  "name": "Deep Dive (Subprocess)",
  "position": {
    "height": 804,
    "left": 0,
    "top": 0,
    "width": 1200
  },
  "sheetFilter": {
    "text": ""
  }
}