[
  {
    "name": "benchmark_kpi_unit",
    "type": "text_replacement",
    "value": "#{ }"
  },
  {
    "name": "benchmark_kpi_txt",
    "type": "text_replacement",
    "value": "# Process Orders"
  },
  {
    "name": "benchmark_kpi",
    "type": "text_replacement",
    "value": "COUNT_TABLE(\"AFPO\")"
  },
  {
    "linkedEntries": [
      {
        "available": true,
        "selected": true,
        "value": "1690 - NZ BioAG BR"
      }
    ],
    "linkedFormula": "<%= benchmark_dim %>",
    "name": "benchmark_02",
    "type": "text_replacement",
    "value": "'1690 - NZ BioAG BR'"
  },
  {
    "linkedEntries": [
      {
        "available": true,
        "selected": true,
        "value": "1600 - NZ BioAG CA"
      }
    ],
    "linkedFormula": "<%= benchmark_dim %>",
    "name": "benchmark_01",
    "type": "text_replacement",
    "value": "'1600 - NZ BioAG CA'"
  },
  {
    "name": "benchmark_dim_txt",
    "type": "text_replacement",
    "value": "Plant"
  },
  {
    "name": "benchmark_dim",
    "type": "text_replacement",
    "value": "\"AUFK\".\"WERKS\" || ' - ' || \"AUFK\".\"WERKS_TEXT\""
  },
  {
    "name": "Filter_Option14_Text",
    "type": "text_replacement",
    "value": "PPMG"
  },
  {
    "name": "Filter_Option14",
    "type": "text_replacement",
    "value": "\"AFPO\".\"PPMG\""
  },
  {
    "name": "To_Occ_Text",
    "type": "text_replacement",
    "value": "First Occurrence"
  },
  {
    "name": "From_Occ_Text",
    "type": "text_replacement",
    "value": "Last Occurrence"
  },
  {
    "name": "To_Occ",
    "type": "text_replacement",
    "value": "FIRST"
  },
  {
    "name": "From_Occ",
    "type": "text_replacement",
    "value": "LAST"
  },
  {
    "name": "Dropdown_Option02_Text",
    "type": "text_replacement",
    "value": "Plant"
  },
  {
    "name": "Dropdown_Option02",
    "type": "text_replacement",
    "value": "\"AUFK\".\"WERKS\" || ' - ' || \"AUFK\".\"WERKS_TEXT\""
  },
  {
    "name": "statistic",
    "type": "text_replacement",
    "value": "MEDIAN"
  },
  {
    "name": "dat_dim_overview",
    "type": "text_replacement",
    "value": "Weekly"
  },
  {
    "name": "unit_unit",
    "type": "text_replacement",
    "value": "h"
  },
  {
    "name": "Filter_Option12_Text",
    "type": "text_replacement",
    "value": "Material Last 3 Digits"
  },
  {
    "name": "Filter_Option12",
    "type": "text_replacement",
    "value": "RIGHT(\"AFPO\".\"MATNR\", 3)"
  },
  {
    "name": "Filter_Option11_Text",
    "type": "text_replacement",
    "value": "Production Step"
  },
  {
    "name": "Filter_Option11",
    "type": "text_replacement",
    "value": "\"AFPO\".\"PROD_STEP\""
  },
  {
    "name": "Dropdown_ProcessDimension_Text",
    "type": "text_replacement",
    "value": "Status & Milestones"
  },
  {
    "name": "Dropdown_ProcessDimension",
    "type": "text_replacement",
    "value": "CASE\nWHEN \"_CEL_PP_ACTIVITIES\".\"PROCESS\" LIKE '%GENERAL%' THEN \"_CEL_PP_ACTIVITIES\".\"ACTIVITY_EN\"\nELSE NULL\nEND"
  },
  {
    "name": "Dropdown_Option01_Text",
    "type": "text_replacement",
    "value": "Plant"
  },
  {
    "name": "Dropdown_Option01",
    "type": "text_replacement",
    "value": "\"AUFK\".\"WERKS\" || ' - ' || \"AUFK\".\"WERKS_TEXT\""
  },
  {
    "name": "Filter_Option10_Text",
    "type": "text_replacement",
    "value": "Inspection Type"
  },
  {
    "name": "Filter_Option09_Text",
    "type": "text_replacement",
    "value": "Product Hiearchy"
  },
  {
    "name": "Filter_Option08_Text",
    "type": "text_replacement",
    "value": "MRP Controller"
  },
  {
    "name": "Filter_Option07_Text",
    "type": "text_replacement",
    "value": "Production Scheduler"
  },
  {
    "name": "Filter_Option06_Text",
    "type": "text_replacement",
    "value": "Process Order Type"
  },
  {
    "name": "Filter_Option05_Text",
    "type": "text_replacement",
    "value": "Material Group"
  },
  {
    "name": "Filter_Option04_Text",
    "type": "text_replacement",
    "value": "Material Type"
  },
  {
    "name": "Filter_Option10",
    "type": "text_replacement",
    "value": "\"QALS\".\"ART\" || ' - ' || \"QALS\".\"ART_TEXT\""
  },
  {
    "name": "Filter_Option09",
    "type": "text_replacement",
    "value": "\"MARA\".\"PRDHA\" || ' - ' || \"MARA\".\"PRDHA_TEXT\""
  },
  {
    "name": "Filter_Option08",
    "type": "text_replacement",
    "value": "\"MARC\".\"DISPO\" || ' - ' || \"MARC\".\"DISPO_TEXT\""
  },
  {
    "name": "Filter_Option07",
    "type": "text_replacement",
    "value": "\"AFKO\".\"FEVOR\" || ' - ' || \"AFKO\".\"FEVOR_TEXT\""
  },
  {
    "name": "Filter_Option06",
    "type": "text_replacement",
    "value": "\"AUFK\".\"AUART\""
  },
  {
    "name": "Filter_Option05",
    "type": "text_replacement",
    "value": "\"MARA\".\"MATKL\" || ' - '  || \"MARA\".\"MATKL_TEXT\""
  },
  {
    "name": "Filter_Option04",
    "type": "text_replacement",
    "value": "\"MARA\".\"MTART\" || ' - ' || \"MARA\".\"MTART_TEXT\""
  },
  {
    "linkedEntries": [],
    "name": "Currency",
    "type": "text_replacement",
    "value": "DKK"
  },
  {
    "linkedEntries": [
      {
        "available": true,
        "selected": true,
        "value": "A"
      }
    ],
    "linkedFormula": "\"_CEL_PP_ACTIVITIES\".\"USER_TYPE\"",
    "name": "ManualUserType",
    "type": "text_replacement",
    "value": "'A'"
  },
  {
    "linkedEntries": [
      {
        "available": true,
        "selected": true,
        "value": "B"
      },
      {
        "available": true,
        "selected": true,
        "value": "S"
      }
    ],
    "linkedFormula": "\"_CEL_PP_ACTIVITIES\".\"USER_TYPE\"",
    "name": "AutomaticUserType",
    "type": "text_replacement",
    "value": "'B','R'"
  },
  {
    "linkedEntries": [
      {
        "available": true,
        "selected": true,
        "value": "Cancel Goods Issue"
      },
      {
        "available": true,
        "selected": true,
        "value": "Change Delivery Amount"
      },
      {
        "available": true,
        "selected": true,
        "value": "Change Delivery Block"
      },
      {
        "available": true,
        "selected": true,
        "value": "Change Division"
      },
      {
        "available": true,
        "selected": true,
        "value": "Change Material"
      },
      {
        "available": true,
        "selected": true,
        "value": "Change Plant"
      },
      {
        "available": true,
        "selected": true,
        "value": "Change Price"
      },
      {
        "available": true,
        "selected": true,
        "value": "Change Route"
      }
    ],
    "linkedFormula": "\"_CEL_PP_ACTIVITIES\".\"ACTIVITY_EN\"",
    "name": "change_activities",
    "type": "text_replacement",
    "value": "'Cancel Goods Issue','Change Delivery Amount','Change Delivery Block','Change Division','Change Material','Change Plant','Change Price','Change Route'"
  },
  {
    "name": "unit",
    "type": "text_replacement",
    "value": "Hours"
  },
  {
    "name": "Benchmarking_Dimension_Text",
    "type": "text_replacement",
    "value": "#{CompanyCode}"
  },
  {
    "linkedEntries": [
      {
        "available": true,
        "selected": true,
        "value": "0021 - NZJP"
      }
    ],
    "linkedFormula": "<%=Benchmarking_Dimension%>",
    "name": "B2",
    "type": "text_replacement",
    "value": "'0021 - NZJP'"
  },
  {
    "linkedEntries": [
      {
        "available": true,
        "selected": true,
        "value": "0017 - NZAU"
      }
    ],
    "linkedFormula": "<%=Benchmarking_Dimension%>",
    "name": "B1",
    "type": "text_replacement",
    "value": "'0017 - NZAU'"
  },
  {
    "name": "Benchmarking_Dimension",
    "type": "text_replacement",
    "value": "\"VBAK\".\"BUKRS_VF\" || ' - ' || \"VBAK\".\"BUKRS_TEXT\""
  },
  {
    "name": "Filter_Option3",
    "type": "text_replacement",
    "value": "\"MARA\".\"WRKST\""
  },
  {
    "name": "Filter_Option2",
    "type": "text_replacement",
    "value": "\"AFPO\".\"MATNR2\" || ' - ' || \"AFPO\".\"MATNR_TEXT\""
  },
  {
    "name": "Filter_Option1",
    "type": "text_replacement",
    "value": "\"AUFK\".\"WERKS\" || ' - ' || \"AUFK\".\"WERKS_TEXT\""
  },
  {
    "name": "Filter_Option3_Text",
    "type": "text_replacement",
    "value": "Basic Material"
  },
  {
    "name": "Filter_Option2_Text",
    "type": "text_replacement",
    "value": "Material"
  },
  {
    "name": "Filter_Option1_Text",
    "type": "text_replacement",
    "value": "Plant"
  },
  {
    "name": "Company_Color2",
    "type": "text_replacement",
    "value": "C5DA00"
  },
  {
    "name": "Company_Color1",
    "type": "text_replacement",
    "value": "2D0028"
  },
  {
    "linkedEntries": null,
    "name": "currency_symbol",
    "type": "text_replacement",
    "value": "\u20ac"
  }
]