[
  {
    "description": "",
    "id": "23134109-f328-4626-a324-4c6b4a4f2a20",
    "name": "Daily",
    "parameterCount": 1,
    "parameters": [
      {
        "name": "date",
        "prefillWithColumn": null,
        "type": {
          "format": "tableAndColumn",
          "id": 1,
          "name": "Column",
          "type": "literal"
        }
      }
    ],
    "template": "YEAR({p1}) ||'-' || RIGHT('0'||MONTH({p1}),2) ||'-'|| RIGHT('0'||DAY({p1}),2)"
  },
  {
    "description": "",
    "id": "d73a9b05-4f43-475f-bc02-a12b78dc4e82",
    "name": "Weekly",
    "parameterCount": 1,
    "parameters": [
      {
        "name": "date",
        "prefillWithColumn": null,
        "type": {
          "format": "tableAndColumn",
          "id": 1,
          "name": "Column",
          "type": "literal"
        }
      }
    ],
    "template": "'CW '|| RIGHT(YEAR({p1}) || '/',3)|| RIGHT('0' || CALENDAR_WEEK({p1}),2)"
  },
  {
    "description": "",
    "id": "c93f082a-ba96-4d7d-bc6e-15b38a69a282",
    "name": "Monthly",
    "parameterCount": 1,
    "parameters": [
      {
        "name": "date",
        "prefillWithColumn": null,
        "type": {
          "format": "tableAndColumn",
          "id": 1,
          "name": "Column",
          "type": "literal"
        }
      }
    ],
    "template": "YEAR({p1}) || '-' || RIGHT('0' || MONTH({p1}),2)"
  },
  {
    "description": "",
    "id": "e5b08873-a83a-47c7-acbb-484bd4d647b0",
    "name": "int_kpi_delta_schedule",
    "parameterCount": 1,
    "parameters": [
      {
        "name": "activity",
        "prefillWithColumn": null,
        "type": {
          "format": "activityName",
          "id": 3,
          "name": "Activity name",
          "type": "literal"
        }
      }
    ],
    "template": "DAYS_BETWEEN(TO_TIMESTAMP(PU_FIRST(\"AFPO\",\"_CEL_PP_ACTIVITIES\".\"CHANGED_FROM\", \"_CEL_PP_ACTIVITIES\".\"ACTIVITY_EN\" = {p1}), 'YYYYMMDD'), TO_TIMESTAMP(PU_LAST(\"AFPO\",\"_CEL_PP_ACTIVITIES\".\"CHANGED_TO\", \"_CEL_PP_ACTIVITIES\".\"ACTIVITY_EN\" = {p1}), 'YYYYMMDD'))"
  },
  {
    "description": "",
    "id": "23f5eff4-8915-45e9-805f-45a6da3ae167",
    "name": "Lead Time Scheduled",
    "parameterCount": 1,
    "parameters": [
      {
        "name": "unit",
        "prefillWithColumn": null,
        "prefillWithVariable": null,
        "type": {
          "format": "variable",
          "id": 9,
          "name": "Variable",
          "type": "literal"
        }
      }
    ],
    "template": "{p1}_BETWEEN(\nADD_SECONDS(\"AFKO\".\"GLTRS\", REMAP_TIMESTAMPS(\"AFKO\".\"GLUZS\", SECONDS)),\nPU_LAST(\"AFKO\", ADD_SECONDS(\"QALS\".\"PAENDTERM\", REMAP_TIMESTAMPS(\"QALS\".\"PAENDZEIT\", SECONDS)))\n)"
  },
  {
    "description": "",
    "id": "73459a17-9fa0-4be0-a5f7-ef5cfb4f80a9",
    "name": "Lead Time",
    "parameterCount": 5,
    "parameters": [
      {
        "name": "unit",
        "prefillWithColumn": null,
        "prefillWithVariable": null,
        "type": {
          "format": "variable",
          "id": 9,
          "name": "Variable",
          "type": "literal"
        }
      },
      {
        "name": "from",
        "prefillWithColumn": null,
        "prefillWithVariable": null,
        "type": {
          "format": "variable",
          "id": 9,
          "name": "Variable",
          "type": "literal"
        }
      },
      {
        "name": "to",
        "prefillWithColumn": null,
        "prefillWithVariable": null,
        "type": {
          "format": "variable",
          "id": 9,
          "name": "Variable",
          "type": "literal"
        }
      },
      {
        "name": "from_occ",
        "prefillWithColumn": null,
        "prefillWithVariable": null,
        "type": {
          "format": "variable",
          "id": 9,
          "name": "Variable",
          "type": "literal"
        }
      },
      {
        "name": "to_occ",
        "prefillWithColumn": null,
        "prefillWithVariable": null,
        "type": {
          "format": "variable",
          "id": 9,
          "name": "Variable",
          "type": "literal"
        }
      }
    ],
    "template": "{p1}_BETWEEN(\nPU_{p4}(\"AFPO\", \"_CEL_PP_ACTIVITIES\".\"EVENTTIME\", \"_CEL_PP_ACTIVITIES\".\"ACTIVITY_EN\" = {p2}),\nPU_{p5}(\"AFPO\", \"_CEL_PP_ACTIVITIES\".\"EVENTTIME\", \"_CEL_PP_ACTIVITIES\".\"ACTIVITY_EN\" = {p3})\t\n)"
  },
  {
    "description": "Automation Rate for Usage Decision",
    "id": "9a53fd2f-7bda-4efe-8a55-7474e27af60e",
    "name": "Automation Rate_1",
    "parameterCount": 0,
    "parameters": [],
    "template": "SUM(PU_COUNT(\"AFPO\", \"_CEL_PP_ACTIVITIES\".\"ACTIVITY_EN\"\n    , \"_CEL_PP_ACTIVITIES\".\"ACTIVITY_EN\" = 'Make Usage Decision' AND \"_CEL_PP_ACTIVITIES\".\"USER_TYPE\" IN (<%= AutomaticUserType %>)))\n/\nSUM(PU_COUNT(\"AFPO\", \"_CEL_PP_ACTIVITIES\".\"ACTIVITY_EN\"\n    , \"_CEL_PP_ACTIVITIES\".\"ACTIVITY_EN\" = 'Make Usage Decision'))\n"
  },
  {
    "description": "Automation Rate for Usage Decision",
    "id": "f31b381b-3bad-4eaf-a6b4-e6db6e9a9886",
    "name": "Automation Rate",
    "parameterCount": 2,
    "parameters": [
      {
        "name": "UD occurence",
        "prefillWithColumn": null,
        "prefillWithVariable": "To_Occ",
        "type": {
          "format": "variable",
          "id": 9,
          "name": "Variable",
          "type": "literal"
        }
      },
      {
        "name": "automated user types",
        "prefillWithColumn": null,
        "prefillWithVariable": "AutomaticUserType",
        "type": {
          "format": "variable",
          "id": 9,
          "name": "Variable",
          "type": "literal"
        }
      }
    ],
    "template": "SUM(\nCASE\nWHEN PU_COUNT(\"AFPO\", \"_CEL_PP_ACTIVITIES\".\"ACTIVITY_EN\", PU_{p1}(\"AFPO\", \"_CEL_PP_ACTIVITIES\".\"USER_TYPE\", \"_CEL_PP_ACTIVITIES\".\"ACTIVITY_EN\" = 'Make Usage Decision') IN ({p2})) > 0 THEN 1\nELSE 0\nEND\n)\n/\nSUM(CASE\nWHEN PU_COUNT(\"AFPO\", \"_CEL_PP_ACTIVITIES\".\"ACTIVITY_EN\", \"_CEL_PP_ACTIVITIES\".\"ACTIVITY_EN\" = 'Make Usage Decision') > 0 THEN 1\nELSE 0\nEND)\n\n"
  },
  {
    "description": "",
    "id": "7afb42e4-086b-4755-a923-73d07bef5135",
    "name": "flo_kpi_schedule_adherence_last",
    "parameterCount": 5,
    "parameters": [
      {
        "name": "activity_change",
        "prefillWithColumn": null,
        "type": {
          "format": "activityName",
          "id": 3,
          "name": "Activity name",
          "type": "literal"
        }
      },
      {
        "name": "activity_actual",
        "prefillWithColumn": null,
        "type": {
          "format": "activityName",
          "id": 3,
          "name": "Activity name",
          "type": "literal"
        }
      },
      {
        "name": "activity_planned",
        "prefillWithColumn": null,
        "type": {
          "format": "activityName",
          "id": 3,
          "name": "Activity name",
          "type": "literal"
        }
      },
      {
        "name": "tolerance_before",
        "prefillWithColumn": null,
        "type": {
          "format": "integer",
          "id": 5,
          "name": "Integer",
          "type": "literal"
        }
      },
      {
        "name": "tolerance_after",
        "prefillWithColumn": null,
        "type": {
          "format": "integer",
          "id": 5,
          "name": "Integer",
          "type": "literal"
        }
      }
    ],
    "template": "AVG(\r\nCASE\r\n     WHEN ISNULL(PU_LAST(\"AFPO\", \"_CEL_PP_ACTIVITIES\".\"EVENTTIME\", \"_CEL_PP_ACTIVITIES\".\"ACTIVITY_EN\" = {p1})) = 1 THEN \r\n         CASE \r\n            WHEN (REMAP_TIMESTAMPS(PU_LAST(\"AFPO\", \"_CEL_PP_ACTIVITIES\".\"EVENTTIME\", \"_CEL_PP_ACTIVITIES\".\"ACTIVITY_EN\" = {p3},DAYS)- \r\n                 REMAP_TIMESTAMPS(PU_LAST(\"AFPO\", \"_CEL_PP_ACTIVITIES\".\"EVENTTIME\", \"_CEL_PP_ACTIVITIES\".\"ACTIVITY_EN\" = {p2}),DAYS)))<=({p4}+0) \r\n            AND  (REMAP_TIMESTAMPS(PU_LAST(\"AFPO\", \"_CEL_PP_ACTIVITIES\".\"EVENTTIME\", \"_CEL_PP_ACTIVITIES\".\"ACTIVITY_EN\" = {p3}),DAYS)- \r\n                 REMAP_TIMESTAMPS(PU_LAST(\"AFPO\", \"_CEL_PP_ACTIVITIES\".\"EVENTTIME\", \"_CEL_PP_ACTIVITIES\".\"ACTIVITY_EN\" = {p2}),DAYS)) >= ({p5}+0)*(-1.0)\r\n            THEN 1.0\r\n            ELSE 0.0\r\n         END\r\n     ELSE\r\n         CASE \r\n            WHEN (REMAP_TIMESTAMPS(TO_TIMESTAMP(PU_LAST(\"AFPO\", \"_CEL_PP_ACTIVITIES\".\"EVENTTIME\", \"_CEL_PP_ACTIVITIES\".\"ACTIVITY_EN\" = {p1}), 'YYYYMMDD') ,DAYS) - \r\n                 REMAP_TIMESTAMPS(PU_LAST(\"AFPO\", \"_CEL_PP_ACTIVITIES\".\"EVENTTIME\", \"_CEL_PP_ACTIVITIES\".\"ACTIVITY_EN\" = {p2}),DAYS))<=({p4}+0) \r\n            AND  (REMAP_TIMESTAMPS(TO_TIMESTAMP(PU_LAST(\"AFPO\", \"_CEL_PP_ACTIVITIES\".\"EVENTTIME\", \"_CEL_PP_ACTIVITIES\".\"ACTIVITY_EN\" = {p1}), 'YYYYMMDD') ,DAYS)-\r\n                 REMAP_TIMESTAMPS(PU_LAST(\"AFPO\", \"_CEL_PP_ACTIVITIES\".\"EVENTTIME\", \"_CEL_PP_ACTIVITIES\".\"ACTIVITY_EN\" = {p2}),DAYS)) >= ({p5}+0)*(-1.0)\r\n            THEN 1.0\r\n            ELSE 0.0\r\n         END\r\n     END\r\n)"
  }
]